{
  "features": [
    {
      "geometry": {
        "coordinates": [
          [
            [
              [
                -0.61759437,
                48.69084321
              ],
              [
                -0.61780174,
                48.69056392
              ],
              [
                -0.61782909,
                48.69052689
              ],
              [
                -0.61792587,
                48.69039844
              ],
              [
                -0.6182152,
                48.68999483
              ],
              [
                -0.61854611,
                48.68991681
              ],
              [
                -0.6186339,
                48.68989613
              ],
              [
                -0.61867916,
                48.68983488
              ],
              [
                -0.61876012,
                48.68985718
              ],
              [
                -0.61894249,
                48.68988658
              ],
              [
                -0.6191263,
                48.68990729
              ],
              [
                -0.61932562,
                48.68996148
              ],
              [
                -0.61897239,
                48.69047129
              ],
              [
                -0.61863905,
                48.69096799
              ],
              [
                -0.61851363,
                48.69110884
              ],
              [
                -0.61845103,
                48.69107688
              ],
              [
                -0.61827546,
                48.69102
              ],
              [
                -0.61823488,
                48.69105652
              ],
              [
                -0.61818979,
                48.69111633
              ],
              [
                -0.61817553,
                48.69115395
              ],
              [
                -0.61794572,
                48.69150595
              ],
              [
                -0.61726929,
                48.69129436
              ],
              [
                -0.61759437,
                48.69084321
              ]
            ]
          ]
        ],
        "type": "MultiPolygon"
      },
      "properties": {
        "cadastre_concordant": false,
        "commune": "61376",
        "idu": "613760000B0848",
        "reference": "IA00061008",
        "statut": "candidate_non_verifiee"
      },
      "type": "Feature"
    },
    {
      "geometry": {
        "coordinates": [
          [
            [
              [
                -0.55006105,
                48.59851532
              ],
              [
                -0.55005478,
                48.59852082
              ],
              [
                -0.54986982,
                48.59868211
              ],
              [
                -0.54978213,
                48.5987583
              ],
              [
                -0.54972135,
                48.59884493
              ],
              [
                -0.54954345,
                48.59902609
              ],
              [
                -0.54896567,
                48.59866173
              ],
              [
                -0.54889728,
                48.59870825
              ],
              [
                -0.55032469,
                48.59957005
              ],
              [
                -0.55029666,
                48.59959304
              ],
              [
                -0.55035697,
                48.59963554
              ],
              [
                -0.55037688,
                48.59966493
              ],
              [
                -0.55037026,
                48.59968737
              ],
              [
                -0.55022614,
                48.59981233
              ],
              [
                -0.55011252,
                48.59988847
              ],
              [
                -0.54918311,
                48.60034481
              ],
              [
                -0.54911489,
                48.60030965
              ],
              [
                -0.5490711,
                48.60032059
              ],
              [
                -0.54842698,
                48.59991886
              ],
              [
                -0.54783254,
                48.59961918
              ],
              [
                -0.54770376,
                48.59951182
              ],
              [
                -0.5476732,
                48.59946546
              ],
              [
                -0.54805274,
                48.59902644
              ],
              [
                -0.54810486,
                48.59881598
              ],
              [
                -0.54779015,
                48.5986813
              ],
              [
                -0.54776667,
                48.59867138
              ],
              [
                -0.54741699,
                48.59852351
              ],
              [
                -0.54747866,
                48.59842992
              ],
              [
                -0.54771937,
                48.59855042
              ],
              [
                -0.54815671,
                48.59871575
              ],
              [
                -0.54816951,
                48.59870231
              ],
              [
                -0.54800395,
                48.59864107
              ],
              [
                -0.54780424,
                48.59855284
              ],
              [
                -0.54749113,
                48.59838767
              ],
              [
                -0.5469673,
                48.5981238
              ],
              [
                -0.54677337,
                48.5980326
              ],
              [
                -0.54606377,
                48.59773167
              ],
              [
                -0.54656551,
                48.59735511
              ],
              [
                -0.54682778,
                48.59713271
              ],
              [
                -0.54710381,
                48.59681501
              ],
              [
                -0.54713187,
                48.59676231
              ],
              [
                -0.54721453,
                48.59671608
              ],
              [
                -0.54731146,
                48.59661801
              ],
              [
                -0.54740396,
                48.5966429
              ],
              [
                -0.5475036,
                48.59668495
              ],
              [
                -0.5479154,
                48.59680818
              ],
              [
                -0.54802216,
                48.59703533
              ],
              [
                -0.54790378,
                48.59709739
              ],
              [
                -0.54794877,
                48.59716025
              ],
              [
                -0.54812565,
                48.59720432
              ],
              [
                -0.54824107,
                48.59728479
              ],
              [
                -0.54833175,
                48.59738492
              ],
              [
                -0.54849054,
                48.59762456
              ],
              [
                -0.54860215,
                48.59763293
              ],
              [
                -0.54865163,
                48.59769008
              ],
              [
                -0.54905544,
                48.59787144
              ],
              [
                -0.54914562,
                48.59793412
              ],
              [
                -0.54917441,
                48.59802034
              ],
              [
                -0.54924396,
                48.59807499
              ],
              [
                -0.54926026,
                48.59817121
              ],
              [
                -0.5495977,
                48.59831683
              ],
              [
                -0.54994017,
                48.59845635
              ],
              [
                -0.54957849,
                48.5984259
              ],
              [
                -0.5492108,
                48.59850692
              ],
              [
                -0.54888818,
                48.59860407
              ],
              [
                -0.54891692,
                48.5986214
              ],
              [
                -0.54925124,
                48.59852066
              ],
              [
                -0.54959004,
                48.59843807
              ],
              [
                -0.55001245,
                48.59848517
              ],
              [
                -0.55006105,
                48.59851532
              ]
            ]
          ]
        ],
        "type": "MultiPolygon"
      },
      "properties": {
        "cadastre_concordant": false,
        "commune": "61091",
        "idu": "61091000ZN0200",
        "reference": "IA00060965",
        "statut": "candidate_non_verifiee"
      },
      "type": "Feature"
    },
    {
      "geometry": {
        "coordinates": [
          [
            [
              [
                -0.29605294,
                48.78506881
              ],
              [
                -0.29607995,
                48.78510398
              ],
              [
                -0.29616031,
                48.78522023
              ],
              [
                -0.29624989,
                48.78529256
              ],
              [
                -0.29636156,
                48.78535024
              ],
              [
                -0.29646225,
                48.78537644
              ],
              [
                -0.29667797,
                48.78539722
              ],
              [
                -0.29678679,
                48.78541627
              ],
              [
                -0.29691036,
                48.78545742
              ],
              [
                -0.29714799,
                48.78552098
              ],
              [
                -0.29759315,
                48.78553579
              ],
              [
                -0.29756201,
                48.78593515
              ],
              [
                -0.29757146,
                48.7860114
              ],
              [
                -0.29760488,
                48.78612417
              ],
              [
                -0.29766464,
                48.78626988
              ],
              [
                -0.29780484,
                48.78647061
              ],
              [
                -0.29783242,
                48.78653412
              ],
              [
                -0.29780337,
                48.78661756
              ],
              [
                -0.29780528,
                48.78668871
              ],
              [
                -0.29781483,
                48.78700134
              ],
              [
                -0.29779137,
                48.78711712
              ],
              [
                -0.29775667,
                48.78720179
              ],
              [
                -0.29770196,
                48.78731249
              ],
              [
                -0.29762108,
                48.78739061
              ],
              [
                -0.29750682,
                48.78747739
              ],
              [
                -0.29694779,
                48.78784866
              ],
              [
                -0.29677769,
                48.7879377
              ],
              [
                -0.29673126,
                48.78796823
              ],
              [
                -0.2966756,
                48.78793259
              ],
              [
                -0.29672119,
                48.78790172
              ],
              [
                -0.29671139,
                48.78789542
              ],
              [
                -0.2966658,
                48.78792629
              ],
              [
                -0.2966127,
                48.7878922
              ],
              [
                -0.29665842,
                48.78786123
              ],
              [
                -0.29664862,
                48.78785493
              ],
              [
                -0.2966029,
                48.7878859
              ],
              [
                -0.29654696,
                48.78785
              ],
              [
                -0.2965924,
                48.78781895
              ],
              [
                -0.29658261,
                48.78781274
              ],
              [
                -0.29653702,
                48.7878437
              ],
              [
                -0.29648604,
                48.7878109
              ],
              [
                -0.2965315,
                48.78778003
              ],
              [
                -0.2965217,
                48.78777373
              ],
              [
                -0.29647625,
                48.78780469
              ],
              [
                -0.29642329,
                48.78777069
              ],
              [
                -0.29646888,
                48.78773972
              ],
              [
                -0.29645895,
                48.78773352
              ],
              [
                -0.29641349,
                48.78776439
              ],
              [
                -0.29636082,
                48.78773064
              ],
              [
                -0.2964064,
                48.78769968
              ],
              [
                -0.29639675,
                48.78769347
              ],
              [
                -0.29635102,
                48.78772434
              ],
              [
                -0.29630018,
                48.78769163
              ],
              [
                -0.29634563,
                48.78766058
              ],
              [
                -0.29633583,
                48.78765437
              ],
              [
                -0.29629038,
                48.78768533
              ],
              [
                -0.29623771,
                48.78765159
              ],
              [
                -0.29628316,
                48.78762063
              ],
              [
                -0.2962735,
                48.78761432
              ],
              [
                -0.29622791,
                48.78764529
              ],
              [
                -0.29617552,
                48.78761172
              ],
              [
                -0.29622111,
                48.78758075
              ],
              [
                -0.29621118,
                48.78757455
              ],
              [
                -0.29616573,
                48.78760542
              ],
              [
                -0.2961149,
                48.78757288
              ],
              [
                -0.29616049,
                48.78754192
              ],
              [
                -0.29615083,
                48.7875357
              ],
              [
                -0.2961051,
                48.78756658
              ],
              [
                -0.29605313,
                48.78753318
              ],
              [
                -0.29609858,
                48.78750213
              ],
              [
                -0.29608878,
                48.78749592
              ],
              [
                -0.29604333,
                48.78752688
              ],
              [
                -0.29598966,
                48.78749244
              ],
              [
                -0.29603511,
                48.78746139
              ],
              [
                -0.29602532,
                48.78745518
              ],
              [
                -0.29597987,
                48.78748614
              ],
              [
                -0.29592392,
                48.78745024
              ],
              [
                -0.29596951,
                48.78741928
              ],
              [
                -0.29595958,
                48.78741298
              ],
              [
                -0.29591413,
                48.78744403
              ],
              [
                -0.29586571,
                48.78741296
              ],
              [
                -0.2959113,
                48.787382
              ],
              [
                -0.2959015,
                48.7873757
              ],
              [
                -0.29585592,
                48.78740666
              ],
              [
                -0.29571321,
                48.78731491
              ],
              [
                -0.2956961,
                48.78732654
              ],
              [
                -0.29563911,
                48.78746809
              ],
              [
                -0.29553057,
                48.78754625
              ],
              [
                -0.29543421,
                48.78756052
              ],
              [
                -0.29510251,
                48.78755851
              ],
              [
                -0.29490427,
                48.78754724
              ],
              [
                -0.29474953,
                48.78751739
              ],
              [
                -0.29444109,
                48.78744587
              ],
              [
                -0.29418772,
                48.78737482
              ],
              [
                -0.29377227,
                48.78722452
              ],
              [
                -0.29356541,
                48.78712419
              ],
              [
                -0.29317297,
                48.78693697
              ],
              [
                -0.29282131,
                48.7867417
              ],
              [
                -0.29253299,
                48.78662192
              ],
              [
                -0.29219782,
                48.7865154
              ],
              [
                -0.29190152,
                48.78641591
              ],
              [
                -0.29213954,
                48.7864639
              ],
              [
                -0.2925991,
                48.78647373
              ],
              [
                -0.29287968,
                48.78658311
              ],
              [
                -0.29294155,
                48.78641739
              ],
              [
                -0.29303311,
                48.78616102
              ],
              [
                -0.29323607,
                48.78563657
              ],
              [
                -0.29330085,
                48.78546961
              ],
              [
                -0.29350623,
                48.78550769
              ],
              [
                -0.29359678,
                48.7855114
              ],
              [
                -0.29365832,
                48.78547424
              ],
              [
                -0.29368306,
                48.78547122
              ],
              [
                -0.29374484,
                48.78546375
              ],
              [
                -0.29376745,
                48.78545296
              ],
              [
                -0.29380924,
                48.78542444
              ],
              [
                -0.29383639,
                48.78537337
              ],
              [
                -0.29383868,
                48.78524783
              ],
              [
                -0.29386275,
                48.78511349
              ],
              [
                -0.29384537,
                48.78503457
              ],
              [
                -0.29385343,
                48.78479995
              ],
              [
                -0.29385887,
                48.78446755
              ],
              [
                -0.29395654,
                48.7842886
              ],
              [
                -0.29402962,
                48.78415607
              ],
              [
                -0.29406075,
                48.78416367
              ],
              [
                -0.29438732,
                48.78424648
              ],
              [
                -0.29478241,
                48.78443712
              ],
              [
                -0.29506428,
                48.78455402
              ],
              [
                -0.29539258,
                48.78469223
              ],
              [
                -0.29562856,
                48.78481147
              ],
              [
                -0.29593208,
                48.78498213
              ],
              [
                -0.29601686,
                48.78503902
              ],
              [
                -0.29605294,
                48.78506881
              ]
            ]
          ]
        ],
        "type": "MultiPolygon"
      },
      "properties": {
        "cadastre_concordant": false,
        "commune": "61339",
        "idu": "613393640B0022",
        "reference": "IA00060938",
        "statut": "candidate_non_verifiee"
      },
      "type": "Feature"
    },
    {
      "geometry": {
        "coordinates": [
          [
            [
              [
                -0.26110473,
                48.77971488
              ],
              [
                -0.26117811,
                48.77971882
              ],
              [
                -0.26117026,
                48.77976098
              ],
              [
                -0.26111366,
                48.77976406
              ],
              [
                -0.26110473,
                48.77971488
              ]
            ]
          ]
        ],
        "type": "MultiPolygon"
      },
      "properties": {
        "cadastre_concordant": true,
        "commune": "61339",
        "idu": "613393540B0032",
        "reference": "IA00061003",
        "statut": "candidate_non_verifiee"
      },
      "type": "Feature"
    },
    {
      "geometry": {
        "coordinates": [
          [
            [
              [
                -0.19498349,
                48.63005103
              ],
              [
                -0.19476075,
                48.63102259
              ],
              [
                -0.19474605,
                48.63163146
              ],
              [
                -0.19356762,
                48.63243052
              ],
              [
                -0.19323417,
                48.6321386
              ],
              [
                -0.19315034,
                48.63203571
              ],
              [
                -0.19313927,
                48.63198568
              ],
              [
                -0.19308397,
                48.63187409
              ],
              [
                -0.19303296,
                48.63176158
              ],
              [
                -0.19297718,
                48.63162426
              ],
              [
                -0.19292587,
                48.63132865
              ],
              [
                -0.19289424,
                48.63097067
              ],
              [
                -0.19286003,
                48.63077506
              ],
              [
                -0.19291021,
                48.63076949
              ],
              [
                -0.19284745,
                48.63043997
              ],
              [
                -0.19275464,
                48.63008975
              ],
              [
                -0.19262121,
                48.62968814
              ],
              [
                -0.1922781,
                48.6289929
              ],
              [
                -0.19226189,
                48.62892519
              ],
              [
                -0.1922163,
                48.62873223
              ],
              [
                -0.19276779,
                48.62879207
              ],
              [
                -0.1935683,
                48.6289267
              ],
              [
                -0.19393584,
                48.6290075
              ],
              [
                -0.19393334,
                48.62902665
              ],
              [
                -0.19407402,
                48.62904862
              ],
              [
                -0.19408306,
                48.62903875
              ],
              [
                -0.19456627,
                48.62911671
              ],
              [
                -0.1942362,
                48.63002553
              ],
              [
                -0.19498349,
                48.63005103
              ]
            ]
          ]
        ],
        "type": "MultiPolygon"
      },
      "properties": {
        "cadastre_concordant": false,
        "commune": "61344",
        "idu": "61344000ZR0033",
        "reference": "IA00060901",
        "statut": "candidate_non_verifiee"
      },
      "type": "Feature"
    },
    {
      "geometry": {
        "coordinates": [
          [
            [
              [
                -0.52576592,
                48.82662524
              ],
              [
                -0.5257909,
                48.82660155
              ],
              [
                -0.5258026,
                48.82660913
              ],
              [
                -0.52586067,
                48.82657068
              ],
              [
                -0.52589969,
                48.82654487
              ],
              [
                -0.52611229,
                48.82640437
              ],
              [
                -0.52613535,
                48.82642079
              ],
              [
                -0.52616117,
                48.82640338
              ],
              [
                -0.52613969,
                48.82638618
              ],
              [
                -0.52619711,
                48.82634821
              ],
              [
                -0.52626955,
                48.82639118
              ],
              [
                -0.52643215,
                48.82628348
              ],
              [
                -0.52646141,
                48.8263008
              ],
              [
                -0.52650845,
                48.82626863
              ],
              [
                -0.52666095,
                48.82634812
              ],
              [
                -0.52649606,
                48.8264683
              ],
              [
                -0.52643768,
                48.82653845
              ],
              [
                -0.52646652,
                48.82655155
              ],
              [
                -0.52650522,
                48.82651899
              ],
              [
                -0.52651899,
                48.82651489
              ],
              [
                -0.52653748,
                48.82651417
              ],
              [
                -0.52660271,
                48.82656743
              ],
              [
                -0.52662973,
                48.82655357
              ],
              [
                -0.52657769,
                48.82650182
              ],
              [
                -0.52657387,
                48.82648978
              ],
              [
                -0.52657635,
                48.82646999
              ],
              [
                -0.52658349,
                48.82645258
              ],
              [
                -0.52668855,
                48.82637107
              ],
              [
                -0.52692246,
                48.82644069
              ],
              [
                -0.52695443,
                48.82647386
              ],
              [
                -0.52686492,
                48.82651125
              ],
              [
                -0.52699626,
                48.82664269
              ],
              [
                -0.52708027,
                48.82660672
              ],
              [
                -0.52704266,
                48.82656074
              ],
              [
                -0.527173,
                48.8264982
              ],
              [
                -0.5271639,
                48.82648866
              ],
              [
                -0.52722793,
                48.82645769
              ],
              [
                -0.52716514,
                48.82639022
              ],
              [
                -0.52726416,
                48.82635444
              ],
              [
                -0.52729414,
                48.82645078
              ],
              [
                -0.5272396,
                48.82652324
              ],
              [
                -0.52713904,
                48.82659877
              ],
              [
                -0.52701702,
                48.82666539
              ],
              [
                -0.5268332,
                48.82674751
              ],
              [
                -0.52654506,
                48.82693832
              ],
              [
                -0.5263359,
                48.82705918
              ],
              [
                -0.52617657,
                48.82714265
              ],
              [
                -0.52599615,
                48.82721063
              ],
              [
                -0.52592661,
                48.8271764
              ],
              [
                -0.52589207,
                48.82715969
              ],
              [
                -0.52560271,
                48.8270141
              ],
              [
                -0.52557628,
                48.82699832
              ],
              [
                -0.52561681,
                48.82696453
              ],
              [
                -0.52559237,
                48.82694995
              ],
              [
                -0.52558397,
                48.82690843
              ],
              [
                -0.52551834,
                48.82687552
              ],
              [
                -0.52575331,
                48.82666865
              ],
              [
                -0.52581856,
                48.82669796
              ],
              [
                -0.52584995,
                48.82666616
              ],
              [
                -0.52576592,
                48.82662524
              ]
            ],
            [
              [
                -0.5262138,
                48.82662508
              ],
              [
                -0.52626299,
                48.82659635
              ],
              [
                -0.5261582,
                48.82649655
              ],
              [
                -0.52609872,
                48.82652621
              ],
              [
                -0.52606893,
                48.826499
              ],
              [
                -0.52601393,
                48.82652646
              ],
              [
                -0.52615715,
                48.82665421
              ],
              [
                -0.52614546,
                48.82666086
              ],
              [
                -0.52619713,
                48.82670705
              ],
              [
                -0.52626342,
                48.82667124
              ],
              [
                -0.5262138,
                48.82662508
              ]
            ],
            [
              [
                -0.52658751,
                48.82686054
              ],
              [
                -0.52656621,
                48.82687621
              ],
              [
                -0.5265849,
                48.82689042
              ],
              [
                -0.52660713,
                48.82687437
              ],
              [
                -0.52658751,
                48.82686054
              ]
            ]
          ]
        ],
        "type": "MultiPolygon"
      },
      "properties": {
        "cadastre_concordant": false,
        "commune": "61007",
        "idu": "610070000A0874",
        "reference": "IA00061119",
        "statut": "candidate_non_verifiee"
      },
      "type": "Feature"
    },
    {
      "geometry": {
        "coordinates": [
          [
            [
              [
                -0.5751393,
                48.76778402
              ],
              [
                -0.57511183,
                48.76784229
              ],
              [
                -0.57510278,
                48.76786137
              ],
              [
                -0.57505429,
                48.76796456
              ],
              [
                -0.57498405,
                48.76798107
              ],
              [
                -0.57485846,
                48.76800257
              ],
              [
                -0.57484049,
                48.76800473
              ],
              [
                -0.57470569,
                48.76802119
              ],
              [
                -0.57460761,
                48.76803871
              ],
              [
                -0.57459752,
                48.76804054
              ],
              [
                -0.57451763,
                48.76784063
              ],
              [
                -0.5745062,
                48.76779119
              ],
              [
                -0.57450084,
                48.76776866
              ],
              [
                -0.5743968,
                48.76759784
              ],
              [
                -0.57434362,
                48.76750751
              ],
              [
                -0.57431109,
                48.76746409
              ],
              [
                -0.57429939,
                48.76744842
              ],
              [
                -0.5742685,
                48.76740703
              ],
              [
                -0.57422045,
                48.76729215
              ],
              [
                -0.57434047,
                48.76723102
              ],
              [
                -0.57439255,
                48.767202
              ],
              [
                -0.57442661,
                48.76717632
              ],
              [
                -0.57445429,
                48.76713506
              ],
              [
                -0.57445555,
                48.76713349
              ],
              [
                -0.57445665,
                48.76713166
              ],
              [
                -0.57446685,
                48.76711749
              ],
              [
                -0.57447124,
                48.76707225
              ],
              [
                -0.57442042,
                48.76699248
              ],
              [
                -0.574455,
                48.76692077
              ],
              [
                -0.57450128,
                48.76682503
              ],
              [
                -0.5751393,
                48.76778402
              ]
            ]
          ]
        ],
        "type": "MultiPolygon"
      },
      "properties": {
        "cadastre_concordant": false,
        "commune": "61391",
        "idu": "61391000AC0181",
        "reference": "IA00060915",
        "statut": "candidate_non_verifiee"
      },
      "type": "Feature"
    },
    {
      "geometry": {
        "coordinates": [
          [
            [
              [
                -0.51258027,
                48.84773754
              ],
              [
                -0.51254001,
                48.84775745
              ],
              [
                -0.51248719,
                48.84778934
              ],
              [
                -0.51241242,
                48.84784573
              ],
              [
                -0.51234768,
                48.84789903
              ],
              [
                -0.51230081,
                48.84794632
              ],
              [
                -0.51224084,
                48.84801164
              ],
              [
                -0.51218622,
                48.84808364
              ],
              [
                -0.51196885,
                48.84804996
              ],
              [
                -0.51125639,
                48.84761862
              ],
              [
                -0.511231,
                48.84758191
              ],
              [
                -0.51115048,
                48.84763577
              ],
              [
                -0.51099274,
                48.84783116
              ],
              [
                -0.51088842,
                48.84777895
              ],
              [
                -0.5108259,
                48.84774388
              ],
              [
                -0.51078408,
                48.84771837
              ],
              [
                -0.5107812,
                48.84764526
              ],
              [
                -0.51079358,
                48.84753345
              ],
              [
                -0.51079988,
                48.84747313
              ],
              [
                -0.51081376,
                48.84742412
              ],
              [
                -0.51082373,
                48.84739808
              ],
              [
                -0.51084196,
                48.84734875
              ],
              [
                -0.51087878,
                48.84727169
              ],
              [
                -0.51089686,
                48.84725054
              ],
              [
                -0.5109164,
                48.84723287
              ],
              [
                -0.51096879,
                48.84719667
              ],
              [
                -0.51102651,
                48.84715662
              ],
              [
                -0.5110504,
                48.84714062
              ],
              [
                -0.51106477,
                48.84711508
              ],
              [
                -0.51107984,
                48.84709375
              ],
              [
                -0.51113985,
                48.84713826
              ],
              [
                -0.51123192,
                48.84721712
              ],
              [
                -0.51136716,
                48.84732946
              ],
              [
                -0.51139232,
                48.84735671
              ],
              [
                -0.51139224,
                48.84739398
              ],
              [
                -0.5117683,
                48.84751941
              ],
              [
                -0.51188799,
                48.84755479
              ],
              [
                -0.51231711,
                48.84766614
              ],
              [
                -0.51258027,
                48.84773754
              ]
            ]
          ]
        ],
        "type": "MultiPolygon"
      },
      "properties": {
        "cadastre_concordant": false,
        "commune": "61447",
        "idu": "614470000B0396",
        "reference": "IA00061035",
        "statut": "candidate_non_verifiee"
      },
      "type": "Feature"
    },
    {
      "geometry": {
        "coordinates": [
          [
            [
              [
                -0.46840023,
                48.86780069
              ],
              [
                -0.46843256,
                48.86765717
              ],
              [
                -0.46848177,
                48.86749065
              ],
              [
                -0.46851382,
                48.8674105
              ],
              [
                -0.46857035,
                48.86731083
              ],
              [
                -0.46883115,
                48.86693681
              ],
              [
                -0.46902638,
                48.86665173
              ],
              [
                -0.46910134,
                48.86655621
              ],
              [
                -0.46926087,
                48.86636407
              ],
              [
                -0.469424,
                48.8661892
              ],
              [
                -0.46988146,
                48.86571162
              ],
              [
                -0.47013506,
                48.86545905
              ],
              [
                -0.47034438,
                48.8652751
              ],
              [
                -0.47014333,
                48.86548078
              ],
              [
                -0.4701103,
                48.86551342
              ],
              [
                -0.46983152,
                48.86580786
              ],
              [
                -0.469345,
                48.86632238
              ],
              [
                -0.46920164,
                48.86648479
              ],
              [
                -0.46912252,
                48.86658953
              ],
              [
                -0.46902547,
                48.86673628
              ],
              [
                -0.46892707,
                48.86688136
              ],
              [
                -0.46942689,
                48.86708021
              ],
              [
                -0.46941306,
                48.8670979
              ],
              [
                -0.46966008,
                48.8671929
              ],
              [
                -0.47057639,
                48.86609672
              ],
              [
                -0.47087016,
                48.86574685
              ],
              [
                -0.47122294,
                48.86533036
              ],
              [
                -0.47126737,
                48.86535625
              ],
              [
                -0.47119045,
                48.86544886
              ],
              [
                -0.47075225,
                48.86598189
              ],
              [
                -0.47058198,
                48.86618874
              ],
              [
                -0.47139019,
                48.86649016
              ],
              [
                -0.47134287,
                48.86657651
              ],
              [
                -0.47131216,
                48.86660909
              ],
              [
                -0.47123903,
                48.86667683
              ],
              [
                -0.47111276,
                48.86676187
              ],
              [
                -0.4710192,
                48.86683201
              ],
              [
                -0.47074207,
                48.86705511
              ],
              [
                -0.47070319,
                48.8670818
              ],
              [
                -0.47063273,
                48.86712598
              ],
              [
                -0.47046763,
                48.86721196
              ],
              [
                -0.47043603,
                48.8672334
              ],
              [
                -0.47041771,
                48.86725122
              ],
              [
                -0.47030548,
                48.86734638
              ],
              [
                -0.47026524,
                48.86737312
              ],
              [
                -0.47020987,
                48.86739813
              ],
              [
                -0.46995203,
                48.86749923
              ],
              [
                -0.46977481,
                48.8675753
              ],
              [
                -0.46970174,
                48.86761118
              ],
              [
                -0.4695998,
                48.86766616
              ],
              [
                -0.4694204,
                48.86778128
              ],
              [
                -0.46921257,
                48.8679245
              ],
              [
                -0.46907628,
                48.86803944
              ],
              [
                -0.46905123,
                48.86807509
              ],
              [
                -0.46864117,
                48.86790677
              ],
              [
                -0.46851731,
                48.86785401
              ],
              [
                -0.46840023,
                48.86780069
              ]
            ]
          ]
        ],
        "type": "MultiPolygon"
      },
      "properties": {
        "cadastre_concordant": false,
        "commune": "61044",
        "idu": "610440000A0400",
        "reference": "IA00060902",
        "statut": "candidate_non_verifiee"
      },
      "type": "Feature"
    },
    {
      "geometry": {
        "coordinates": [
          [
            [
              [
                -0.42775738,
                48.86496475
              ],
              [
                -0.42750754,
                48.86475722
              ],
              [
                -0.42708596,
                48.86457712
              ],
              [
                -0.42705662,
                48.86456455
              ],
              [
                -0.42719957,
                48.8642697
              ],
              [
                -0.42724674,
                48.8641489
              ],
              [
                -0.42728054,
                48.86410697
              ],
              [
                -0.42737261,
                48.8640631
              ],
              [
                -0.42788245,
                48.86435275
              ],
              [
                -0.42827328,
                48.8642545
              ],
              [
                -0.42830291,
                48.86429632
              ],
              [
                -0.4283227,
                48.86429224
              ],
              [
                -0.42839313,
                48.86438582
              ],
              [
                -0.42845601,
                48.86446845
              ],
              [
                -0.42855663,
                48.86460419
              ],
              [
                -0.42855515,
                48.86462098
              ],
              [
                -0.42843074,
                48.86466487
              ],
              [
                -0.42810478,
                48.86485542
              ],
              [
                -0.42811276,
                48.86486266
              ],
              [
                -0.42812328,
                48.86487523
              ],
              [
                -0.42819788,
                48.8649659
              ],
              [
                -0.42819086,
                48.86497114
              ],
              [
                -0.42816525,
                48.86498016
              ],
              [
                -0.42804134,
                48.86502539
              ],
              [
                -0.42796858,
                48.86505385
              ],
              [
                -0.42786258,
                48.86492762
              ],
              [
                -0.42775738,
                48.86496475
              ]
            ]
          ]
        ],
        "type": "MultiPolygon"
      },
      "properties": {
        "cadastre_concordant": false,
        "commune": "61069",
        "idu": "610690000B0452",
        "reference": "IA00060896",
        "statut": "candidate_non_verifiee"
      },
      "type": "Feature"
    },
    {
      "geometry": {
        "coordinates": [
          [
            [
              [
                0.08731489,
                48.4323107
              ],
              [
                0.08726169,
                48.43232839
              ],
              [
                0.0872083,
                48.43234698
              ],
              [
                0.08723734,
                48.43237965
              ],
              [
                0.08728878,
                48.43243988
              ],
              [
                0.08734288,
                48.4325035
              ],
              [
                0.08722747,
                48.43255261
              ],
              [
                0.08719875,
                48.43256559
              ],
              [
                0.08721293,
                48.43257341
              ],
              [
                0.08731781,
                48.43265071
              ],
              [
                0.08738617,
                48.43269389
              ],
              [
                0.08743853,
                48.43272542
              ],
              [
                0.08735416,
                48.43279294
              ],
              [
                0.08735693,
                48.43279418
              ],
              [
                0.08762009,
                48.43296431
              ],
              [
                0.0874767,
                48.43306666
              ],
              [
                0.08746936,
                48.43307206
              ],
              [
                0.08737989,
                48.43314125
              ],
              [
                0.08766234,
                48.43323191
              ],
              [
                0.08773221,
                48.43315035
              ],
              [
                0.08778743,
                48.43308644
              ],
              [
                0.08783745,
                48.43302843
              ],
              [
                0.08785864,
                48.43299996
              ],
              [
                0.08794122,
                48.43295752
              ],
              [
                0.08805359,
                48.43289978
              ],
              [
                0.08816902,
                48.43284068
              ],
              [
                0.08838153,
                48.4327312
              ],
              [
                0.08845634,
                48.43281163
              ],
              [
                0.08855757,
                48.43292314
              ],
              [
                0.08871212,
                48.43271222
              ],
              [
                0.08885434,
                48.43252612
              ],
              [
                0.08885428,
                48.43248075
              ],
              [
                0.0885571,
                48.43223128
              ],
              [
                0.08842455,
                48.43229429
              ],
              [
                0.08843442,
                48.43230407
              ],
              [
                0.08838844,
                48.43232338
              ],
              [
                0.08840318,
                48.43233815
              ],
              [
                0.08835232,
                48.43235994
              ],
              [
                0.08832861,
                48.43233622
              ],
              [
                0.08831712,
                48.43232397
              ],
              [
                0.08829308,
                48.43229637
              ],
              [
                0.08827248,
                48.43227507
              ],
              [
                0.08824129,
                48.43224721
              ],
              [
                0.08821821,
                48.43222665
              ],
              [
                0.08820196,
                48.4322123
              ],
              [
                0.08818843,
                48.43220018
              ],
              [
                0.08807039,
                48.43226003
              ],
              [
                0.08803119,
                48.43222053
              ],
              [
                0.08801141,
                48.43223085
              ],
              [
                0.0879217,
                48.43226781
              ],
              [
                0.0878364,
                48.43230316
              ],
              [
                0.08781994,
                48.43230978
              ],
              [
                0.08780265,
                48.43231665
              ],
              [
                0.08771731,
                48.43235281
              ],
              [
                0.08766779,
                48.43237491
              ],
              [
                0.08765136,
                48.43238333
              ],
              [
                0.08760779,
                48.43240306
              ],
              [
                0.08757532,
                48.43241775
              ],
              [
                0.08745676,
                48.43247236
              ],
              [
                0.08743388,
                48.43244587
              ],
              [
                0.0874037,
                48.43240948
              ],
              [
                0.08737639,
                48.43237982
              ],
              [
                0.08731489,
                48.4323107
              ]
            ]
          ]
        ],
        "type": "MultiPolygon"
      },
      "properties": {
        "cadastre_concordant": false,
        "commune": "61001",
        "idu": "61001000AI1032",
        "reference": "IA00061002",
        "statut": "candidate_non_verifiee"
      },
      "type": "Feature"
    },
    {
      "geometry": {
        "coordinates": [
          [
            [
              [
                0.09801093,
                48.41782011
              ],
              [
                0.09807711,
                48.41777519
              ],
              [
                0.09812699,
                48.41774139
              ],
              [
                0.09829012,
                48.41763069
              ],
              [
                0.09835927,
                48.4175835
              ],
              [
                0.09845215,
                48.41752275
              ],
              [
                0.09860066,
                48.41742205
              ],
              [
                0.09867203,
                48.41737383
              ],
              [
                0.09861673,
                48.41732701
              ],
              [
                0.09829712,
                48.41706568
              ],
              [
                0.09817297,
                48.41696028
              ],
              [
                0.09807078,
                48.41689089
              ],
              [
                0.09767239,
                48.41661862
              ],
              [
                0.09758613,
                48.41663776
              ],
              [
                0.09718582,
                48.41672843
              ],
              [
                0.09699434,
                48.4167746
              ],
              [
                0.09676916,
                48.41682851
              ],
              [
                0.0967233,
                48.41684107
              ],
              [
                0.09616649,
                48.41693456
              ],
              [
                0.09584837,
                48.41698907
              ],
              [
                0.09566117,
                48.41702131
              ],
              [
                0.09547739,
                48.41705299
              ],
              [
                0.09565419,
                48.41746325
              ],
              [
                0.09585184,
                48.41792938
              ],
              [
                0.09587818,
                48.41792517
              ],
              [
                0.09610517,
                48.41788986
              ],
              [
                0.096294,
                48.41812909
              ],
              [
                0.09636596,
                48.41809223
              ],
              [
                0.0964534,
                48.41804198
              ],
              [
                0.09651807,
                48.41800233
              ],
              [
                0.09676879,
                48.41817402
              ],
              [
                0.09689177,
                48.41825887
              ],
              [
                0.09703537,
                48.41835979
              ],
              [
                0.09709169,
                48.41832444
              ],
              [
                0.09717032,
                48.41837732
              ],
              [
                0.0972757,
                48.41831067
              ],
              [
                0.09719246,
                48.41825066
              ],
              [
                0.09711593,
                48.41819657
              ],
              [
                0.09702864,
                48.41813393
              ],
              [
                0.09674642,
                48.41794742
              ],
              [
                0.09689143,
                48.41785149
              ],
              [
                0.09717008,
                48.41803648
              ],
              [
                0.09717673,
                48.41803124
              ],
              [
                0.09721505,
                48.41805729
              ],
              [
                0.09728503,
                48.41810753
              ],
              [
                0.09734852,
                48.41815302
              ],
              [
                0.09742743,
                48.41821067
              ],
              [
                0.09743726,
                48.41820398
              ],
              [
                0.09749515,
                48.41816471
              ],
              [
                0.09751074,
                48.41815429
              ],
              [
                0.09722555,
                48.41796518
              ],
              [
                0.09697425,
                48.41780392
              ],
              [
                0.09693359,
                48.41777618
              ],
              [
                0.09710201,
                48.41766273
              ],
              [
                0.09734187,
                48.41782048
              ],
              [
                0.09737866,
                48.41784488
              ],
              [
                0.0976496,
                48.4180276
              ],
              [
                0.09767448,
                48.41804477
              ],
              [
                0.09780016,
                48.41796088
              ],
              [
                0.09793522,
                48.41787119
              ],
              [
                0.09795605,
                48.4178564
              ],
              [
                0.09789762,
                48.41781482
              ],
              [
                0.09791555,
                48.41780121
              ],
              [
                0.09795264,
                48.41777862
              ],
              [
                0.09801093,
                48.41782011
              ]
            ]
          ]
        ],
        "type": "MultiPolygon"
      },
      "properties": {
        "cadastre_concordant": false,
        "commune": "61001",
        "idu": "61001000BK0309",
        "reference": "IA00061073",
        "statut": "candidate_non_verifiee"
      },
      "type": "Feature"
    },
    {
      "geometry": {
        "coordinates": [
          [
            [
              [
                0.09780073,
                48.41968156
              ],
              [
                0.09813285,
                48.41958193
              ],
              [
                0.09796962,
                48.41922665
              ],
              [
                0.09796866,
                48.41922456
              ],
              [
                0.09801437,
                48.41919525
              ],
              [
                0.09805258,
                48.41917674
              ],
              [
                0.0981556,
                48.41913587
              ],
              [
                0.09820791,
                48.4191168
              ],
              [
                0.09824825,
                48.41910392
              ],
              [
                0.09826339,
                48.41909907
              ],
              [
                0.09839586,
                48.41908071
              ],
              [
                0.09848201,
                48.41908327
              ],
              [
                0.09851693,
                48.41908511
              ],
              [
                0.09851869,
                48.41908524
              ],
              [
                0.09856211,
                48.41908505
              ],
              [
                0.09864426,
                48.41908157
              ],
              [
                0.09884006,
                48.41905773
              ],
              [
                0.09888757,
                48.41905205
              ],
              [
                0.09888514,
                48.41905208
              ],
              [
                0.09895237,
                48.41902969
              ],
              [
                0.09902691,
                48.41900486
              ],
              [
                0.09920839,
                48.41890965
              ],
              [
                0.09924796,
                48.41888379
              ],
              [
                0.0994096,
                48.41881716
              ],
              [
                0.09973048,
                48.4187863
              ],
              [
                0.09987069,
                48.41935554
              ],
              [
                0.10055452,
                48.41937451
              ],
              [
                0.10040906,
                48.41871917
              ],
              [
                0.10066535,
                48.41869456
              ],
              [
                0.10072282,
                48.41871676
              ],
              [
                0.10094726,
                48.41880372
              ],
              [
                0.10220229,
                48.41929002
              ],
              [
                0.10222025,
                48.41926588
              ],
              [
                0.10212001,
                48.41924669
              ],
              [
                0.10206425,
                48.41923515
              ],
              [
                0.102137,
                48.41912989
              ],
              [
                0.10161124,
                48.4189251
              ],
              [
                0.10161488,
                48.41892042
              ],
              [
                0.10149271,
                48.4188771
              ],
              [
                0.10094918,
                48.41866846
              ],
              [
                0.10094746,
                48.41866779
              ],
              [
                0.100859,
                48.41827095
              ],
              [
                0.1005841,
                48.41816475
              ],
              [
                0.10063874,
                48.41841222
              ],
              [
                0.10066949,
                48.41855332
              ],
              [
                0.10042205,
                48.41857932
              ],
              [
                0.09930534,
                48.41869704
              ],
              [
                0.09913262,
                48.41877554
              ],
              [
                0.09911775,
                48.41878517
              ],
              [
                0.09910178,
                48.41878298
              ],
              [
                0.09907256,
                48.41875121
              ],
              [
                0.09904919,
                48.41870913
              ],
              [
                0.09889227,
                48.41820538
              ],
              [
                0.09982148,
                48.41808596
              ],
              [
                0.09981637,
                48.41806837
              ],
              [
                0.09975049,
                48.41807604
              ],
              [
                0.09974081,
                48.41804312
              ],
              [
                0.09945439,
                48.41808185
              ],
              [
                0.0987139,
                48.41818778
              ],
              [
                0.09874745,
                48.41829304
              ],
              [
                0.0987379,
                48.41829451
              ],
              [
                0.09877408,
                48.418401
              ],
              [
                0.09880256,
                48.41848767
              ],
              [
                0.09880594,
                48.41849756
              ],
              [
                0.09882223,
                48.41855036
              ],
              [
                0.09882648,
                48.41856397
              ],
              [
                0.09883289,
                48.41858258
              ],
              [
                0.09884228,
                48.41861099
              ],
              [
                0.09884999,
                48.41863539
              ],
              [
                0.0988612,
                48.41866997
              ],
              [
                0.0988724,
                48.41870481
              ],
              [
                0.09892498,
                48.41887912
              ],
              [
                0.09883771,
                48.41888959
              ],
              [
                0.09883938,
                48.41889612
              ],
              [
                0.09857322,
                48.418923
              ],
              [
                0.09850727,
                48.41892949
              ],
              [
                0.09849462,
                48.41889155
              ],
              [
                0.0984809,
                48.41885602
              ],
              [
                0.09839502,
                48.41888785
              ],
              [
                0.09834314,
                48.41890639
              ],
              [
                0.09829135,
                48.41892583
              ],
              [
                0.09818355,
                48.41896514
              ],
              [
                0.09813882,
                48.41898169
              ],
              [
                0.09808865,
                48.41899874
              ],
              [
                0.09796471,
                48.41904387
              ],
              [
                0.09789266,
                48.41907001
              ],
              [
                0.09783509,
                48.41909138
              ],
              [
                0.09781729,
                48.4190977
              ],
              [
                0.0977381,
                48.41912601
              ],
              [
                0.09768867,
                48.41914433
              ],
              [
                0.09759577,
                48.41917834
              ],
              [
                0.09767663,
                48.41937685
              ],
              [
                0.09769997,
                48.41943422
              ],
              [
                0.09776766,
                48.41959955
              ],
              [
                0.09778477,
                48.41964237
              ],
              [
                0.0977999,
                48.41967947
              ],
              [
                0.09780073,
                48.41968156
              ]
            ]
          ]
        ],
        "type": "MultiPolygon"
      },
      "properties": {
        "cadastre_concordant": false,
        "commune": "61001",
        "idu": "61001000BH0216",
        "reference": "IA00060969",
        "statut": "candidate_non_verifiee"
      },
      "type": "Feature"
    },
    {
      "geometry": {
        "coordinates": [
          [
            [
              [
                -0.05491575,
                48.46289354
              ],
              [
                -0.05461481,
                48.46284439
              ],
              [
                -0.05486132,
                48.46238151
              ],
              [
                -0.05527942,
                48.4624063
              ],
              [
                -0.05527439,
                48.46242453
              ],
              [
                -0.05510893,
                48.46258661
              ],
              [
                -0.05511613,
                48.4625894
              ],
              [
                -0.05509349,
                48.46264229
              ],
              [
                -0.05531512,
                48.462436
              ],
              [
                -0.05520935,
                48.4627955
              ],
              [
                -0.05530802,
                48.4628116
              ],
              [
                -0.05531824,
                48.46285923
              ],
              [
                -0.05534049,
                48.46296255
              ],
              [
                -0.05533313,
                48.46305925
              ],
              [
                -0.0553443,
                48.46313486
              ],
              [
                -0.05507842,
                48.46314387
              ],
              [
                -0.05504934,
                48.46318162
              ],
              [
                -0.05498957,
                48.46316164
              ],
              [
                -0.05497877,
                48.46316921
              ],
              [
                -0.05490099,
                48.46313061
              ],
              [
                -0.05482907,
                48.46309501
              ],
              [
                -0.0548439,
                48.4630127
              ],
              [
                -0.05490339,
                48.46296012
              ],
              [
                -0.05499676,
                48.46288759
              ],
              [
                -0.05495114,
                48.46286895
              ],
              [
                -0.05491575,
                48.46289354
              ]
            ]
          ]
        ],
        "type": "MultiPolygon"
      },
      "properties": {
        "cadastre_concordant": false,
        "commune": "61382",
        "idu": "613820000G0288",
        "reference": "IA00060959",
        "statut": "candidate_non_verifiee"
      },
      "type": "Feature"
    },
    {
      "geometry": {
        "coordinates": [
          [
            [
              [
                -0.04395842,
                48.45745225
              ],
              [
                -0.04398418,
                48.45717061
              ],
              [
                -0.04398593,
                48.45715175
              ],
              [
                -0.04398941,
                48.45709962
              ],
              [
                -0.04399517,
                48.45700989
              ],
              [
                -0.04431605,
                48.4570419
              ],
              [
                -0.0449111,
                48.45710559
              ],
              [
                -0.04501456,
                48.4571159
              ],
              [
                -0.04561134,
                48.45718143
              ],
              [
                -0.04645179,
                48.45726852
              ],
              [
                -0.04631234,
                48.45761997
              ],
              [
                -0.04614911,
                48.45775543
              ],
              [
                -0.04613735,
                48.45775807
              ],
              [
                -0.04563156,
                48.4577282
              ],
              [
                -0.04562047,
                48.45772839
              ],
              [
                -0.04469424,
                48.45795932
              ],
              [
                -0.04462434,
                48.45778574
              ],
              [
                -0.04434291,
                48.45777351
              ],
              [
                -0.04393259,
                48.45775613
              ],
              [
                -0.04395842,
                48.45745225
              ]
            ]
          ]
        ],
        "type": "MultiPolygon"
      },
      "properties": {
        "cadastre_concordant": false,
        "commune": "61382",
        "idu": "61382000AC0106",
        "reference": "IA00060997",
        "statut": "candidate_non_verifiee"
      },
      "type": "Feature"
    },
    {
      "geometry": {
        "coordinates": [
          [
            [
              [
                -0.03777166,
                48.75639981
              ],
              [
                -0.03804923,
                48.75660561
              ],
              [
                -0.03836873,
                48.75684194
              ],
              [
                -0.03860733,
                48.757012
              ],
              [
                -0.03883582,
                48.75717441
              ],
              [
                -0.03890075,
                48.757221
              ],
              [
                -0.03875157,
                48.75731481
              ],
              [
                -0.03848588,
                48.75748376
              ],
              [
                -0.038264,
                48.75762433
              ],
              [
                -0.03813324,
                48.75770722
              ],
              [
                -0.03803818,
                48.75776734
              ],
              [
                -0.03799788,
                48.75778825
              ],
              [
                -0.03773222,
                48.75792264
              ],
              [
                -0.03753517,
                48.75802207
              ],
              [
                -0.03739775,
                48.75808417
              ],
              [
                -0.03708046,
                48.75822518
              ],
              [
                -0.03678093,
                48.75836007
              ],
              [
                -0.03640218,
                48.75853036
              ],
              [
                -0.03626619,
                48.75859134
              ],
              [
                -0.03599404,
                48.75868233
              ],
              [
                -0.03538752,
                48.75888505
              ],
              [
                -0.03506948,
                48.75899224
              ],
              [
                -0.03465277,
                48.75913019
              ],
              [
                -0.03439862,
                48.75921478
              ],
              [
                -0.0338572,
                48.75839031
              ],
              [
                -0.03335866,
                48.75763828
              ],
              [
                -0.03348666,
                48.75719625
              ],
              [
                -0.03351004,
                48.75716991
              ],
              [
                -0.03357917,
                48.75709228
              ],
              [
                -0.033623,
                48.75704311
              ],
              [
                -0.03365779,
                48.75700451
              ],
              [
                -0.03376492,
                48.75688505
              ],
              [
                -0.03386788,
                48.75677118
              ],
              [
                -0.03393064,
                48.756701
              ],
              [
                -0.03398547,
                48.75663957
              ],
              [
                -0.03402278,
                48.75659767
              ],
              [
                -0.03410317,
                48.7565076
              ],
              [
                -0.03413069,
                48.75647765
              ],
              [
                -0.0341841,
                48.75650411
              ],
              [
                -0.03430925,
                48.75639265
              ],
              [
                -0.03436264,
                48.75635331
              ],
              [
                -0.03444914,
                48.75629341
              ],
              [
                -0.03454395,
                48.75623142
              ],
              [
                -0.03502209,
                48.75593745
              ],
              [
                -0.03451027,
                48.75557262
              ],
              [
                -0.03409501,
                48.75527625
              ],
              [
                -0.03422674,
                48.75515382
              ],
              [
                -0.03430509,
                48.75508028
              ],
              [
                -0.03443154,
                48.75496302
              ],
              [
                -0.03446288,
                48.75493325
              ],
              [
                -0.03455529,
                48.75484629
              ],
              [
                -0.03467559,
                48.75474512
              ],
              [
                -0.03483732,
                48.7546096
              ],
              [
                -0.03501471,
                48.75446009
              ],
              [
                -0.03508712,
                48.7545208
              ],
              [
                -0.03528086,
                48.75476727
              ],
              [
                -0.03536059,
                48.75497252
              ],
              [
                -0.03530165,
                48.75518779
              ],
              [
                -0.03533867,
                48.75528838
              ],
              [
                -0.03523188,
                48.75540198
              ],
              [
                -0.03552374,
                48.75558456
              ],
              [
                -0.03571991,
                48.7554983
              ],
              [
                -0.03598996,
                48.75546974
              ],
              [
                -0.03637199,
                48.75560889
              ],
              [
                -0.03666111,
                48.7557631
              ],
              [
                -0.036872,
                48.75587348
              ],
              [
                -0.03734425,
                48.7561313
              ],
              [
                -0.03758778,
                48.75628334
              ],
              [
                -0.03777166,
                48.75639981
              ]
            ]
          ]
        ],
        "type": "MultiPolygon"
      },
      "properties": {
        "cadastre_concordant": false,
        "commune": "61006",
        "idu": "61006000AP0137",
        "reference": "IA00061117",
        "statut": "candidate_non_verifiee"
      },
      "type": "Feature"
    },
    {
      "geometry": {
        "coordinates": [
          [
            [
              [
                0.10480814,
                48.76618101
              ],
              [
                0.10475099,
                48.76617818
              ],
              [
                0.10464459,
                48.76613285
              ],
              [
                0.10428364,
                48.76565997
              ],
              [
                0.10386719,
                48.7651078
              ],
              [
                0.10376232,
                48.76496881
              ],
              [
                0.10369575,
                48.76488053
              ],
              [
                0.10368252,
                48.7648515
              ],
              [
                0.10364867,
                48.76483826
              ],
              [
                0.10370897,
                48.7647085
              ],
              [
                0.10369392,
                48.76466574
              ],
              [
                0.10368876,
                48.7646262
              ],
              [
                0.10359296,
                48.76482169
              ],
              [
                0.10347941,
                48.76475072
              ],
              [
                0.10346994,
                48.7647423
              ],
              [
                0.10345861,
                48.76472312
              ],
              [
                0.10344366,
                48.76468343
              ],
              [
                0.10340661,
                48.76459811
              ],
              [
                0.10320657,
                48.76458426
              ],
              [
                0.10320224,
                48.76474561
              ],
              [
                0.10320148,
                48.7647789
              ],
              [
                0.10321737,
                48.76482626
              ],
              [
                0.10359136,
                48.76593702
              ],
              [
                0.10423289,
                48.76584333
              ],
              [
                0.10434205,
                48.76594929
              ],
              [
                0.104582,
                48.76616895
              ],
              [
                0.10485298,
                48.76623906
              ],
              [
                0.10480814,
                48.76618101
              ]
            ]
          ]
        ],
        "type": "MultiPolygon"
      },
      "properties": {
        "cadastre_concordant": true,
        "commune": "61474",
        "idu": "614740570D0107",
        "reference": "IA00061133",
        "statut": "candidate_non_verifiee"
      },
      "type": "Feature"
    },
    {
      "geometry": {
        "coordinates": [
          [
            [
              [
                0.29258053,
                48.794738
              ],
              [
                0.29257472,
                48.7947501
              ],
              [
                0.29248675,
                48.79493601
              ],
              [
                0.29238994,
                48.79513476
              ],
              [
                0.29228767,
                48.79534932
              ],
              [
                0.29219547,
                48.79553801
              ],
              [
                0.29212017,
                48.79569765
              ],
              [
                0.29217486,
                48.79577763
              ],
              [
                0.29251606,
                48.79584854
              ],
              [
                0.29259654,
                48.79586458
              ],
              [
                0.29261495,
                48.79583008
              ],
              [
                0.29270631,
                48.79581497
              ],
              [
                0.29276349,
                48.7958078
              ],
              [
                0.29284042,
                48.79580037
              ],
              [
                0.29291183,
                48.79579443
              ],
              [
                0.29302712,
                48.79578543
              ],
              [
                0.29326465,
                48.7957675
              ],
              [
                0.29326007,
                48.79576398
              ],
              [
                0.29323589,
                48.79555529
              ],
              [
                0.29323391,
                48.79554102
              ],
              [
                0.29322827,
                48.79552362
              ],
              [
                0.29336079,
                48.79545571
              ],
              [
                0.2933386,
                48.79538195
              ],
              [
                0.29340359,
                48.79536858
              ],
              [
                0.29345968,
                48.79536373
              ],
              [
                0.29355176,
                48.79524037
              ],
              [
                0.29355264,
                48.79523913
              ],
              [
                0.2935893,
                48.79518362
              ],
              [
                0.29360425,
                48.79515814
              ],
              [
                0.29361048,
                48.79514559
              ],
              [
                0.29362642,
                48.7951167
              ],
              [
                0.29364317,
                48.79508271
              ],
              [
                0.29366899,
                48.79504172
              ],
              [
                0.29369841,
                48.79499973
              ],
              [
                0.29370459,
                48.79499096
              ],
              [
                0.29373413,
                48.79494672
              ],
              [
                0.2936119,
                48.79499228
              ],
              [
                0.29360003,
                48.79498994
              ],
              [
                0.29355703,
                48.79503918
              ],
              [
                0.29346727,
                48.79501555
              ],
              [
                0.29336462,
                48.79498821
              ],
              [
                0.29329979,
                48.79496973
              ],
              [
                0.29311105,
                48.7949165
              ],
              [
                0.29316183,
                48.79485925
              ],
              [
                0.29299398,
                48.79482593
              ],
              [
                0.29284131,
                48.79479412
              ],
              [
                0.29264609,
                48.7947528
              ],
              [
                0.29258053,
                48.794738
              ]
            ],
            [
              [
                0.2926519,
                48.79481403
              ],
              [
                0.29299004,
                48.79488613
              ],
              [
                0.29297629,
                48.79491228
              ],
              [
                0.29308332,
                48.7949363
              ],
              [
                0.29304696,
                48.79500702
              ],
              [
                0.29257729,
                48.79490782
              ],
              [
                0.29261089,
                48.79483515
              ],
              [
                0.29263867,
                48.79484064
              ],
              [
                0.2926519,
                48.79481403
              ]
            ]
          ]
        ],
        "type": "MultiPolygon"
      },
      "properties": {
        "cadastre_concordant": false,
        "commune": "61181",
        "idu": "61181000AM0511",
        "reference": "IA00060909",
        "statut": "candidate_non_verifiee"
      },
      "type": "Feature"
    },
    {
      "geometry": {
        "coordinates": [
          [
            [
              [
                -0.12138603,
                48.71415787
              ],
              [
                -0.12138312,
                48.71422744
              ],
              [
                -0.12138568,
                48.71434313
              ],
              [
                -0.12118434,
                48.71434732
              ],
              [
                -0.12115187,
                48.71429101
              ],
              [
                -0.12113595,
                48.71411797
              ],
              [
                -0.12125365,
                48.71413685
              ],
              [
                -0.12138603,
                48.71415787
              ]
            ]
          ]
        ],
        "type": "MultiPolygon"
      },
      "properties": {
        "cadastre_concordant": false,
        "commune": "61153",
        "idu": "61153000AC0159",
        "reference": "IA00061166",
        "statut": "candidate_non_verifiee"
      },
      "type": "Feature"
    },
    {
      "geometry": {
        "coordinates": [
          [
            [
              [
                -0.06497245,
                48.73813118
              ],
              [
                -0.06505116,
                48.73811368
              ],
              [
                -0.06523791,
                48.73807044
              ],
              [
                -0.06551159,
                48.73801283
              ],
              [
                -0.0655438,
                48.73801434
              ],
              [
                -0.06561927,
                48.73800412
              ],
              [
                -0.06584281,
                48.73807525
              ],
              [
                -0.06593117,
                48.73811546
              ],
              [
                -0.06602799,
                48.73822539
              ],
              [
                -0.0660438,
                48.73824893
              ],
              [
                -0.06628258,
                48.73845207
              ],
              [
                -0.06633821,
                48.73852345
              ],
              [
                -0.06634602,
                48.73855917
              ],
              [
                -0.06637589,
                48.73873167
              ],
              [
                -0.0664124,
                48.73902893
              ],
              [
                -0.06643863,
                48.73911178
              ],
              [
                -0.06651284,
                48.73928386
              ],
              [
                -0.06654716,
                48.73939315
              ],
              [
                -0.06657813,
                48.73949191
              ],
              [
                -0.06670594,
                48.73967305
              ],
              [
                -0.06675876,
                48.73975198
              ],
              [
                -0.06648426,
                48.73981907
              ],
              [
                -0.06650463,
                48.73986698
              ],
              [
                -0.06647545,
                48.7398752
              ],
              [
                -0.06614389,
                48.73996229
              ],
              [
                -0.06599192,
                48.73994217
              ],
              [
                -0.06597095,
                48.73987709
              ],
              [
                -0.06588536,
                48.73961079
              ],
              [
                -0.06582998,
                48.73942544
              ],
              [
                -0.06578739,
                48.73937235
              ],
              [
                -0.06577856,
                48.73935863
              ],
              [
                -0.06573976,
                48.73929815
              ],
              [
                -0.06562265,
                48.73911835
              ],
              [
                -0.06558202,
                48.73906377
              ],
              [
                -0.06542808,
                48.73890103
              ],
              [
                -0.06532502,
                48.73876821
              ],
              [
                -0.06515033,
                48.73847468
              ],
              [
                -0.06497245,
                48.73813118
              ]
            ]
          ]
        ],
        "type": "MultiPolygon"
      },
      "properties": {
        "cadastre_concordant": false,
        "commune": "61194",
        "idu": "611940000B0137",
        "reference": "IA00061091",
        "statut": "candidate_non_verifiee"
      },
      "type": "Feature"
    },
    {
      "geometry": {
        "coordinates": [
          [
            [
              [
                0.55210329,
                48.74194877
              ],
              [
                0.5520799,
                48.74199491
              ],
              [
                0.55207002,
                48.74199659
              ],
              [
                0.55205634,
                48.74202151
              ],
              [
                0.55205232,
                48.74204041
              ],
              [
                0.55205098,
                48.74206324
              ],
              [
                0.55203427,
                48.74209745
              ],
              [
                0.55208462,
                48.74210892
              ],
              [
                0.5521215,
                48.74211733
              ],
              [
                0.55219557,
                48.74213658
              ],
              [
                0.5523213,
                48.74217101
              ],
              [
                0.55240106,
                48.74219064
              ],
              [
                0.55243824,
                48.7421986
              ],
              [
                0.55308525,
                48.74236259
              ],
              [
                0.55341035,
                48.74244547
              ],
              [
                0.55343103,
                48.74241656
              ],
              [
                0.55348494,
                48.74243602
              ],
              [
                0.55375818,
                48.74242651
              ],
              [
                0.55391751,
                48.74245245
              ],
              [
                0.55391851,
                48.74237589
              ],
              [
                0.55273232,
                48.74202898
              ],
              [
                0.55273798,
                48.74201839
              ],
              [
                0.55258225,
                48.74194177
              ],
              [
                0.55239808,
                48.74185386
              ],
              [
                0.5523117,
                48.74193757
              ],
              [
                0.5522444,
                48.74190749
              ],
              [
                0.55218549,
                48.74197143
              ],
              [
                0.55210329,
                48.74194877
              ]
            ]
          ]
        ],
        "type": "MultiPolygon"
      },
      "properties": {
        "cadastre_concordant": false,
        "commune": "61008",
        "idu": "61008000AE0045",
        "reference": "IA00061029",
        "statut": "candidate_non_verifiee"
      },
      "type": "Feature"
    },
    {
      "geometry": {
        "coordinates": [
          [
            [
              [
                0.65712037,
                48.7791152
              ],
              [
                0.65728357,
                48.77921602
              ],
              [
                0.65724056,
                48.77924316
              ],
              [
                0.65726614,
                48.77926166
              ],
              [
                0.65726589,
                48.77926724
              ],
              [
                0.6572659,
                48.77927614
              ],
              [
                0.65725219,
                48.77928433
              ],
              [
                0.65723462,
                48.77928435
              ],
              [
                0.65722498,
                48.77927777
              ],
              [
                0.65720661,
                48.77926544
              ],
              [
                0.65717724,
                48.77928583
              ],
              [
                0.65713233,
                48.77925805
              ],
              [
                0.65715791,
                48.77924037
              ],
              [
                0.65666674,
                48.77893921
              ],
              [
                0.65622124,
                48.77925205
              ],
              [
                0.65637176,
                48.77934426
              ],
              [
                0.65608407,
                48.77959298
              ],
              [
                0.65672069,
                48.77994172
              ],
              [
                0.65675915,
                48.77990981
              ],
              [
                0.65681969,
                48.77985639
              ],
              [
                0.65685619,
                48.7798257
              ],
              [
                0.65687026,
                48.77980969
              ],
              [
                0.65707564,
                48.77994149
              ],
              [
                0.6571293,
                48.77997439
              ],
              [
                0.65731563,
                48.77984524
              ],
              [
                0.65749544,
                48.77971578
              ],
              [
                0.6576888,
                48.77957866
              ],
              [
                0.65777127,
                48.77952189
              ],
              [
                0.65778314,
                48.7795304
              ],
              [
                0.65784208,
                48.77948818
              ],
              [
                0.65783007,
                48.77947976
              ],
              [
                0.65794494,
                48.77939869
              ],
              [
                0.65800959,
                48.77935677
              ],
              [
                0.65793092,
                48.77931366
              ],
              [
                0.65788176,
                48.77934725
              ],
              [
                0.65784828,
                48.77932886
              ],
              [
                0.65773033,
                48.77928138
              ],
              [
                0.65743386,
                48.7791074
              ],
              [
                0.65721982,
                48.7790502
              ],
              [
                0.65714525,
                48.77908869
              ],
              [
                0.65712037,
                48.7791152
              ]
            ]
          ]
        ],
        "type": "MultiPolygon"
      },
      "properties": {
        "cadastre_concordant": false,
        "commune": "61456",
        "idu": "61456000AD0327",
        "reference": "IA00061155",
        "statut": "candidate_non_verifiee"
      },
      "type": "Feature"
    },
    {
      "geometry": {
        "coordinates": [
          [
            [
              [
                0.64767239,
                48.77451282
              ],
              [
                0.64765069,
                48.7745231
              ],
              [
                0.64769213,
                48.77456414
              ],
              [
                0.6477095,
                48.77457735
              ],
              [
                0.64772885,
                48.77458601
              ],
              [
                0.64778977,
                48.77462077
              ],
              [
                0.64782125,
                48.77464127
              ],
              [
                0.64786523,
                48.77466823
              ],
              [
                0.64789312,
                48.77465043
              ],
              [
                0.64794247,
                48.77468217
              ],
              [
                0.64798555,
                48.77470794
              ],
              [
                0.64803723,
                48.77473641
              ],
              [
                0.64807499,
                48.77475928
              ],
              [
                0.64807675,
                48.77477165
              ],
              [
                0.6480109,
                48.77482821
              ],
              [
                0.64801286,
                48.77486019
              ],
              [
                0.64794196,
                48.77490495
              ],
              [
                0.64790274,
                48.77488699
              ],
              [
                0.64785682,
                48.77486989
              ],
              [
                0.64783751,
                48.77489362
              ],
              [
                0.64787856,
                48.77491306
              ],
              [
                0.64815462,
                48.77509467
              ],
              [
                0.64811483,
                48.77504728
              ],
              [
                0.64809208,
                48.7749843
              ],
              [
                0.6481494,
                48.77494188
              ],
              [
                0.64816443,
                48.77494658
              ],
              [
                0.64819799,
                48.77496623
              ],
              [
                0.64826462,
                48.77491958
              ],
              [
                0.64829274,
                48.7748998
              ],
              [
                0.64833562,
                48.77486969
              ],
              [
                0.6483917,
                48.77483049
              ],
              [
                0.64833119,
                48.77478358
              ],
              [
                0.648262,
                48.77473912
              ],
              [
                0.64821554,
                48.77477321
              ],
              [
                0.64817743,
                48.7747487
              ],
              [
                0.64808773,
                48.77469124
              ],
              [
                0.64803678,
                48.77465875
              ],
              [
                0.6479378,
                48.77459543
              ],
              [
                0.64789567,
                48.77462106
              ],
              [
                0.64784066,
                48.77460926
              ],
              [
                0.64774949,
                48.77455699
              ],
              [
                0.64767239,
                48.77451282
              ]
            ]
          ]
        ],
        "type": "MultiPolygon"
      },
      "properties": {
        "cadastre_concordant": false,
        "commune": "61456",
        "idu": "61456000ZR0116",
        "reference": "IA00061113",
        "statut": "candidate_non_verifiee"
      },
      "type": "Feature"
    },
    {
      "geometry": {
        "coordinates": [
          [
            [
              [
                0.6254897,
                48.76676255
              ],
              [
                0.6255142,
                48.76673578
              ],
              [
                0.6255248,
                48.7667242
              ],
              [
                0.62557177,
                48.76666998
              ],
              [
                0.62536421,
                48.76658901
              ],
              [
                0.62528127,
                48.76655703
              ],
              [
                0.62536358,
                48.76646518
              ],
              [
                0.62543658,
                48.76638349
              ],
              [
                0.62544413,
                48.76638508
              ],
              [
                0.62553158,
                48.76626697
              ],
              [
                0.62544793,
                48.76623885
              ],
              [
                0.6254996,
                48.76618013
              ],
              [
                0.62553138,
                48.76618463
              ],
              [
                0.62553903,
                48.7661811
              ],
              [
                0.62560112,
                48.76619853
              ],
              [
                0.62570038,
                48.76608713
              ],
              [
                0.62576843,
                48.76601245
              ],
              [
                0.62587959,
                48.7658849
              ],
              [
                0.62554069,
                48.76575876
              ],
              [
                0.62544879,
                48.76585195
              ],
              [
                0.62518588,
                48.76612575
              ],
              [
                0.62513496,
                48.76618287
              ],
              [
                0.62507141,
                48.7662634
              ],
              [
                0.62505993,
                48.76626128
              ],
              [
                0.62494001,
                48.76638702
              ],
              [
                0.62459339,
                48.76625398
              ],
              [
                0.62455807,
                48.7662405
              ],
              [
                0.62457866,
                48.76621895
              ],
              [
                0.62450212,
                48.76618981
              ],
              [
                0.62428426,
                48.76609
              ],
              [
                0.62427439,
                48.76608558
              ],
              [
                0.62419549,
                48.7661263
              ],
              [
                0.62417623,
                48.76613689
              ],
              [
                0.62409926,
                48.76619196
              ],
              [
                0.62382259,
                48.76642715
              ],
              [
                0.62403153,
                48.76660632
              ],
              [
                0.6241414,
                48.76669848
              ],
              [
                0.62423121,
                48.76678287
              ],
              [
                0.62429938,
                48.76684317
              ],
              [
                0.62435592,
                48.76689585
              ],
              [
                0.62441354,
                48.76694567
              ],
              [
                0.62445624,
                48.76697046
              ],
              [
                0.62451605,
                48.76700215
              ],
              [
                0.62459364,
                48.7670351
              ],
              [
                0.62469589,
                48.76706728
              ],
              [
                0.62479116,
                48.76709742
              ],
              [
                0.62484074,
                48.76711461
              ],
              [
                0.62509445,
                48.76721368
              ],
              [
                0.62509743,
                48.76721095
              ],
              [
                0.6254897,
                48.76676255
              ]
            ],
            [
              [
                0.6253581,
                48.76615482
              ],
              [
                0.6253055,
                48.76621298
              ],
              [
                0.62524511,
                48.76620305
              ],
              [
                0.62530006,
                48.76614413
              ],
              [
                0.6253581,
                48.76615482
              ]
            ]
          ]
        ],
        "type": "MultiPolygon"
      },
      "properties": {
        "cadastre_concordant": true,
        "commune": "61214",
        "idu": "61214000AI0215",
        "reference": "IA00061052",
        "statut": "candidate_non_verifiee"
      },
      "type": "Feature"
    },
    {
      "geometry": {
        "coordinates": [
          [
            [
              [
                0.6246988,
                48.76256275
              ],
              [
                0.6243768,
                48.76249354
              ],
              [
                0.62417442,
                48.76245136
              ],
              [
                0.62404427,
                48.76272726
              ],
              [
                0.62397061,
                48.7628802
              ],
              [
                0.62418366,
                48.76292412
              ],
              [
                0.62424705,
                48.76279329
              ],
              [
                0.62428467,
                48.76270847
              ],
              [
                0.6243174,
                48.76264136
              ],
              [
                0.62437092,
                48.76264954
              ],
              [
                0.62458133,
                48.76268252
              ],
              [
                0.62489043,
                48.76273033
              ],
              [
                0.62490742,
                48.76269494
              ],
              [
                0.62465601,
                48.76265656
              ],
              [
                0.6246988,
                48.76256275
              ]
            ]
          ]
        ],
        "type": "MultiPolygon"
      },
      "properties": {
        "cadastre_concordant": false,
        "commune": "61214",
        "idu": "61214000AO0475",
        "reference": "IA00061054",
        "statut": "candidate_non_verifiee"
      },
      "type": "Feature"
    },
    {
      "geometry": {
        "coordinates": [
          [
            [
              [
                0.74774048,
                48.51626685
              ],
              [
                0.74793756,
                48.51617879
              ],
              [
                0.74787915,
                48.5161227
              ],
              [
                0.74739325,
                48.51566252
              ],
              [
                0.74770569,
                48.51549044
              ],
              [
                0.74766759,
                48.5154566
              ],
              [
                0.74748778,
                48.51529714
              ],
              [
                0.74672456,
                48.51462678
              ],
              [
                0.74645687,
                48.514763
              ],
              [
                0.74596786,
                48.5150157
              ],
              [
                0.74614694,
                48.51516678
              ],
              [
                0.74642004,
                48.5153461
              ],
              [
                0.74682643,
                48.51561974
              ],
              [
                0.74707314,
                48.51578596
              ],
              [
                0.74722915,
                48.51590042
              ],
              [
                0.74750841,
                48.51610991
              ],
              [
                0.74773018,
                48.51627655
              ],
              [
                0.74774048,
                48.51626685
              ]
            ]
          ]
        ],
        "type": "MultiPolygon"
      },
      "properties": {
        "cadastre_concordant": false,
        "commune": "61230",
        "idu": "61230000ZV0083",
        "reference": "IA00061153",
        "statut": "candidate_non_verifiee"
      },
      "type": "Feature"
    },
    {
      "geometry": {
        "coordinates": [
          [
            [
              [
                0.7282611,
                48.50400462
              ],
              [
                0.72824724,
                48.50399013
              ],
              [
                0.72823526,
                48.50399467
              ],
              [
                0.72807807,
                48.5038061
              ],
              [
                0.72806462,
                48.50379756
              ],
              [
                0.7280284,
                48.50378337
              ],
              [
                0.72791373,
                48.50375435
              ],
              [
                0.727856,
                48.50373336
              ],
              [
                0.72782766,
                48.50372472
              ],
              [
                0.72769141,
                48.50371248
              ],
              [
                0.72764254,
                48.50370273
              ],
              [
                0.72761654,
                48.50369323
              ],
              [
                0.72761166,
                48.50368711
              ],
              [
                0.72760057,
                48.50364622
              ],
              [
                0.72757944,
                48.50360253
              ],
              [
                0.72756922,
                48.50359144
              ],
              [
                0.72755205,
                48.50358445
              ],
              [
                0.72752269,
                48.50358065
              ],
              [
                0.72747855,
                48.50357738
              ],
              [
                0.72744031,
                48.50357854
              ],
              [
                0.72742027,
                48.50358157
              ],
              [
                0.72739704,
                48.5035895
              ],
              [
                0.72721931,
                48.50369067
              ],
              [
                0.7273145,
                48.50375657
              ],
              [
                0.72747004,
                48.50386133
              ],
              [
                0.72750534,
                48.50388433
              ],
              [
                0.72755742,
                48.50390764
              ],
              [
                0.72779618,
                48.5040139
              ],
              [
                0.72784391,
                48.5040375
              ],
              [
                0.72797887,
                48.50410461
              ],
              [
                0.7279489,
                48.50411798
              ],
              [
                0.72797242,
                48.50414093
              ],
              [
                0.72800566,
                48.50412699
              ],
              [
                0.72812839,
                48.5042421
              ],
              [
                0.72835306,
                48.50412967
              ],
              [
                0.72824865,
                48.50401077
              ],
              [
                0.7282611,
                48.50400462
              ]
            ]
          ]
        ],
        "type": "MultiPolygon"
      },
      "properties": {
        "cadastre_concordant": true,
        "commune": "61230",
        "idu": "61230000ZX0060",
        "reference": "IA00061060",
        "statut": "candidate_non_verifiee"
      },
      "type": "Feature"
    },
    {
      "geometry": {
        "coordinates": [
          [
            [
              [
                0.55229432,
                48.5083449
              ],
              [
                0.55230424,
                48.50828319
              ],
              [
                0.5523386,
                48.50803162
              ],
              [
                0.55234737,
                48.50781751
              ],
              [
                0.5523534,
                48.50754321
              ],
              [
                0.55221619,
                48.50758089
              ],
              [
                0.55166419,
                48.50771856
              ],
              [
                0.5510892,
                48.50785521
              ],
              [
                0.55091392,
                48.50789893
              ],
              [
                0.55085339,
                48.50783199
              ],
              [
                0.55036821,
                48.50786392
              ],
              [
                0.54968837,
                48.50791092
              ],
              [
                0.54963681,
                48.50791283
              ],
              [
                0.54940186,
                48.50800159
              ],
              [
                0.54882304,
                48.50821708
              ],
              [
                0.54881372,
                48.50809196
              ],
              [
                0.54796638,
                48.50841882
              ],
              [
                0.54788327,
                48.50834529
              ],
              [
                0.54780824,
                48.50826391
              ],
              [
                0.54725749,
                48.50842651
              ],
              [
                0.54721894,
                48.50843985
              ],
              [
                0.54736343,
                48.5088374
              ],
              [
                0.54748526,
                48.509201
              ],
              [
                0.54761575,
                48.50957378
              ],
              [
                0.54773157,
                48.50987489
              ],
              [
                0.54771218,
                48.50989564
              ],
              [
                0.54775761,
                48.50992925
              ],
              [
                0.547825,
                48.50988717
              ],
              [
                0.54828353,
                48.50971276
              ],
              [
                0.54810456,
                48.50950494
              ],
              [
                0.54859336,
                48.50931468
              ],
              [
                0.5486106,
                48.50933421
              ],
              [
                0.54875111,
                48.5092868
              ],
              [
                0.54874261,
                48.50927447
              ],
              [
                0.54882945,
                48.50924224
              ],
              [
                0.5489925,
                48.50944307
              ],
              [
                0.54937365,
                48.5092982
              ],
              [
                0.55019774,
                48.5089821
              ],
              [
                0.55078239,
                48.50875772
              ],
              [
                0.55087523,
                48.5087536
              ],
              [
                0.55099807,
                48.50872491
              ],
              [
                0.55124198,
                48.50867062
              ],
              [
                0.5512189,
                48.50861363
              ],
              [
                0.55139949,
                48.50855489
              ],
              [
                0.55134035,
                48.50849004
              ],
              [
                0.55161899,
                48.50843449
              ],
              [
                0.55184405,
                48.50839782
              ],
              [
                0.55214786,
                48.50836601
              ],
              [
                0.55226246,
                48.50835127
              ],
              [
                0.55229432,
                48.5083449
              ]
            ],
            [
              [
                0.54880473,
                48.50837123
              ],
              [
                0.54885787,
                48.50836738
              ],
              [
                0.54885421,
                48.508443
              ],
              [
                0.54882053,
                48.50850575
              ],
              [
                0.54872012,
                48.50863985
              ],
              [
                0.54863844,
                48.50872691
              ],
              [
                0.5485531,
                48.50879958
              ],
              [
                0.54845328,
                48.50888329
              ],
              [
                0.54839088,
                48.50892314
              ],
              [
                0.54818193,
                48.50904375
              ],
              [
                0.54803023,
                48.50913341
              ],
              [
                0.54801439,
                48.50911283
              ],
              [
                0.54806792,
                48.5090746
              ],
              [
                0.5483569,
                48.50890245
              ],
              [
                0.54849632,
                48.50881461
              ],
              [
                0.54856474,
                48.50875032
              ],
              [
                0.54861283,
                48.50869812
              ],
              [
                0.54871397,
                48.50858312
              ],
              [
                0.54874897,
                48.50853263
              ],
              [
                0.54880371,
                48.50845401
              ],
              [
                0.54880863,
                48.50838643
              ],
              [
                0.54880473,
                48.50837123
              ]
            ]
          ]
        ],
        "type": "MultiPolygon"
      },
      "properties": {
        "cadastre_concordant": false,
        "commune": "61414",
        "idu": "614140000D0463",
        "reference": "IA00061147",
        "statut": "candidate_non_verifiee"
      },
      "type": "Feature"
    },
    {
      "geometry": {
        "coordinates": [
          [
            [
              [
                0.67447236,
                48.65301709
              ],
              [
                0.67425055,
                48.65275792
              ],
              [
                0.67412367,
                48.65259662
              ],
              [
                0.67403837,
                48.65252053
              ],
              [
                0.67400525,
                48.65249865
              ],
              [
                0.67343454,
                48.65259063
              ],
              [
                0.6737043,
                48.65333208
              ],
              [
                0.67386162,
                48.6532943
              ],
              [
                0.67394207,
                48.65327202
              ],
              [
                0.67394542,
                48.65327911
              ],
              [
                0.67400221,
                48.65326942
              ],
              [
                0.6741182,
                48.65316253
              ],
              [
                0.67424041,
                48.65309292
              ],
              [
                0.67426262,
                48.65311567
              ],
              [
                0.67447236,
                48.65301709
              ]
            ]
          ]
        ],
        "type": "MultiPolygon"
      },
      "properties": {
        "cadastre_concordant": true,
        "commune": "61208",
        "idu": "612080000G0066",
        "reference": "IA00061135",
        "statut": "candidate_non_verifiee"
      },
      "type": "Feature"
    },
    {
      "geometry": {
        "coordinates": [
          [
            [
              [
                0.71625473,
                48.61513565
              ],
              [
                0.71623121,
                48.61511171
              ],
              [
                0.7161401,
                48.61516252
              ],
              [
                0.71571932,
                48.61489024
              ],
              [
                0.71493437,
                48.61438582
              ],
              [
                0.71457677,
                48.61458143
              ],
              [
                0.71438437,
                48.61468599
              ],
              [
                0.71476129,
                48.61496175
              ],
              [
                0.7155673,
                48.61554361
              ],
              [
                0.71613871,
                48.61520677
              ],
              [
                0.71625473,
                48.61513565
              ]
            ]
          ]
        ],
        "type": "MultiPolygon"
      },
      "properties": {
        "cadastre_concordant": true,
        "commune": "61206",
        "idu": "612060000A0133",
        "reference": "IA00061095",
        "statut": "candidate_non_verifiee"
      },
      "type": "Feature"
    }
  ],
  "type": "FeatureCollection"
}
