dossier_reference,origine,statut_traitement,statut_site,site_id,titre_source,communes_source,insee_source,adresses_source,lieux_dits_source,denominations_source,activites_codes,secteurs_codes,installations_codes,periodes_activite_codes,periodes_source_codes,localisation_statut_code,longitude_source,latitude_source,decision_rapprochement,dossier_url,type_dossier_source,composants_non_productifs_source
IA00060896,pilote_30,enrichi_socle_v1,site_pilote_valide,2ab6b065-4bf3-4956-a9c2-656c2f9cfbfa,"filature, usine de chaussures",Cahan,61069,,Fourneaux,filature | usine de chaussures,filature_textile | fabrication_chaussures,textile_habillement_cuir,filature | usine,revolution_premiere_industrialisation | industrialisation_rail_vapeur | guerres_entre_deux_guerres,revolution_premiere_industrialisation | industrialisation_rail_vapeur | modernisation_apres_guerre,geometrie_approximative,-0.42778489906881867,48.86456213067169,aucun_rapprochement_requis_a_ce_stade,https://inventaire-patrimoine.normandie.fr/dossier/2e06c2e8-40c1-4f29-8de0-d56110552b0b,dossier individuel,
IA00060901,pilote_30,enrichi_socle_v1,site_pilote_valide,3495d47b-0c8f-45b9-866b-dcc3357542e7,affinerie de fer,Rânes,61344,,Forge (La),affinerie,affinage_metaux,metallurgie_travail_metaux,affinerie,avant_1789 | revolution_premiere_industrialisation,avant_1789 | revolution_premiere_industrialisation,geometrie_approximative,-0.192303752081454,48.62883233414116,aucun_rapprochement_requis_a_ce_stade,https://inventaire-patrimoine.normandie.fr/dossier/ffc46dae-bb00-47c6-bc9b-e0e9a3106f5a,dossier individuel,
IA00060902,pilote_30,enrichi_socle_v1,site_pilote_valide,57368564-3e33-4b35-9d3c-555a5cb0bbc1,"filature, fromagerie industrielle",Berjou,61044,,Fromagerie (La),filature | fromagerie industrielle,filature_textile | transformation_lait,agroalimentaire | textile_habillement_cuir,filature | fromagerie,revolution_premiere_industrialisation | industrialisation_rail_vapeur | guerres_entre_deux_guerres,revolution_premiere_industrialisation | industrialisation_rail_vapeur | modernisation_apres_guerre,geometrie_approximative,-0.4692362808837436,48.86744482145761,aucun_rapprochement_requis_a_ce_stade,https://inventaire-patrimoine.normandie.fr/dossier/0b920d52-7d2d-4bee-9310-ee086b212b57,dossier individuel,
IA00060909,pilote_30,enrichi_socle_v1,site_pilote_valide,3ae9aff0-231d-4365-a718-039b17021fc0,"distillerie, cidrerie, laiterie industrielle",Gacé,61181,Touque (rue de la),Planier (Le),distillerie | cidrerie | laiterie industrielle,distillation_alimentaire | production_cidre | transformation_lait,agroalimentaire,cidrerie | distillerie | laiterie,industrialisation_rail_vapeur | guerres_entre_deux_guerres,industrialisation_rail_vapeur | guerres_entre_deux_guerres | modernisation_apres_guerre,geometrie_approximative,0.29295608862635,48.7954745243465,aucun_rapprochement_requis_a_ce_stade,https://inventaire-patrimoine.normandie.fr/dossier/e0e8ddd7-0a8d-420a-b2a0-c7b36a58eb43,dossier individuel,
IA00060915,pilote_30,enrichi_socle_v1,site_pilote_valide,2c664ed5-7ee5-4315-aa61-e9b9032b56c0,filature de coton dite filature de la Planchette,Saint-Georges-des-Groseillers,61391,,Planchette (La),filature,filature_textile,textile_habillement_cuir,filature,industrialisation_rail_vapeur | guerres_entre_deux_guerres,industrialisation_rail_vapeur | guerres_entre_deux_guerres,geometrie_approximative,-0.5743152336616424,48.76742714744118,aucun_rapprochement_requis_a_ce_stade,https://inventaire-patrimoine.normandie.fr/dossier/1bdffde4-d1d1-4484-82e5-ec184ae83404,dossier individuel,
IA00060938,pilote_30,enrichi_socle_v1,site_pilote_valide,2b6d576e-11fb-4af4-85ba-dc1b950a731d,centrale hydroélectrique,Rabodanges,61340,,Plessis (Le),centrale hydroélectrique,production_hydroelectricite,energie,centrale_hydroelectrique,modernisation_apres_guerre,modernisation_apres_guerre,geometrie_approximative,-0.2965698588180073,48.78773387593912,aucun_rapprochement_requis_a_ce_stade,https://inventaire-patrimoine.normandie.fr/dossier/607486b0-aec7-439d-8c60-2373ec8c3772,dossier individuel,
IA00060959,pilote_30,enrichi_socle_v1,site_pilote_valide,3c95b12b-1cb8-4439-a0d9-60152e8a327f,usine de fabrication des métaux,Saint-Denis-sur-Sarthon,61382,,Forge (La),usine de fabrication des métaux,fabrication_metaux,metallurgie_travail_metaux,usine,avant_1789 | industrialisation_rail_vapeur,avant_1789 | industrialisation_rail_vapeur,geometrie_approximative,-0.05470964099131984,48.46276650506727,aucun_rapprochement_requis_a_ce_stade,https://inventaire-patrimoine.normandie.fr/dossier/b9ab38fb-7d71-443c-890a-c0fdb7018dd9,dossier individuel,
IA00060965,pilote_30,enrichi_socle_v1,site_pilote_valide,d7b0b9b0-6817-4057-8535-3ce9b61ed857,"affinerie, moulin à blé",Champsecret,61091,,Forge (La),affinerie | moulin à blé,affinage_metaux | mouture_cereales,agroalimentaire | metallurgie_travail_metaux,affinerie | moulin,avant_1789 | revolution_premiere_industrialisation | industrialisation_rail_vapeur,avant_1789 | revolution_premiere_industrialisation | industrialisation_rail_vapeur,geometrie_approximative,-0.5486016317751446,48.5986464736866,aucun_rapprochement_requis_a_ce_stade,https://inventaire-patrimoine.normandie.fr/dossier/22eb353c-b259-4251-945e-69fd4ae03831,dossier individuel,
IA00060969,pilote_30,enrichi_socle_v1,site_pilote_valide,4b0fcc92-f32b-4040-ae5d-32a4945b176a,"moulin à farine dit moulin d'Ozé, puis filature d'Ozé, puis usine de matériel électroménager Moulinex",Alençon,61001,Mamers (rue de) 25,,moulin à farine | filature | usine de matériel électroménager,mouture_cereales | filature_textile | fabrication_materiel_electrique,agroalimentaire | mecanique_electrique | textile_habillement_cuir,filature | moulin | usine,revolution_premiere_industrialisation | industrialisation_rail_vapeur | guerres_entre_deux_guerres,revolution_premiere_industrialisation | industrialisation_rail_vapeur | guerres_entre_deux_guerres | modernisation_apres_guerre,geometrie_approximative,0.10079551488612261,48.41863958530717,aucun_rapprochement_requis_a_ce_stade,https://inventaire-patrimoine.normandie.fr/dossier/9ae3477c-3f66-4615-986f-37f6b872f25f,dossier individuel,
IA00060997,pilote_30,enrichi_socle_v1,site_pilote_valide,0f433fbc-09eb-42de-ba2f-75eec5c7a050,faïencerie,Saint-Denis-sur-Sarthon,61382,,,faïencerie,fabrication_ceramique,verre_ceramique_materiaux_construction,faiencerie,avant_1789,avant_1789,geometrie_approximative,-0.04466949682273202,48.4574697462757,aucun_rapprochement_requis_a_ce_stade,https://inventaire-patrimoine.normandie.fr/dossier/a3c6988d-4dec-4f14-a75a-214154b55d2a,dossier individuel,
IA00061002,pilote_30,enrichi_socle_v1,site_pilote_valide,f7b9e26f-4dd7-428f-a7e8-659c432904af,imprimerie Alençonnaise,Alençon,61001,Poulet Malassis (place) 19,,imprimerie,imprimerie,bois_papier_imprimerie,imprimerie,industrialisation_rail_vapeur | guerres_entre_deux_guerres | modernisation_apres_guerre,industrialisation_rail_vapeur | guerres_entre_deux_guerres | modernisation_apres_guerre,geometrie_approximative,0.08865273502274014,48.432512077974245,aucun_rapprochement_requis_a_ce_stade,https://inventaire-patrimoine.normandie.fr/dossier/412bdd9c-fba0-4186-a292-cdce3d04da94,dossier individuel,
IA00061003,pilote_30,enrichi_socle_v1,site_pilote_valide,04264fa9-c2d1-4d5e-b709-bdb1d3836a9b,four à chaux,Les Rotours,61354,,,four à chaux,fabrication_chaux_ciment,verre_ceramique_materiaux_construction,four_chaux,avant_1789 | revolution_premiere_industrialisation,avant_1789 | revolution_premiere_industrialisation,geometrie_approximative,-0.2611416389081272,48.77974105802658,aucun_rapprochement_requis_a_ce_stade,https://inventaire-patrimoine.normandie.fr/dossier/3b93acab-5a9a-4e6c-ae7d-96d51e5a6e92,dossier individuel,
IA00061008,pilote_30,enrichi_socle_v1,site_pilote_valide,2bcf41f5-1242-46d9-9809-8fff7fbdae14,usine d'extraction dite Mine de Halouze,Saint-Clair-de-Halouze,61376,,Puits 2 (Le),usine d'extraction,extraction_miniere,extraction,usine_extraction,industrialisation_rail_vapeur | guerres_entre_deux_guerres | modernisation_apres_guerre,industrialisation_rail_vapeur | guerres_entre_deux_guerres | modernisation_apres_guerre,geometrie_approximative,-0.6186115235885614,48.690929837651005,aucun_rapprochement_requis_a_ce_stade,https://inventaire-patrimoine.normandie.fr/dossier/dd0c25a9-e2ed-4615-b008-b03551f35864,dossier individuel,
IA00061029,pilote_30,enrichi_socle_v1,site_pilote_valide,43d7512d-7196-4864-bc90-64b3b3474bce,affinerie,Aube,61008,,Forge (La),affinerie,affinage_metaux | forgeage,metallurgie_travail_metaux,affinerie | forge,avant_1789 | revolution_premiere_industrialisation | industrialisation_rail_vapeur | guerres_entre_deux_guerres,avant_1789 | revolution_premiere_industrialisation | industrialisation_rail_vapeur,geometrie_approximative,0.5526895033235633,48.74212960732837,aucun_rapprochement_requis_a_ce_stade,https://inventaire-patrimoine.normandie.fr/dossier/9354356d-808f-412a-95b3-2dc2b2c99cdc,dossier individuel,
IA00061035,pilote_30,enrichi_socle_v1,site_pilote_valide,980da487-203e-40ae-9c1d-cea503be1860,filature des Roches,Saint-Pierre-du-Regard,61447,,,filature,filature_textile,textile_habillement_cuir,filature,revolution_premiere_industrialisation | industrialisation_rail_vapeur,revolution_premiere_industrialisation | industrialisation_rail_vapeur,geometrie_approximative,-0.5113380588965798,48.847518905647895,aucun_rapprochement_requis_a_ce_stade,https://inventaire-patrimoine.normandie.fr/dossier/e12635a5-8541-4da5-b4ba-5972bd0fa103,dossier individuel,
IA00061052,pilote_30,enrichi_socle_v1,site_pilote_valide,314bf742-7125-4c6c-a4bd-26d6a047a9b1,"tannerie, usine de construction mécanique",L'Aigle,61214,Tanneurs (rue des) 12,,tannerie | usine de construction mécanique,tannerie_cuir | construction_mecanique,mecanique_electrique | textile_habillement_cuir,tannerie | usine,revolution_premiere_industrialisation | industrialisation_rail_vapeur | modernisation_apres_guerre,modernisation_apres_guerre,geometrie_approximative,0.6256774049932438,48.765865137537546,aucun_rapprochement_requis_a_ce_stade,https://inventaire-patrimoine.normandie.fr/dossier/e23c856b-49bd-4bee-936b-d71617af3d3c,dossier individuel,
IA00061054,pilote_30,enrichi_socle_v1,site_pilote_valide,3d44d08b-e70d-4622-9387-a7538d86be3f,usine d'habillement,L'Aigle,61214,Louis Pasteur (rue) 7,,usine d'habillement,confection_habillement,textile_habillement_cuir,usine,industrialisation_rail_vapeur | guerres_entre_deux_guerres,industrialisation_rail_vapeur | guerres_entre_deux_guerres,geometrie_approximative,0.6241236493911818,48.76262194075353,aucun_rapprochement_requis_a_ce_stade,https://inventaire-patrimoine.normandie.fr/dossier/3df6a5b3-e6ee-419e-b5ec-fb4f19b6384e,dossier individuel,
IA00061073,pilote_30,enrichi_socle_v1,site_pilote_valide,f0bdb9e3-c3bf-41cd-8704-d630daf00661,"scierie Prout, puis Scierie Prout Frères, actuellement Maisons France Confort",Alençon,61001,Ancinnes (route d') 4 à 22,Perseigne (quartier de),scierie,sciage_bois,bois_papier_imprimerie,scierie,industrialisation_rail_vapeur | guerres_entre_deux_guerres | modernisation_apres_guerre,industrialisation_rail_vapeur | guerres_entre_deux_guerres | modernisation_apres_guerre,geometrie_approximative,0.09680089770291367,48.41774961815736,aucun_rapprochement_requis_a_ce_stade,https://inventaire-patrimoine.normandie.fr/dossier/6cd7e92e-7abd-4818-b230-277b63bf11c6,dossier individuel,
IA00061091,pilote_30,enrichi_socle_v1,site_pilote_valide,8a492a03-5bac-4aa5-b48e-ed37239720e6,moulin à farine,Goulet,61194,,Moulin de Goulet,moulin à farine,mouture_cereales,agroalimentaire,moulin,revolution_premiere_industrialisation,revolution_premiere_industrialisation,geometrie_approximative,-0.06584261377186915,48.73816463006711,aucun_rapprochement_requis_a_ce_stade,https://inventaire-patrimoine.normandie.fr/dossier/d04cb8f5-635e-4bf1-abc2-f4441b675c23,dossier individuel,
IA00061095,pilote_30,enrichi_socle_v1,site_pilote_valide,82718138-99cb-45fb-a081-95b61c5dce48,briqueterie,L'Hôme-Chamondot,61206,,Chauffetières (Les),briqueterie,fabrication_briques,verre_ceramique_materiaux_construction,briqueterie,mutations_reconversions,mutations_reconversions,geometrie_approximative,0.7152285849659745,48.614992408344285,aucun_rapprochement_requis_a_ce_stade,https://inventaire-patrimoine.normandie.fr/dossier/061971a0-e7ce-4ace-be21-d4b6f8aa2705,dossier individuel,
IA00061113,pilote_30,enrichi_socle_v1,site_pilote_valide,be1c19ae-3062-4f64-b8db-602ab713f052,"laminoir, usine de quincaillerie dite usine de la Batterie",Saint-Sulpice-sur-Risle,61456,,Moulin à Tan (Le),laminoir | usine de quincaillerie,laminage_metaux | fabrication_quincaillerie,metallurgie_travail_metaux,laminoir | usine,revolution_premiere_industrialisation | industrialisation_rail_vapeur | guerres_entre_deux_guerres | modernisation_apres_guerre,revolution_premiere_industrialisation | industrialisation_rail_vapeur,geometrie_approximative,0.648168264558847,48.77481321857863,aucun_rapprochement_requis_a_ce_stade,https://inventaire-patrimoine.normandie.fr/dossier/85be1da1-cd39-444b-bab2-2219605d469c,dossier individuel,
IA00061117,pilote_30,enrichi_socle_v1,site_pilote_valide,af60a402-a20e-4cca-b3c9-a81921d4e2e8,briqueterie Saint-Martin,Argentan,61006,,Sainte-Anne,briqueterie,fabrication_briques,verre_ceramique_materiaux_construction,briqueterie,industrialisation_rail_vapeur | guerres_entre_deux_guerres,industrialisation_rail_vapeur | guerres_entre_deux_guerres,geometrie_approximative,-0.037485884350861635,48.75668430101197,aucun_rapprochement_requis_a_ce_stade,https://inventaire-patrimoine.normandie.fr/dossier/90ded92e-ceb4-42bd-8d71-67e5ae24dd36,dossier individuel,
IA00061119,pilote_30,enrichi_socle_v1,site_pilote_valide,687037bf-bf42-4ee7-a5f4-e79d60a38cc1,filature de la Martinique,Athis-de-l'Orne,61007,,Petite Suisse (La),filature,filature_textile,textile_habillement_cuir,filature,revolution_premiere_industrialisation | industrialisation_rail_vapeur | guerres_entre_deux_guerres | modernisation_apres_guerre,revolution_premiere_industrialisation | industrialisation_rail_vapeur | guerres_entre_deux_guerres | modernisation_apres_guerre,geometrie_approximative,-0.5264803216151851,48.8263948592895,aucun_rapprochement_requis_a_ce_stade,https://inventaire-patrimoine.normandie.fr/dossier/b0d5ba20-5410-4029-a240-8f1d3c45de1a,dossier individuel,
IA00061133,pilote_30,enrichi_socle_v1,site_pilote_valide,ca91c449-cb94-4c38-a230-023dbec512cd,"laiterie industrielle, fromagerie industrielle dite laiterie fromagerie Lavalou",Le Bourg-Saint-Léonard,61057,,,laiterie industrielle | fromagerie industrielle,transformation_lait | transformation_lait,agroalimentaire,fromagerie | laiterie,industrialisation_rail_vapeur | guerres_entre_deux_guerres | modernisation_apres_guerre | mutations_reconversions,industrialisation_rail_vapeur | guerres_entre_deux_guerres,geometrie_approximative,0.10359277019030935,48.76502373879208,aucun_rapprochement_requis_a_ce_stade,https://inventaire-patrimoine.normandie.fr/dossier/a49b849a-2c3f-43da-ba37-1654a0828017,dossier individuel,
IA00061135,pilote_30,enrichi_socle_v1,site_pilote_valide,2f3e86c1-08b4-4131-9a06-8f30764843cb,fonderies du Perche,Irai,61208,,Cernetterie (La),fonderie,fonderie,metallurgie_travail_metaux,fonderie,industrialisation_rail_vapeur | guerres_entre_deux_guerres,industrialisation_rail_vapeur | guerres_entre_deux_guerres,geometrie_approximative,0.6740319616145599,48.65300669671029,aucun_rapprochement_requis_a_ce_stade,https://inventaire-patrimoine.normandie.fr/dossier/a5bef7bf-b391-44f0-b9fe-2a4e452370d4,dossier individuel,
IA00061147,pilote_30,enrichi_socle_v1,site_pilote_valide,c528f629-8337-49c9-873c-75ecc067a7a3,cartonnerie,Saint-Langis-lès-Mortagne,61414,,Gare (La),cartonnerie,fabrication_carton,bois_papier_imprimerie,cartonnerie,guerres_entre_deux_guerres | modernisation_apres_guerre,guerres_entre_deux_guerres | modernisation_apres_guerre,geometrie_approximative,0.5490432071424247,48.50881005375055,candidat_a_verifier,https://inventaire-patrimoine.normandie.fr/dossier/3624a154-3a9a-40aa-9b62-a284ba7cbb38,dossier individuel,
IA00061153,pilote_30,enrichi_socle_v1,site_pilote_valide,b1136ddb-9fff-4209-8328-e5caed705388,affinerie dite forge de Beaumont,Longny-au-Perche,61230,,Forge (La),affinerie,affinage_metaux,metallurgie_travail_metaux,affinerie,avant_1789 | revolution_premiere_industrialisation | industrialisation_rail_vapeur,avant_1789 | industrialisation_rail_vapeur,geometrie_approximative,0.7468896435126247,48.51539072960532,aucun_rapprochement_requis_a_ce_stade,https://inventaire-patrimoine.normandie.fr/dossier/451e1db8-8019-43bb-8934-b6a85c84b000,dossier individuel,
IA00061155,pilote_30,enrichi_socle_v1,site_pilote_valide,890265c5-e62f-45f7-aed2-08fb1814f457,"usine de quincaillerie, tréfilerie dite établissements Bohin",Saint-Sulpice-sur-Risle,61456,,,usine de quincaillerie | tréfilerie,fabrication_quincaillerie | trefilage_metaux,metallurgie_travail_metaux,usine,revolution_premiere_industrialisation,revolution_premiere_industrialisation | industrialisation_rail_vapeur | guerres_entre_deux_guerres,geometrie_approximative,0.6568775300978867,48.77913238860982,aucun_rapprochement_requis_a_ce_stade,https://inventaire-patrimoine.normandie.fr/dossier/8e086fa2-48a8-45f7-bd02-99d65e20eb6a,dossier individuel,
IA00061166,pilote_30,enrichi_socle_v1,site_pilote_valide,35c5c701-5158-4714-aa11-6946f7fae290,cidrerie distillerie dite cidrerie distillerie Pépin,Écouché,61153,"Général de Gaulle (avenue du) 5, 9",,cidrerie | distillerie,production_cidre | distillation_alimentaire,agroalimentaire,cidrerie | distillerie,industrialisation_rail_vapeur | guerres_entre_deux_guerres | modernisation_apres_guerre | mutations_reconversions,industrialisation_rail_vapeur | guerres_entre_deux_guerres | modernisation_apres_guerre,geometrie_approximative,-0.12137461962188618,48.71420362780827,aucun_rapprochement_requis_a_ce_stade,https://inventaire-patrimoine.normandie.fr/dossier/a1a400fd-3841-4653-a97b-df83a755edee,dossier individuel,
IA00060886,phase8_lot1_50,structure_classee_a_enrichir,site_provisoire_lot1_valide,,scierie de Saint-Evroult,Saint-Evroult-Notre-Dame-du-Bois,61386,,,scierie,sciage_bois,bois_papier_imprimerie,scierie,,industrialisation_rail_vapeur,source_non_controlee,0.4678298343674747,48.7839395005013,aucun_rapprochement_requis_a_ce_stade,https://inventaire-patrimoine.normandie.fr/dossier/ac551034-af77-49ae-b783-93b8082f3fb2,dossier individuel,
IA00060892,phase8_lot1_50,structure_classee_a_enrichir,site_provisoire_lot1_valide,,filature de coton,Ménil-Hubert-sur-Orne,61269,,Bateau (Le),filature,filature_textile,textile_habillement_cuir,filature,,industrialisation_rail_vapeur | guerres_entre_deux_guerres | modernisation_apres_guerre,source_non_controlee,-0.397570969637022,48.85651269472857,aucun_rapprochement_requis_a_ce_stade,https://inventaire-patrimoine.normandie.fr/dossier/56f6086f-45f4-4898-a92d-01c3877e751a,dossier individuel,
IA00060899,phase8_lot1_50,structure_classee_a_enrichir,site_provisoire_lot1_valide,,haut fourneau,Rânes,61344,,Fourneau (Le),haut fourneau,production_fonte,metallurgie_travail_metaux,haut_fourneau,,avant_1789,source_non_controlee,-0.21143545726767699,48.62191705928494,aucun_rapprochement_requis_a_ce_stade,https://inventaire-patrimoine.normandie.fr/dossier/241fb84d-5d76-4ec3-9868-368485c43bbc,dossier individuel,
IA00060907,phase8_lot1_50,structure_classee_a_enrichir,site_provisoire_lot1_valide,,usine de confection,Flers,61169,11e Division Britannique (rue de la) 33,,usine de confection,confection_habillement,textile_habillement_cuir,usine,,guerres_entre_deux_guerres | modernisation_apres_guerre,source_non_controlee,-0.5697684690933215,48.751537545057566,aucun_rapprochement_requis_a_ce_stade,https://inventaire-patrimoine.normandie.fr/dossier/b03e3c23-feab-4456-bf5c-3902b8bb7488,dossier individuel,
IA00060914,phase8_lot1_50,structure_classee_a_enrichir,site_provisoire_lot1_valide,,tissage (tissage de Coton) dit tissage de la Blanchardière,Flers,61169,Durmeyer (rue) 16,,tissage,tissage,textile_habillement_cuir,tissage,,industrialisation_rail_vapeur | guerres_entre_deux_guerres | modernisation_apres_guerre,source_non_controlee,-0.5761359134633843,48.742928798775004,aucun_rapprochement_requis_a_ce_stade,https://inventaire-patrimoine.normandie.fr/dossier/83cddd58-ad05-4930-98cc-fdfad6dd518d,dossier individuel,
IA00060920,phase8_lot1_50,structure_classee_a_enrichir,site_provisoire_lot1_valide,,scierie,Saint-Germain-de-Clairefeuille,61393,,Scierie (La),scierie,sciage_bois,bois_papier_imprimerie,scierie,,guerres_entre_deux_guerres | modernisation_apres_guerre,source_non_controlee,0.23551638196666144,48.73046090546557,aucun_rapprochement_requis_a_ce_stade,https://inventaire-patrimoine.normandie.fr/dossier/9ec3d6b1-bf68-4db3-8138-ef1366985e52,dossier individuel,
IA00060926,phase8_lot1_50,structure_classee_a_enrichir,site_provisoire_lot1_valide,,"usine de ferblanterie, usine de serrurerie",Tinchebray,61486,"Porets (rue au) 11, 13",,usine de ferblanterie | usine de serrurerie,fabrication_metaux | fabrication_quincaillerie,metallurgie_travail_metaux,usine,,industrialisation_rail_vapeur,source_non_controlee,-0.7273491653432106,48.76397087591518,aucun_rapprochement_requis_a_ce_stade,https://inventaire-patrimoine.normandie.fr/dossier/eaea568b-7601-4bdf-8f38-5fadccbc4d80,dossier individuel,
IA00060932,phase8_lot1_50,structure_classee_a_enrichir,site_provisoire_lot1_valide,,usine de confection,Flers,61169,Boule (rue de la) 80,,usine de confection,confection_habillement,textile_habillement_cuir,usine,,guerres_entre_deux_guerres | modernisation_apres_guerre,source_non_controlee,-0.5714601218313395,48.753575680223996,aucun_rapprochement_requis_a_ce_stade,https://inventaire-patrimoine.normandie.fr/dossier/6017fa46-e6f0-4085-8760-68bb54cfc44d,dossier individuel,
IA00060939,phase8_lot1_50,structure_classee_a_enrichir,site_provisoire_lot1_valide,,fromagerie industrielle,Le Renouard,61346,,Vignette (La),fromagerie industrielle,transformation_lait,agroalimentaire,fromagerie,,industrialisation_rail_vapeur | guerres_entre_deux_guerres,source_non_controlee,0.08040427513680662,48.92687192121918,aucun_rapprochement_requis_a_ce_stade,https://inventaire-patrimoine.normandie.fr/dossier/fceacf84-952a-4d8d-8db0-efdf2cc7b3ad,dossier individuel,
IA00060945,phase8_lot1_50,structure_classee_a_enrichir,site_provisoire_lot1_valide,,moulin à farine,Saint-Martin-l'Aiguillon,61427,,Moulin de Crochet (Le),moulin à farine,mouture_cereales,agroalimentaire,moulin,,revolution_premiere_industrialisation,source_non_controlee,-0.16683424539079367,48.60742089732103,aucun_rapprochement_requis_a_ce_stade,https://inventaire-patrimoine.normandie.fr/dossier/c00da04a-cc2a-460e-aced-1c44ff737c01,dossier individuel,
IA00060950,phase8_lot1_50,structure_classee_a_enrichir,site_provisoire_lot1_valide,,moulin à farine,Macé,61240,,Boue,moulin à farine,mouture_cereales,agroalimentaire,moulin,,industrialisation_rail_vapeur,source_non_controlee,0.10845493725543898,48.65369860837976,aucun_rapprochement_requis_a_ce_stade,https://inventaire-patrimoine.normandie.fr/dossier/fec36c1b-86bf-42e2-857d-559a5ac73865,dossier individuel,
IA00060956,phase8_lot1_50,structure_classee_a_enrichir,site_provisoire_lot1_valide,,"cidrerie, distillerie puis, laiterie industrielle",Mantilly,61248,,Landes (Les),cidrerie | distillerie | laiterie industrielle,production_cidre | distillation_alimentaire | transformation_lait,agroalimentaire,cidrerie | distillerie | laiterie,,industrialisation_rail_vapeur | guerres_entre_deux_guerres,source_non_controlee,-0.8133125215700684,48.50431194314542,aucun_rapprochement_requis_a_ce_stade,https://inventaire-patrimoine.normandie.fr/dossier/71f0f9d8-3b40-4722-9455-a9d026e77b8d,dossier individuel,
IA00060963,phase8_lot1_50,structure_classee_a_enrichir,site_provisoire_lot1_valide,,filature,Frênes,61177,,Rosée (La),filature,filature_textile,textile_habillement_cuir,filature,,industrialisation_rail_vapeur,source_non_controlee,-0.6693152669053777,48.78351514221074,aucun_rapprochement_requis_a_ce_stade,https://inventaire-patrimoine.normandie.fr/dossier/17dd6c87-db50-497e-bd9a-e8f9b7666246,dossier individuel,
IA00060971,phase8_lot1_50,structure_classee_a_enrichir,site_provisoire_lot1_valide,,tannerie,Alençon,61001,Val Noble (rue du) 17,,tannerie,tannerie_cuir,textile_habillement_cuir,tannerie,,industrialisation_rail_vapeur,source_non_controlee,0.08461441945076252,48.42946905167175,aucun_rapprochement_requis_a_ce_stade,https://inventaire-patrimoine.normandie.fr/dossier/bded1cd2-48ee-484c-8700-97e411bf750f,dossier individuel,
IA00060977,phase8_lot1_50,structure_classee_a_enrichir,site_provisoire_lot1_valide,,usine liée au travail du bois,Alençon,61001,"Basingstoke (avenue de) 77, 79",,usine liée au travail du bois,travail_bois,bois_papier_imprimerie,usine,,guerres_entre_deux_guerres | modernisation_apres_guerre,source_non_controlee,0.0963187880136845,48.44091023804762,aucun_rapprochement_requis_a_ce_stade,https://inventaire-patrimoine.normandie.fr/dossier/bda44f05-b99e-463b-8019-9347f105f15a,dossier individuel,
IA00060982,phase8_lot1_50,structure_classee_a_enrichir,site_provisoire_lot1_valide,,tissage,La Ferté-Macé,61168,,Peupliers (Les),tissage,tissage,textile_habillement_cuir,tissage,,industrialisation_rail_vapeur,source_non_controlee,-0.3495214046521591,48.595981457148504,aucun_rapprochement_requis_a_ce_stade,https://inventaire-patrimoine.normandie.fr/dossier/58d400e9-b245-40ac-bdc1-951d33f93f1e,dossier individuel,
IA00060988,phase8_lot1_50,structure_classee_a_enrichir,site_provisoire_lot1_valide,,usine de matériel d'équipement industriel dite usine Lurem,La Haute-Chapelle,61201,,Petite Forge (La),usine de matériel d'équipement industriel,construction_mecanique,mecanique_electrique,usine,,modernisation_apres_guerre,source_non_controlee,-0.6658745767265201,48.58727413409431,aucun_rapprochement_requis_a_ce_stade,https://inventaire-patrimoine.normandie.fr/dossier/4a1dbf3d-9f32-4083-99ca-b1080b97bbc0,dossier individuel,
IA00060994,phase8_lot1_50,structure_classee_a_enrichir,site_provisoire_lot1_valide,,usine d'extraction,Chailloué,61081,,,usine d'extraction,extraction_miniere,extraction,usine_extraction,,industrialisation_rail_vapeur | guerres_entre_deux_guerres,source_non_controlee,0.2034939137099191,48.654212408884156,aucun_rapprochement_requis_a_ce_stade,https://inventaire-patrimoine.normandie.fr/dossier/91df8d62-51c0-4bd5-84fc-f99011dfa932,dossier individuel,
IA00061001,phase8_lot1_50,structure_classee_a_enrichir,site_provisoire_lot1_valide,,usine de chaussures,La Ferté-Macé,61168,Clouet (rue de),,usine de chaussures,fabrication_chaussures,textile_habillement_cuir,usine,,industrialisation_rail_vapeur,source_non_controlee,-0.3607207511111852,48.59008351309217,aucun_rapprochement_requis_a_ce_stade,https://inventaire-patrimoine.normandie.fr/dossier/341e5158-f94c-447e-a785-78ff45bbf74d,dossier individuel,
IA00061010,phase8_lot1_50,structure_classee_a_enrichir,site_provisoire_lot1_valide,,"moulin à farine, minoterie",Couterne,61135,Petite Vitesse (rue de la),,moulin à farine | minoterie,mouture_cereales | mouture_cereales,agroalimentaire,minoterie | moulin,,industrialisation_rail_vapeur | guerres_entre_deux_guerres,source_non_controlee,-0.4162401728073029,48.50953700369973,aucun_rapprochement_requis_a_ce_stade,https://inventaire-patrimoine.normandie.fr/dossier/0970802c-ec7f-47d3-b927-be99e1eaeddb,dossier individuel,
IA00061015,phase8_lot1_50,structure_classee_a_enrichir,site_provisoire_lot1_valide,,"moulin à farine, usine de pâte à papier",Mâle,61246,,Moulin de Mâle (Le),moulin à farine | usine de pâte à papier,mouture_cereales | fabrication_papier,agroalimentaire | bois_papier_imprimerie,moulin | usine,,industrialisation_rail_vapeur,source_non_controlee,0.7463952580885334,48.280356930391285,aucun_rapprochement_requis_a_ce_stade,https://inventaire-patrimoine.normandie.fr/dossier/4d921a1e-9cd2-497b-8670-7c168fc7bdbe,dossier individuel,
IA00061021,phase8_lot1_50,structure_classee_a_enrichir,site_provisoire_lot1_valide,,moulin à farine,Saint-Agnan-sur-Sarthe,61360,,Josselin (Le),moulin à farine,mouture_cereales,agroalimentaire,moulin,,industrialisation_rail_vapeur,source_non_controlee,0.42585583113409775,48.60662982893626,aucun_rapprochement_requis_a_ce_stade,https://inventaire-patrimoine.normandie.fr/dossier/055b4787-db11-470d-9017-4ac147a1be2f,dossier individuel,
IA00061027,phase8_lot1_50,structure_classee_a_enrichir,site_provisoire_lot1_valide,,"usine de passementerie, usine de chaussures",Beaufai,61032,,Corru,usine de passementerie | usine de chaussures,passementerie | fabrication_chaussures,textile_habillement_cuir,usine,,revolution_premiere_industrialisation | industrialisation_rail_vapeur,source_non_controlee,0.538581723544252,48.74845336435086,aucun_rapprochement_requis_a_ce_stade,https://inventaire-patrimoine.normandie.fr/dossier/8d2fc298-6106-4fb9-ace4-2b7ba53178c4,dossier individuel,
IA00061037,phase8_lot1_50,structure_classee_a_enrichir,site_provisoire_lot1_valide,,filature,Saint-Pierre-du-Regard,61447,,Champ Ferment (Le),filature,filature_textile,textile_habillement_cuir,filature,,industrialisation_rail_vapeur,source_non_controlee,-0.511061724277782,48.84564556345078,candidat_a_verifier,https://inventaire-patrimoine.normandie.fr/dossier/5b097d42-cbe4-4079-b0cc-df7323cc90ad,dossier individuel,
IA00061043,phase8_lot1_50,structure_classee_a_enrichir,site_provisoire_lot1_valide,,tissage,Flers,61169,Chaussée (rue de la),,tissage,tissage,textile_habillement_cuir,tissage,,industrialisation_rail_vapeur,source_non_controlee,-0.5650301499614981,48.744161485291436,aucun_rapprochement_requis_a_ce_stade,https://inventaire-patrimoine.normandie.fr/dossier/13d93ded-5d35-484d-904a-ffde8bf27a69,dossier individuel,
IA00061048,phase8_lot1_50,structure_classee_a_enrichir,site_provisoire_lot1_valide,,"fonderie Renaudin, puis Société Nouvelle d'Exploitation Renaudin",Mâle,61246,,Ecu (L'),fonderie,fonderie,metallurgie_travail_metaux,fonderie,,industrialisation_rail_vapeur | guerres_entre_deux_guerres | modernisation_apres_guerre,source_non_controlee,0.7335819048867412,48.27319920455188,aucun_rapprochement_requis_a_ce_stade,https://inventaire-patrimoine.normandie.fr/dossier/fee44f1a-cacf-4e6b-901a-b1db55222375,dossier individuel,
IA00061056,phase8_lot1_50,structure_classee_a_enrichir,site_provisoire_lot1_valide,,moulin à farine,Crulai,61140,,Moulin du Pont (Le),moulin à farine,mouture_cereales,agroalimentaire,moulin,,industrialisation_rail_vapeur,source_non_controlee,0.6603590709355139,48.7136409659732,aucun_rapprochement_requis_a_ce_stade,https://inventaire-patrimoine.normandie.fr/dossier/78e2022c-4f96-40e7-81f1-d3586ae87247,dossier individuel,
IA00061063,phase8_lot1_50,structure_classee_a_enrichir,site_provisoire_lot1_valide,,tuilerie,Rémalard,61345,,Tuilerie (La),tuilerie,fabrication_tuiles,verre_ceramique_materiaux_construction,tuilerie,,avant_1789 | revolution_premiere_industrialisation,source_non_controlee,0.7929021288156838,48.44365476582519,aucun_rapprochement_requis_a_ce_stade,https://inventaire-patrimoine.normandie.fr/dossier/40375f0f-d4f0-4478-98ed-f724ad669bc7,dossier individuel,
IA00061069,phase8_lot1_50,structure_classee_a_enrichir,site_provisoire_lot1_valide,,manufacture et scierie Bellêmoise,Saint-Martin-du-Vieux-Bellême,61426,"Pierre de Romanet (rue) 7, 9",,scierie,sciage_bois,bois_papier_imprimerie,scierie,,industrialisation_rail_vapeur | modernisation_apres_guerre,source_non_controlee,0.5425993766308884,48.38036350149532,aucun_rapprochement_requis_a_ce_stade,https://inventaire-patrimoine.normandie.fr/dossier/cf003820-a2b8-4a09-8b4d-72a383e46fc0,dossier individuel,
IA00061076,phase8_lot1_50,structure_classee_a_enrichir,site_provisoire_lot1_valide,,usine de quincaillerie,L'Aigle,61214,,Haies (Les),usine de quincaillerie,fabrication_quincaillerie,metallurgie_travail_metaux,usine,,revolution_premiere_industrialisation | industrialisation_rail_vapeur,source_non_controlee,0.607678653852454,48.75794749939289,aucun_rapprochement_requis_a_ce_stade,https://inventaire-patrimoine.normandie.fr/dossier/15df09f0-5249-4691-8e4d-f38157baead0,dossier individuel,
IA00061081,phase8_lot1_50,structure_classee_a_enrichir,site_provisoire_lot1_valide,,"moulin à farine dit moulin de Feugeroux, puis Tréfilerie Bigot",Sainte-Gauburge-Sainte-Colombe,61389,,,moulin à farine,mouture_cereales,agroalimentaire,moulin,,industrialisation_rail_vapeur,source_non_controlee,0.4312003788984675,48.710104766955084,aucun_rapprochement_requis_a_ce_stade,https://inventaire-patrimoine.normandie.fr/dossier/4a78fd5d-d20b-4fbb-9b93-aa0709df8e65,dossier individuel,
IA00061087,phase8_lot1_50,structure_classee_a_enrichir,site_provisoire_lot1_valide,,haut fourneau de la Roche,Livaie,61228,,Fourneau (Le),haut fourneau,production_fonte,metallurgie_travail_metaux,haut_fourneau,,revolution_premiere_industrialisation | industrialisation_rail_vapeur,source_non_controlee,-0.046821074031807575,48.48427894177562,aucun_rapprochement_requis_a_ce_stade,https://inventaire-patrimoine.normandie.fr/dossier/f271b311-4b6e-4234-8fb7-30ba3e51c803,dossier individuel,
IA00061094,phase8_lot1_50,structure_classee_a_enrichir,site_provisoire_lot1_valide,,affinerie dite forge de Gaillon,Randonnai,61343,,Gaillons (Les),affinerie,affinage_metaux,metallurgie_travail_metaux,affinerie,,avant_1789 | revolution_premiere_industrialisation,source_non_controlee,0.6638519922633122,48.64617543456002,aucun_rapprochement_requis_a_ce_stade,https://inventaire-patrimoine.normandie.fr/dossier/1605cad5-d82b-4326-a5af-8d2913739cde,dossier individuel,
IA00061101,phase8_lot1_50,structure_classee_a_enrichir,site_provisoire_lot1_valide,,"haut fourneau, moulin à blé",Tourouvre,61491,,Fonte (La),haut fourneau | moulin à blé,production_fonte | mouture_cereales,agroalimentaire | metallurgie_travail_metaux,haut_fourneau | moulin,,avant_1789 | revolution_premiere_industrialisation | industrialisation_rail_vapeur,source_non_controlee,0.6976500149012115,48.58081738559075,aucun_rapprochement_requis_a_ce_stade,https://inventaire-patrimoine.normandie.fr/dossier/84eaa0bf-354c-4c01-bc30-929f562b2b7c,dossier individuel,
IA00061107,phase8_lot1_50,structure_classee_a_enrichir,site_provisoire_lot1_valide,,"moulin à farine, minoterie",Bivilliers,61045,,Peltrie (La),moulin à farine | minoterie,mouture_cereales | mouture_cereales,agroalimentaire,minoterie | moulin,,industrialisation_rail_vapeur | guerres_entre_deux_guerres | mutations_reconversions,source_non_controlee,0.6134958546227796,48.57833108312378,aucun_rapprochement_requis_a_ce_stade,https://inventaire-patrimoine.normandie.fr/dossier/df941cfb-6758-48e8-937f-62020b560891,dossier individuel,
IA00061112,phase8_lot1_50,structure_classee_a_enrichir,site_provisoire_lot1_valide,,haut fourneau,Longny-au-Perche,61230,,Rainville,haut fourneau,production_fonte,metallurgie_travail_metaux,haut_fourneau,,avant_1789 | revolution_premiere_industrialisation | industrialisation_rail_vapeur,source_non_controlee,0.7707042356303826,48.54435866695,aucun_rapprochement_requis_a_ce_stade,https://inventaire-patrimoine.normandie.fr/dossier/f7f9721f-8fbf-46cb-b669-93dc5606b248,dossier individuel,
IA00061121,phase8_lot1_50,structure_classee_a_enrichir,site_provisoire_lot1_valide,,filature,Athis-de-l'Orne,61007,,Réservoir (Le),filature,filature_textile,textile_habillement_cuir,filature,,industrialisation_rail_vapeur | guerres_entre_deux_guerres | modernisation_apres_guerre,source_non_controlee,-0.5294009951014579,48.82402201932426,aucun_rapprochement_requis_a_ce_stade,https://inventaire-patrimoine.normandie.fr/dossier/be32a865-e7dd-4406-9826-f6167f92efc4,dossier individuel,
IA00061127,phase8_lot1_50,structure_classee_a_enrichir,site_provisoire_lot1_valide,,usine de matériel électroménager dite usine Moulinex,Argentan,61006,Commerce (rue du) 25,,usine de matériel électroménager,fabrication_materiel_electrique,mecanique_electrique,usine,,modernisation_apres_guerre,source_non_controlee,-0.02931933161975004,48.73419203382837,aucun_rapprochement_requis_a_ce_stade,https://inventaire-patrimoine.normandie.fr/dossier/1b8c5ef7-d2e9-44f9-afbc-1d714f6675e7,dossier individuel,
IA00061134,phase8_lot1_50,structure_classee_a_enrichir,site_provisoire_lot1_valide,,usine de fabrication des métaux,Boucé,61055,,Grosse Forge,usine de fabrication des métaux,fabrication_metaux,metallurgie_travail_metaux,usine,,avant_1789,source_non_controlee,-0.08500658671227664,48.647494988750886,aucun_rapprochement_requis_a_ce_stade,https://inventaire-patrimoine.normandie.fr/dossier/8769226f-24f3-4898-8664-bb903cd2e237,dossier individuel,
IA00061141,phase8_lot1_50,structure_classee_a_enrichir,site_provisoire_lot1_valide,,moulin à papier,Saint-Victor-de-Réno,61458,,Moulin-Neuf (Le),moulin à papier,fabrication_papier,bois_papier_imprimerie,papeterie,,revolution_premiere_industrialisation | guerres_entre_deux_guerres | modernisation_apres_guerre,source_non_controlee,0.7033964120834467,48.509149236547636,aucun_rapprochement_requis_a_ce_stade,https://inventaire-patrimoine.normandie.fr/dossier/bf1fdc43-1afc-45d1-876a-bdec4cb71c0a,dossier individuel,
IA00061146,phase8_lot1_50,structure_classee_a_enrichir,site_provisoire_lot1_valide,,"moulin à foulon, tréfilerie",Vitrai-sous-Laigle,61510,,Moulin de la Foulerie (Le),moulin à foulon | tréfilerie,foulage_textile | trefilage_metaux,metallurgie_travail_metaux | textile_habillement_cuir,moulin | usine,,revolution_premiere_industrialisation | industrialisation_rail_vapeur,source_non_controlee,0.6969182667224482,48.730701950630184,aucun_rapprochement_requis_a_ce_stade,https://inventaire-patrimoine.normandie.fr/dossier/d89c08a5-24d5-41d5-a5cd-68ea0f8760df,dossier individuel,
IA00061154,phase8_lot1_50,structure_classee_a_enrichir,site_provisoire_lot1_valide,,"tréfilerie, usine de quincaillerie",Saint-Sulpice-sur-Risle,61456,,Fosse (La),tréfilerie | usine de quincaillerie,trefilage_metaux | fabrication_quincaillerie,metallurgie_travail_metaux,usine,,revolution_premiere_industrialisation | industrialisation_rail_vapeur,source_non_controlee,0.6433651547612741,48.76963473306186,aucun_rapprochement_requis_a_ce_stade,https://inventaire-patrimoine.normandie.fr/dossier/1d238529-8f37-4a77-af3f-bde40720b882,dossier individuel,
IA00061161,phase8_lot1_50,structure_classee_a_enrichir,site_provisoire_lot1_valide,,moulin à papier,Canapville,61072,,,moulin à papier,fabrication_papier,bois_papier_imprimerie,papeterie,,industrialisation_rail_vapeur,source_non_controlee,0.2636746919300669,48.958930064153925,aucun_rapprochement_requis_a_ce_stade,https://inventaire-patrimoine.normandie.fr/dossier/997fbf0b-081a-41ca-afc1-ec45e05f3a54,dossier individuel,
IA00061168,phase8_lot1_50,structure_classee_a_enrichir,site_provisoire_lot1_valide,,moulin à farine,Nonant-le-Pin,61310,,Moulin Girou (Le),moulin à farine,mouture_cereales,agroalimentaire,moulin,,industrialisation_rail_vapeur,source_non_controlee,0.19820159126116538,48.70304053030052,aucun_rapprochement_requis_a_ce_stade,https://inventaire-patrimoine.normandie.fr/dossier/9850ea9f-77d8-4d11-9179-067c3047291f,dossier individuel,
IA00061174,phase8_lot1_50,structure_classee_a_enrichir,site_provisoire_lot1_valide,,"fenderie, moulin à blé",Montmerrei,61288,,Fenderie (La),fenderie | moulin à blé,fabrication_metaux | mouture_cereales,agroalimentaire | metallurgie_travail_metaux,moulin | usine,,avant_1789 | revolution_premiere_industrialisation,source_non_controlee,0.04187099004780732,48.61627477352811,aucun_rapprochement_requis_a_ce_stade,https://inventaire-patrimoine.normandie.fr/dossier/ad7f8666-1272-420a-bfef-208adc638206,dossier individuel,
IA00061179,phase8_lot1_50,structure_classee_a_enrichir,site_provisoire_lot1_valide,,imprimerie,Flers,61169,Jules Gevelot (rue) 24,,imprimerie,imprimerie,bois_papier_imprimerie,imprimerie,,industrialisation_rail_vapeur,source_non_controlee,-0.5715954614258228,48.75117676630784,aucun_rapprochement_requis_a_ce_stade,https://inventaire-patrimoine.normandie.fr/dossier/f0494843-26ec-42e0-bbf4-8080825095af,dossier individuel,
IA00061185,phase8_lot1_50,structure_classee_a_enrichir,site_provisoire_lot1_valide,,"distillerie, cidrerie",Gacé,61181,,Rançonnières (Les),distillerie | cidrerie,distillation_alimentaire | production_cidre,agroalimentaire,cidrerie | distillerie,,industrialisation_rail_vapeur | guerres_entre_deux_guerres,source_non_controlee,0.2991033520069833,48.784346898685136,aucun_rapprochement_requis_a_ce_stade,https://inventaire-patrimoine.normandie.fr/dossier/2d0b8b65-128a-41b8-84ea-f7e285191de0,dossier individuel,
IA00061191,phase8_lot1_50,structure_classee_a_enrichir,site_provisoire_lot1_valide,,tissage,Saint-Georges-des-Groseillers,61391,,Tremblay (Le),tissage,tissage,textile_habillement_cuir,tissage,,industrialisation_rail_vapeur | guerres_entre_deux_guerres,source_non_controlee,-0.5768761559617352,48.75353050958973,aucun_rapprochement_requis_a_ce_stade,https://inventaire-patrimoine.normandie.fr/dossier/7d8065d7-1e45-4b91-a03a-de2e1cff3468,dossier individuel,
IA00061197,phase8_lot1_50,structure_classee_a_enrichir,site_provisoire_lot1_valide,,tuilerie,Trun,61494,,Grandes Crouttes (Les),tuilerie,fabrication_tuiles,verre_ceramique_materiaux_construction,tuilerie,,industrialisation_rail_vapeur,source_non_controlee,0.062441089962588875,48.855627373924115,aucun_rapprochement_requis_a_ce_stade,https://inventaire-patrimoine.normandie.fr/dossier/82ece625-4edb-4a32-9547-9305a585b7d1,dossier individuel,
IA00061203,phase8_lot1_50,structure_classee_a_enrichir,site_provisoire_lot1_valide,,moulin à farine,Domfront,61145,Notre-Dame,,moulin à farine,mouture_cereales,agroalimentaire,moulin,,industrialisation_rail_vapeur,source_non_controlee,-0.6567598422047569,48.591642955407615,aucun_rapprochement_requis_a_ce_stade,https://inventaire-patrimoine.normandie.fr/dossier/5f52703f-f04a-4fcb-ae05-4d0e785b38f7,dossier individuel,
IA00060884,phase8_restant_officiel,structure_classee_a_enrichir,site_provisoire_a_verifier,,usine d'ouvrages en amiante,Saint-Pierre-du-Regard,61447,,Petite Suisse (La),usine d'ouvrages en amiante,fabrication_produits_amiante,verre_ceramique_materiaux_construction,usine,,guerres_entre_deux_guerres | modernisation_apres_guerre,source_non_controlee,-0.5259781886493472,48.828444221219215,aucun_rapprochement_requis_a_ce_stade,https://inventaire-patrimoine.normandie.fr/dossier/e6892b25-22e4-4cbb-9c3e-434cee671418,dossier individuel,
IA00060885,phase8_restant_officiel,structure_classee_a_enrichir,site_provisoire_a_verifier,,centrale hydroélectrique,Saint-Philbert-sur-Orne,61444,,Breuil (Le),centrale hydroélectrique,production_hydroelectricite,energie,centrale_hydroelectrique,,modernisation_apres_guerre,source_non_controlee,-0.3585271347598061,48.846111764605595,aucun_rapprochement_requis_a_ce_stade,https://inventaire-patrimoine.normandie.fr/dossier/268e9a4a-9d0b-4bf3-88ab-be2766dc5881,dossier individuel,
IA00060887,phase8_restant_officiel,structure_classee_a_enrichir,site_provisoire_a_verifier,,"moulin à papier, filature",Tinchebray,61486,,Rochefort,moulin à papier | filature,fabrication_papier | filature_textile,bois_papier_imprimerie | textile_habillement_cuir,filature | papeterie,,industrialisation_rail_vapeur,source_non_controlee,-0.7175992326296594,48.75539706012365,aucun_rapprochement_requis_a_ce_stade,https://inventaire-patrimoine.normandie.fr/dossier/3be4c4e6-81b3-4b00-a5be-29bf694da658,dossier individuel,
IA00060888,phase8_restant_officiel,structure_classee_a_enrichir,site_provisoire_a_verifier,,"moulin à blé, filature",Ségrie-Fontaine,61465,,Moulin de Ségrie (Le),moulin à blé | filature,mouture_cereales | filature_textile,agroalimentaire | textile_habillement_cuir,filature | moulin,,industrialisation_rail_vapeur,source_non_controlee,-0.3987323196061812,48.811813124956416,aucun_rapprochement_requis_a_ce_stade,https://inventaire-patrimoine.normandie.fr/dossier/50d0c504-09b6-4aa5-abae-0706d3f6be25,dossier individuel,
IA00060889,phase8_restant_officiel,structure_classee_a_enrichir,site_provisoire_a_verifier,,usine de construction mécanique dite usine de Construction Mécanique Cousin,Saint-Georges-des-Groseillers,61391,Henri Letard (rue) 59,,usine de construction mécanique,construction_mecanique,mecanique_electrique,usine,,modernisation_apres_guerre,source_non_controlee,-0.559725380707416,48.75540281507778,aucun_rapprochement_requis_a_ce_stade,https://inventaire-patrimoine.normandie.fr/dossier/e8e4afcd-ec77-4268-afba-aa8cb7d4583b,dossier individuel,
IA00060890,phase8_restant_officiel,structure_classee_a_enrichir,site_provisoire_a_verifier,,fromagerie industrielle,Saint-Evroult-Notre-Dame-du-Bois,61386,,Selle (La),fromagerie industrielle,transformation_lait,agroalimentaire,fromagerie,,industrialisation_rail_vapeur,source_non_controlee,0.43540435924326637,48.79619653998278,aucun_rapprochement_requis_a_ce_stade,https://inventaire-patrimoine.normandie.fr/dossier/72c7db66-5725-450c-9b6a-9affb002f377,dossier individuel,
IA00060891,phase8_restant_officiel,structure_classee_a_enrichir,site_provisoire_a_verifier,,fromagerie industrielle,Serans,61470,,Douits (Les),fromagerie industrielle,transformation_lait,agroalimentaire,fromagerie,,revolution_premiere_industrialisation | guerres_entre_deux_guerres | modernisation_apres_guerre,source_non_controlee,-0.1656498392817549,48.73999599732884,aucun_rapprochement_requis_a_ce_stade,https://inventaire-patrimoine.normandie.fr/dossier/5d4cbd4e-f48d-46f7-bde7-1dc67f5b7136,dossier individuel,
IA00060893,phase8_restant_officiel,structure_classee_a_enrichir,site_provisoire_a_verifier,,filature de coton,Cahan,61069,,Rocray (Le),filature,filature_textile,textile_habillement_cuir,filature,,industrialisation_rail_vapeur | guerres_entre_deux_guerres | modernisation_apres_guerre,source_non_controlee,-0.4531499506792645,48.869926683570974,aucun_rapprochement_requis_a_ce_stade,https://inventaire-patrimoine.normandie.fr/dossier/5087b98c-261c-4355-949d-915acf578073,dossier individuel,
IA00060894,phase8_restant_officiel,structure_classee_a_enrichir,site_provisoire_a_verifier,,"haut fourneau, moulin à farine",Dompierre,61146,,Moulin-Neuf (Le),haut fourneau | moulin à farine,production_fonte | mouture_cereales,agroalimentaire | metallurgie_travail_metaux,haut_fourneau | moulin,,avant_1789 | revolution_premiere_industrialisation,source_non_controlee,-0.5509558352839058,48.6419492030083,aucun_rapprochement_requis_a_ce_stade,https://inventaire-patrimoine.normandie.fr/dossier/4edf53a2-97b8-4ddb-bc74-18ebf307945a,dossier individuel,
IA00060895,phase8_restant_officiel,structure_classee_a_enrichir,site_provisoire_a_verifier,,fonderie,Argentan,61006,Industrie (avenue de l') 6 à 10,,fonderie,fonderie,metallurgie_travail_metaux,fonderie,,guerres_entre_deux_guerres | modernisation_apres_guerre,source_non_controlee,-0.027386267798739188,48.73464613378963,aucun_rapprochement_requis_a_ce_stade,https://inventaire-patrimoine.normandie.fr/dossier/cfe24f63-71ef-4ba1-9c54-a8f47cdc51cc,dossier individuel,
IA00060897,phase8_restant_officiel,structure_classee_a_enrichir,site_provisoire_a_verifier,,filature de coton,Caligny,61070,,Pont (Le),filature,filature_textile,textile_habillement_cuir,filature,,revolution_premiere_industrialisation | industrialisation_rail_vapeur | guerres_entre_deux_guerres,source_non_controlee,-0.6084368301689171,48.80765303634576,aucun_rapprochement_requis_a_ce_stade,https://inventaire-patrimoine.normandie.fr/dossier/f3368b75-9c61-4871-9b09-73048c1f8120,dossier individuel,
IA00060898,phase8_restant_officiel,structure_classee_a_enrichir,site_provisoire_a_verifier,,"usine de confection, usine de matériel électroménager, usine de matériel électroacoustique",Flers,61169,Libération (avenue de la),,usine de confection | usine de matériel électroménager | usine de matériel électroacoustique,confection_habillement | fabrication_materiel_electrique | fabrication_materiel_electrique,mecanique_electrique | textile_habillement_cuir,usine,,industrialisation_rail_vapeur | modernisation_apres_guerre,source_non_controlee,-0.5833701637372726,48.7501485135232,aucun_rapprochement_requis_a_ce_stade,https://inventaire-patrimoine.normandie.fr/dossier/79bd4669-a6e8-40cf-ad76-442679321b9b,dossier individuel,
IA00060900,phase8_restant_officiel,structure_classee_a_enrichir,site_provisoire_a_verifier,,filature de coton,Saint-Pierre-d'Entremont,61445,,Vaux (Les),filature,filature_textile,textile_habillement_cuir,filature,,industrialisation_rail_vapeur,source_non_controlee,-0.6440165445695119,48.79913635902096,aucun_rapprochement_requis_a_ce_stade,https://inventaire-patrimoine.normandie.fr/dossier/1569a5fc-5af9-4ced-9967-4c507de2414e,dossier individuel,
IA00060903,phase8_restant_officiel,structure_classee_a_enrichir,site_provisoire_a_verifier,,filature de coton,Caligny,61070,,Prés (Les),filature,filature_textile,textile_habillement_cuir,filature,,revolution_premiere_industrialisation | industrialisation_rail_vapeur,source_non_controlee,-0.5979219090552995,48.81368703293592,aucun_rapprochement_requis_a_ce_stade,https://inventaire-patrimoine.normandie.fr/dossier/77493c8a-f023-4733-a897-c7b181593906,dossier individuel,
IA00060904,phase8_restant_officiel,structure_classee_a_enrichir,site_provisoire_a_verifier,,filature de coton,Montilly-sur-Noireau,61287,,Beau Manoir (Le),filature,filature_textile,textile_habillement_cuir,filature,,revolution_premiere_industrialisation | industrialisation_rail_vapeur,source_non_controlee,-0.5754498144802999,48.82888301000017,aucun_rapprochement_requis_a_ce_stade,https://inventaire-patrimoine.normandie.fr/dossier/8f5adc8f-f62b-4153-b407-4f9db4819abd,dossier individuel,
IA00060905,phase8_restant_officiel,structure_classee_a_enrichir,site_provisoire_a_verifier,,"fromagerie industrielle, laiterie industrielle",Saint-Bômer-les-Forges,61369,,Forges (Les),fromagerie industrielle | laiterie industrielle,transformation_lait | transformation_lait,agroalimentaire,fromagerie | laiterie,,industrialisation_rail_vapeur | guerres_entre_deux_guerres | modernisation_apres_guerre,source_non_controlee,-0.6228811585247778,48.647382103042176,aucun_rapprochement_requis_a_ce_stade,https://inventaire-patrimoine.normandie.fr/dossier/701a31af-9c2b-4a7f-b63c-f257d2bec47c,dossier individuel,
IA00060906,phase8_restant_officiel,structure_classee_a_enrichir,site_provisoire_a_verifier,,filature de coton,Montilly-sur-Noireau,61287,,Fontaines (Les),filature,filature_textile,textile_habillement_cuir,filature,,revolution_premiere_industrialisation | industrialisation_rail_vapeur | modernisation_apres_guerre,source_non_controlee,-0.582858815365899,48.82478996390452,aucun_rapprochement_requis_a_ce_stade,https://inventaire-patrimoine.normandie.fr/dossier/40520c19-0185-4170-a307-c66e361acc90,dossier individuel,
IA00060908,phase8_restant_officiel,structure_classee_a_enrichir,site_provisoire_a_verifier,,mine de fer,Larchamp,61223,,,mine,extraction_miniere,extraction,mine,,industrialisation_rail_vapeur | guerres_entre_deux_guerres,source_non_controlee,-0.6557984758763797,48.70168040900983,aucun_rapprochement_requis_a_ce_stade,https://inventaire-patrimoine.normandie.fr/dossier/a1d924c9-c295-4064-b100-b839b80a90d4,dossier individuel,
IA00060910,phase8_restant_officiel,structure_classee_a_enrichir,site_provisoire_a_verifier,,tissage,Flers,61169,11e Division Britannique (rue de la) 64,,tissage,tissage,textile_habillement_cuir,tissage,,industrialisation_rail_vapeur,source_non_controlee,-0.5705519349132565,48.75244143936828,aucun_rapprochement_requis_a_ce_stade,https://inventaire-patrimoine.normandie.fr/dossier/286f0f4f-857e-4449-9e35-4c21e914bc73,dossier individuel,
IA00060911,phase8_restant_officiel,structure_classee_a_enrichir,site_provisoire_a_verifier,,scierie,Champsecret,61091,,Touche (La),scierie,sciage_bois,bois_papier_imprimerie,scierie,,revolution_premiere_industrialisation,source_non_controlee,-0.5492382002879136,48.60663227918272,aucun_rapprochement_requis_a_ce_stade,https://inventaire-patrimoine.normandie.fr/dossier/4af855f0-3d7f-4e1c-af8d-91c65771a1de,dossier individuel,
IA00060912,phase8_restant_officiel,structure_classee_a_enrichir,site_provisoire_a_verifier,,ensemble d'industrie extractive,La Ferrière-aux-Étangs,61163,,,ensemble d'industrie extractive,extraction_miniere,extraction,complexe_industriel,,industrialisation_rail_vapeur | guerres_entre_deux_guerres | modernisation_apres_guerre,source_non_controlee,-0.515265057540473,48.646411640785665,aucun_rapprochement_requis_a_ce_stade,https://inventaire-patrimoine.normandie.fr/dossier/da22b727-9136-4498-a8f4-156f8abb11c3,dossier individuel,
IA00060913,phase8_restant_officiel,structure_classee_a_enrichir,site_provisoire_a_verifier,,tissage (tissage de Coton),Flers,61169,,Planchette (La),tissage,tissage,textile_habillement_cuir,tissage,,industrialisation_rail_vapeur | modernisation_apres_guerre,source_non_controlee,-0.5643742220790452,48.75309428775388,aucun_rapprochement_requis_a_ce_stade,https://inventaire-patrimoine.normandie.fr/dossier/ead596e3-dc26-4e34-9831-60fe2bc2b6a7,dossier individuel,
IA00060916,phase8_restant_officiel,structure_classee_a_enrichir,site_provisoire_a_verifier,,cidrerie distillerie Anée,Vimoutiers,61508,Perré (rue du) 27,,cidrerie | distillerie,production_cidre | distillation_alimentaire,agroalimentaire,cidrerie | distillerie,,industrialisation_rail_vapeur | guerres_entre_deux_guerres,source_non_controlee,0.2002554614504952,48.92907630201768,aucun_rapprochement_requis_a_ce_stade,https://inventaire-patrimoine.normandie.fr/dossier/1a9a2847-6721-406e-829f-3cb0ea579360,dossier individuel,
IA00060917,phase8_restant_officiel,structure_classee_a_enrichir,site_provisoire_a_verifier,,moulin à farine,Vimoutiers,61508,Général de Gaulle (avenue du) 1,,moulin à farine,mouture_cereales,agroalimentaire,moulin,,avant_1789 | revolution_premiere_industrialisation | industrialisation_rail_vapeur,source_non_controlee,0.197389362140982,48.92929722525575,aucun_rapprochement_requis_a_ce_stade,https://inventaire-patrimoine.normandie.fr/dossier/92620e30-8fdd-40f0-972c-cf3a2f5bbc5d,dossier individuel,
IA00060918,phase8_restant_officiel,structure_classee_a_enrichir,site_provisoire_a_verifier,,usine de chaussures,Trun,61494,République (rue de la) 34,,usine de chaussures,fabrication_chaussures,textile_habillement_cuir,usine,,industrialisation_rail_vapeur,source_non_controlee,0.03205611673766493,48.84316873280393,aucun_rapprochement_requis_a_ce_stade,https://inventaire-patrimoine.normandie.fr/dossier/fd9f271f-d779-49a9-bb8b-184e8c01b957,dossier individuel,
IA00060919,phase8_restant_officiel,structure_classee_a_enrichir,site_provisoire_a_verifier,,moulin à farine,Vrigny,61511,,Petit Moulin (Le),moulin à farine,mouture_cereales,agroalimentaire,moulin,,industrialisation_rail_vapeur,source_non_controlee,-0.020625842997621567,48.66083789948028,aucun_rapprochement_requis_a_ce_stade,https://inventaire-patrimoine.normandie.fr/dossier/5aa0568f-a61f-4f90-95a0-f44668c33531,dossier individuel,
IA00060921,phase8_restant_officiel,structure_classee_a_enrichir,site_provisoire_a_verifier,,moulin à tan,Silly-en-Gouffern,61474,,Moulin à Tan d'en Bas (Le),moulin à tan,preparation_tan,textile_habillement_cuir,moulin,,industrialisation_rail_vapeur,source_non_controlee,0.05868612973673431,48.749930466578455,aucun_rapprochement_requis_a_ce_stade,https://inventaire-patrimoine.normandie.fr/dossier/8f445157-f487-4dbb-a73a-628a46dfe355,dossier individuel,
IA00060922,phase8_restant_officiel,structure_classee_a_enrichir,site_provisoire_a_verifier,,moulin à farine,Écouché,61153,Général Warabiot (rue du) 38,,moulin à farine,mouture_cereales,agroalimentaire,moulin,,industrialisation_rail_vapeur,source_non_controlee,-0.12534618127495453,48.719653456306716,aucun_rapprochement_requis_a_ce_stade,https://inventaire-patrimoine.normandie.fr/dossier/607b0df3-dc2c-4556-bbfa-194b1c5a50d6,dossier individuel,
IA00060923,phase8_restant_officiel,structure_classee_a_enrichir,site_provisoire_a_verifier,,tréfilerie,Échauffour,61150,,Moulin de Launay (Le),tréfilerie,trefilage_metaux,metallurgie_travail_metaux,usine,,revolution_premiere_industrialisation | industrialisation_rail_vapeur,source_non_controlee,0.4426513875149679,48.72229256237111,aucun_rapprochement_requis_a_ce_stade,https://inventaire-patrimoine.normandie.fr/dossier/67f8daae-b4c8-462c-8a2d-e1f20bf09b42,dossier individuel,
IA00060924,phase8_restant_officiel,structure_classee_a_enrichir,site_provisoire_a_verifier,,"collège, chocolaterie dite chocolaterie de l'Abbaye Suisse Normande",Tinchebray,61486,Nord (boulevard du) 12,,collège | chocolaterie,fabrication_chocolat,agroalimentaire,chocolaterie,,industrialisation_rail_vapeur | guerres_entre_deux_guerres | mutations_reconversions,source_non_controlee,-0.7376923693192089,48.764430764141196,aucun_rapprochement_requis_a_ce_stade,https://inventaire-patrimoine.normandie.fr/dossier/ed090b86-b0ae-40c3-8865-e0ff69567378,dossier individuel,collège
IA00060925,phase8_restant_officiel,structure_classee_a_enrichir,site_provisoire_a_verifier,,usine de quincaillerie,Tinchebray,61486,Nord (boulevard du) 8,,usine de quincaillerie,fabrication_quincaillerie,metallurgie_travail_metaux,usine,,industrialisation_rail_vapeur,source_non_controlee,-0.7361508043715965,48.764776162357265,aucun_rapprochement_requis_a_ce_stade,https://inventaire-patrimoine.normandie.fr/dossier/dab5894f-f425-4339-aa5e-74112201dc4d,dossier individuel,
IA00060927,phase8_restant_officiel,structure_classee_a_enrichir,site_provisoire_a_verifier,,"moulin à papier, usine de quincaillerie dit moulin de Rochefort",Tinchebray,61486,,Landes (Les),moulin à papier | usine de quincaillerie,fabrication_papier | fabrication_quincaillerie,bois_papier_imprimerie | metallurgie_travail_metaux,papeterie | usine,,industrialisation_rail_vapeur,source_non_controlee,-0.7193199802807806,48.75221904865296,aucun_rapprochement_requis_a_ce_stade,https://inventaire-patrimoine.normandie.fr/dossier/bc846388-04b3-4ee9-8512-d9ea8d170580,dossier individuel,
IA00060928,phase8_restant_officiel,structure_classee_a_enrichir,site_provisoire_a_verifier,,usine de quincaillerie,Tinchebray,61486,,Moulin Noir,usine de quincaillerie,fabrication_quincaillerie,metallurgie_travail_metaux,usine,,industrialisation_rail_vapeur | guerres_entre_deux_guerres,source_non_controlee,-0.7613233351041298,48.76008671867491,aucun_rapprochement_requis_a_ce_stade,https://inventaire-patrimoine.normandie.fr/dossier/efb0da58-bc5b-45cc-9a13-7e4697b7be1e,dossier individuel,
IA00060929,phase8_restant_officiel,structure_classee_a_enrichir,site_provisoire_a_verifier,,"tonnellerie, usine de boissellerie",Tinchebray,61486,,Pont Notre-Dame,tonnellerie | usine de boissellerie,travail_bois | travail_bois,bois_papier_imprimerie,tonnellerie | usine,,industrialisation_rail_vapeur,source_non_controlee,-0.7337986067249093,48.757412437703714,aucun_rapprochement_requis_a_ce_stade,https://inventaire-patrimoine.normandie.fr/dossier/fd9989f4-cad5-4cac-af74-945cb69b8a71,dossier individuel,
IA00060930,phase8_restant_officiel,structure_classee_a_enrichir,site_provisoire_a_verifier,,"moulin à farine, usine de quincaillerie",Tinchebray,61486,sous la tour,,moulin à farine | usine de quincaillerie,mouture_cereales | fabrication_quincaillerie,agroalimentaire | metallurgie_travail_metaux,moulin | usine,,revolution_premiere_industrialisation | industrialisation_rail_vapeur | guerres_entre_deux_guerres | modernisation_apres_guerre,source_non_controlee,-0.7265341545503523,48.76228556951085,aucun_rapprochement_requis_a_ce_stade,https://inventaire-patrimoine.normandie.fr/dossier/6dbbf757-cc58-4f38-9949-a020e2f2453b,dossier individuel,
IA00060931,phase8_restant_officiel,structure_classee_a_enrichir,site_provisoire_a_verifier,,scierie,Dompierre,61146,,,scierie,sciage_bois,bois_papier_imprimerie,scierie,,modernisation_apres_guerre,source_non_controlee,-0.5511232641221355,48.635011120752075,aucun_rapprochement_requis_a_ce_stade,https://inventaire-patrimoine.normandie.fr/dossier/2e457791-3208-4a23-bbc8-ddc223ce30e2,dossier individuel,
IA00060933,phase8_restant_officiel,structure_classee_a_enrichir,site_provisoire_a_verifier,,moulin à farine,Saint-Pierre-d'Entremont,61445,,Rochette (La),moulin à farine,mouture_cereales,agroalimentaire,moulin,,revolution_premiere_industrialisation,source_non_controlee,-0.6602527868269009,48.803474689858824,aucun_rapprochement_requis_a_ce_stade,https://inventaire-patrimoine.normandie.fr/dossier/7e88c5db-ce9d-446d-b6f4-51cb5bd420c0,dossier individuel,
IA00060934,phase8_restant_officiel,structure_classee_a_enrichir,site_provisoire_a_verifier,,tannerie,Vimoutiers,61508,,,tannerie,tannerie_cuir,textile_habillement_cuir,tannerie,,industrialisation_rail_vapeur,source_non_controlee,0.20071242022642669,48.91627337167701,aucun_rapprochement_requis_a_ce_stade,https://inventaire-patrimoine.normandie.fr/dossier/3c7f9eb5-db5e-476a-a1ab-91d6270de979,dossier individuel,
IA00060935,phase8_restant_officiel,structure_classee_a_enrichir,site_provisoire_a_verifier,,usine de teinturerie,La Carneille,61073,,,usine de teinturerie,ennoblissement_textile,textile_habillement_cuir,usine,,revolution_premiere_industrialisation | industrialisation_rail_vapeur,source_non_controlee,-0.4467104041473739,48.778021488427726,aucun_rapprochement_requis_a_ce_stade,https://inventaire-patrimoine.normandie.fr/dossier/be4d1083-c2d1-40cc-b09d-cacc6979f5ae,dossier individuel,
IA00060936,phase8_restant_officiel,structure_classee_a_enrichir,site_provisoire_a_verifier,,cidrerie,Montreuil-au-Houlme,61290,,Crestinière (La),cidrerie,production_cidre,agroalimentaire,cidrerie,,guerres_entre_deux_guerres | modernisation_apres_guerre,source_non_controlee,-0.2780721021999237,48.692408942351854,aucun_rapprochement_requis_a_ce_stade,https://inventaire-patrimoine.normandie.fr/dossier/53e8a5b3-c08f-4c2c-9ae7-b18cdf3e3c55,dossier individuel,
IA00060937,phase8_restant_officiel,structure_classee_a_enrichir,site_provisoire_a_verifier,,fromagerie industrielle,Montreuil-la-Cambe,61291,,Cambette (La),fromagerie industrielle,transformation_lait,agroalimentaire,fromagerie,,guerres_entre_deux_guerres | modernisation_apres_guerre,source_non_controlee,0.02796682798893687,48.881864160331716,aucun_rapprochement_requis_a_ce_stade,https://inventaire-patrimoine.normandie.fr/dossier/5ede3b04-daf5-4e69-ad68-9b77f385c0d2,dossier individuel,
IA00060940,phase8_restant_officiel,structure_classee_a_enrichir,site_provisoire_a_verifier,,fromagerie industrielle,Le Renouard,61346,,Parcs Creviers (Les),fromagerie industrielle,transformation_lait,agroalimentaire,fromagerie,,industrialisation_rail_vapeur,source_non_controlee,0.08546717946813655,48.922063889109275,aucun_rapprochement_requis_a_ce_stade,https://inventaire-patrimoine.normandie.fr/dossier/5e0446e2-3107-4c4c-9cf1-c34230199052,dossier individuel,
IA00060941,phase8_restant_officiel,structure_classee_a_enrichir,site_provisoire_a_verifier,,abattoir,L'Aigle,61214,Fonte (rue de la) 15,,abattoir,transformation_viande,agroalimentaire,abattoir,,industrialisation_rail_vapeur | guerres_entre_deux_guerres,source_non_controlee,0.6372064762998755,48.765257009535624,aucun_rapprochement_requis_a_ce_stade,https://inventaire-patrimoine.normandie.fr/dossier/859dc28b-a0dd-48b7-8d21-c07aebc0c394,dossier individuel,
IA00060942,phase8_restant_officiel,structure_classee_a_enrichir,site_provisoire_a_verifier,,moulin à farine,Feings,61160,,Moulin de la Vigne (Le),moulin à farine,mouture_cereales,agroalimentaire,moulin,,revolution_premiere_industrialisation | industrialisation_rail_vapeur,source_non_controlee,0.6876014423196568,48.543302278345934,aucun_rapprochement_requis_a_ce_stade,https://inventaire-patrimoine.normandie.fr/dossier/9b96d451-5274-404c-87fa-3478b0e5a352,dossier individuel,
IA00060943,phase8_restant_officiel,structure_classee_a_enrichir,site_provisoire_a_verifier,,"tréfilerie de Sainte-Colombe, puis S.A. le Domaine du Tremblay, puis fromagerie et laiterie industrielle dite Société Laitière et Fromagère de Sainte-Gauburge, puis S.A. la Normandie Centrale, puis Société Coopérative Agricole Groupement Laitier du Perche",Échauffour,61150,,Farcière (la),tréfilerie | fromagerie industrielle | laiterie industrielle,trefilage_metaux | transformation_lait | transformation_lait,agroalimentaire | metallurgie_travail_metaux,fromagerie | laiterie | usine,,revolution_premiere_industrialisation | industrialisation_rail_vapeur | guerres_entre_deux_guerres,source_non_controlee,0.42377001488293714,48.71877264250391,aucun_rapprochement_requis_a_ce_stade,https://inventaire-patrimoine.normandie.fr/dossier/1a7eedac-04bd-4881-bb48-2080a95b1611,dossier individuel,
IA00060944,phase8_restant_officiel,structure_classee_a_enrichir,site_provisoire_a_verifier,,moulin à farine,Sainte-Marguerite-de-Carrouges,61419,,Moulin de Chandon (Le),moulin à farine,mouture_cereales,agroalimentaire,moulin,,revolution_premiere_industrialisation,source_non_controlee,-0.16488350134372773,48.60277354668637,aucun_rapprochement_requis_a_ce_stade,https://inventaire-patrimoine.normandie.fr/dossier/7d7d2119-f7e5-46e6-97dd-d61aad882d6e,dossier individuel,
IA00060946,phase8_restant_officiel,structure_classee_a_enrichir,site_provisoire_a_verifier,,affinerie de fer,Saint-Patrice-du-Désert,61442,,Forge de Cossé (La),affinerie,affinage_metaux,metallurgie_travail_metaux,affinerie,,avant_1789,source_non_controlee,-0.3087563401074108,48.53749306350746,aucun_rapprochement_requis_a_ce_stade,https://inventaire-patrimoine.normandie.fr/dossier/728446d8-33e1-478b-a982-3160a704578f,dossier individuel,
IA00060947,phase8_restant_officiel,structure_classee_a_enrichir,site_provisoire_a_verifier,,haut fourneau de la Vie,Saint-Patrice-du-Désert,61442,,Fourneau (Le),haut fourneau,production_fonte,metallurgie_travail_metaux,haut_fourneau,,avant_1789,source_non_controlee,-0.2738351584861904,48.54036895779481,aucun_rapprochement_requis_a_ce_stade,https://inventaire-patrimoine.normandie.fr/dossier/53a602b0-f4bb-4d15-b8e7-e7baafd71d09,dossier individuel,
IA00060948,phase8_restant_officiel,structure_classee_a_enrichir,site_provisoire_a_verifier,,fenderie de fer,Le Champ-de-la-Pierre,61085,,Fendrie (La),fenderie,fabrication_metaux,metallurgie_travail_metaux,usine,,avant_1789,source_non_controlee,-0.20874927923710654,48.604686640175466,aucun_rapprochement_requis_a_ce_stade,https://inventaire-patrimoine.normandie.fr/dossier/61cddbc2-8135-4bde-a3c3-1fb5bfe39ca8,dossier individuel,
IA00060949,phase8_restant_officiel,structure_classee_a_enrichir,site_provisoire_a_verifier,,affinerie de fer dite forge de la Roche,Livaie,61228,,,affinerie,affinage_metaux,metallurgie_travail_metaux,affinerie,,avant_1789,source_non_controlee,-0.04610786425835532,48.48598975471081,aucun_rapprochement_requis_a_ce_stade,https://inventaire-patrimoine.normandie.fr/dossier/7b5b8c23-8a44-4527-a889-bdee6180094a,dossier individuel,
IA00060951,phase8_restant_officiel,structure_classee_a_enrichir,site_provisoire_a_verifier,,moulin à farine,Macé,61240,,Moulin de l'Abbé (Le),moulin à farine,mouture_cereales,agroalimentaire,moulin,,revolution_premiere_industrialisation | industrialisation_rail_vapeur,source_non_controlee,0.1315359055881659,48.630170421599395,aucun_rapprochement_requis_a_ce_stade,https://inventaire-patrimoine.normandie.fr/dossier/9d7ad0b2-563f-4e06-9980-c53f6e84720f,dossier individuel,
IA00060952,phase8_restant_officiel,structure_classee_a_enrichir,site_provisoire_a_verifier,,"édifice sportif, abattoirs municipaux, usine de confection",Sées,61464,Cours (rue du) 1,,édifice sportif | abattoir | usine de confection,transformation_viande | confection_habillement,agroalimentaire | textile_habillement_cuir,abattoir | usine,,industrialisation_rail_vapeur | guerres_entre_deux_guerres | modernisation_apres_guerre,source_non_controlee,0.16588783177666402,48.60740178148363,aucun_rapprochement_requis_a_ce_stade,https://inventaire-patrimoine.normandie.fr/dossier/4d314546-51bf-4db1-b15b-319fb6dd8a67,dossier individuel,édifice sportif
IA00060953,phase8_restant_officiel,structure_classee_a_enrichir,site_provisoire_a_verifier,,"tuilerie, briqueterie, fonderie, usine d'appareils de levage et de manutention",Sées,61464,Alençon (route d'),,tuilerie | briqueterie | fonderie | usine d'appareils de levage et de manutention,fabrication_tuiles | fabrication_briques | fonderie | construction_mecanique,mecanique_electrique | metallurgie_travail_metaux | verre_ceramique_materiaux_construction,briqueterie | fonderie | tuilerie | usine,,industrialisation_rail_vapeur | modernisation_apres_guerre,source_non_controlee,0.16919743982393015,48.59815555434551,aucun_rapprochement_requis_a_ce_stade,https://inventaire-patrimoine.normandie.fr/dossier/740f93c2-905a-47be-a64e-f5d4fc634900,dossier individuel,
IA00060954,phase8_restant_officiel,structure_classee_a_enrichir,site_provisoire_a_verifier,,moulin à farine,Mantilly,61248,,Dompierre,moulin à farine,mouture_cereales,agroalimentaire,moulin,,revolution_premiere_industrialisation | industrialisation_rail_vapeur,source_non_controlee,-0.8397089145407072,48.49331983120022,aucun_rapprochement_requis_a_ce_stade,https://inventaire-patrimoine.normandie.fr/dossier/c81cdf0c-018e-45ed-bba1-50dcaa30b325,dossier individuel,
IA00060955,phase8_restant_officiel,structure_classee_a_enrichir,site_provisoire_a_verifier,,"moulin à farine, fromagerie industrielle",Mantilly,61248,,Morette,moulin à farine | fromagerie industrielle,mouture_cereales | transformation_lait,agroalimentaire,fromagerie | moulin,,revolution_premiere_industrialisation | industrialisation_rail_vapeur | guerres_entre_deux_guerres | modernisation_apres_guerre,source_non_controlee,-0.8472263171344901,48.52116787299539,aucun_rapprochement_requis_a_ce_stade,https://inventaire-patrimoine.normandie.fr/dossier/ef3a7c19-0544-4f07-9e07-0cf77e010556,dossier individuel,
IA00060957,phase8_restant_officiel,structure_classee_a_enrichir,site_provisoire_a_verifier,,"cidrerie, distillerie",Mantilly,61248,,Vectière (La),cidrerie | distillerie,production_cidre | distillation_alimentaire,agroalimentaire,cidrerie | distillerie,,guerres_entre_deux_guerres | modernisation_apres_guerre,source_non_controlee,-0.7977796025755088,48.51851729822556,aucun_rapprochement_requis_a_ce_stade,https://inventaire-patrimoine.normandie.fr/dossier/ab5a149f-e2fb-4e99-b2c1-c5d8fb7fb11f,dossier individuel,
IA00060958,phase8_restant_officiel,structure_classee_a_enrichir,site_provisoire_a_verifier,,"moulin à farine, minoterie",Héloup,61203,,Moulin de Baudet (Le),moulin à farine | minoterie,mouture_cereales | mouture_cereales,agroalimentaire,minoterie | moulin,,industrialisation_rail_vapeur | guerres_entre_deux_guerres | modernisation_apres_guerre,source_non_controlee,0.01581898040284017,48.401991472377084,aucun_rapprochement_requis_a_ce_stade,https://inventaire-patrimoine.normandie.fr/dossier/3ab74151-dd0a-46cf-a3f8-7f11ee27fdf1,dossier individuel,
IA00060960,phase8_restant_officiel,structure_classee_a_enrichir,site_provisoire_a_verifier,,"affinerie, filature",Saint-Clair-de-Halouze,61376,,Forge (La),affinerie | filature,affinage_metaux | filature_textile,metallurgie_travail_metaux | textile_habillement_cuir,affinerie | filature,,avant_1789 | revolution_premiere_industrialisation | industrialisation_rail_vapeur,source_non_controlee,-0.6437537047199444,48.68365383940785,aucun_rapprochement_requis_a_ce_stade,https://inventaire-patrimoine.normandie.fr/dossier/0306d4b3-8692-4c40-8640-de1f76f88832,dossier individuel,
IA00060961,phase8_restant_officiel,structure_classee_a_enrichir,site_provisoire_a_verifier,,ensemble d'industrie extractive (mine de fer) dit mine de Halouze,Saint-Clair-de-Halouze,61376,,,ensemble d'industrie extractive,extraction_miniere,extraction,complexe_industriel,,industrialisation_rail_vapeur | guerres_entre_deux_guerres | modernisation_apres_guerre,source_non_controlee,-0.6077747799235949,48.6884041207369,aucun_rapprochement_requis_a_ce_stade,https://inventaire-patrimoine.normandie.fr/dossier/e984344e-385e-4d31-a12f-3588c6e30e59,dossier individuel,
IA00060962,phase8_restant_officiel,structure_classee_a_enrichir,site_provisoire_a_verifier,,affinerie de fer dite affinerie de la Sauvagère,Saint-Michel-des-Andaines,61431,,Forge (La),affinerie,affinage_metaux,metallurgie_travail_metaux,affinerie,,avant_1789,source_non_controlee,-0.4227953906756073,48.6008196800106,aucun_rapprochement_requis_a_ce_stade,https://inventaire-patrimoine.normandie.fr/dossier/c624f6f0-1bd4-4afa-8a3e-7fdea4bb56fe,dossier individuel,
IA00060964,phase8_restant_officiel,structure_classee_a_enrichir,site_provisoire_a_verifier,,usine de fabrication des métaux,Champsecret,61091,,Varenne,usine de fabrication des métaux,fabrication_metaux,metallurgie_travail_metaux,usine,,avant_1789,source_non_controlee,-0.5942810838844449,48.63305192142125,aucun_rapprochement_requis_a_ce_stade,https://inventaire-patrimoine.normandie.fr/dossier/c95a8a17-616e-46d7-ba9d-b03b02b14bc1,dossier individuel,
IA00060966,phase8_restant_officiel,structure_classee_a_enrichir,site_provisoire_a_verifier,,briqueterie,Champsecret,61091,,Briqueterie (La),briqueterie,fabrication_briques,verre_ceramique_materiaux_construction,briqueterie,,industrialisation_rail_vapeur,source_non_controlee,-0.5254286147529699,48.57990425977285,aucun_rapprochement_requis_a_ce_stade,https://inventaire-patrimoine.normandie.fr/dossier/0fb574a5-ab82-4f92-b840-17614db01ad2,dossier individuel,
IA00060967,phase8_restant_officiel,structure_classee_a_enrichir,site_provisoire_a_verifier,,tissage (tissage de mèches),Saint-Pierre-du-Regard,61447,,Pont-Erembourg,tissage,tissage,textile_habillement_cuir,tissage,,revolution_premiere_industrialisation | industrialisation_rail_vapeur,source_non_controlee,-0.5175209109490958,48.849596721397795,candidat_a_verifier,https://inventaire-patrimoine.normandie.fr/dossier/fa88004f-3ff9-4d93-809f-00b9ffddaf48,dossier individuel,
IA00060968,phase8_restant_officiel,structure_classee_a_enrichir,site_provisoire_a_verifier,,"moulin à farine, minoterie",Bursard,61068,,Moulin de sou,moulin à farine | minoterie,mouture_cereales | mouture_cereales,agroalimentaire,minoterie | moulin,,industrialisation_rail_vapeur,source_non_controlee,0.21866275176172317,48.53527975175628,aucun_rapprochement_requis_a_ce_stade,https://inventaire-patrimoine.normandie.fr/dossier/113c1b7b-9ebd-483a-9e41-5cf433fb6bb7,dossier individuel,
IA00060970,phase8_restant_officiel,structure_classee_a_enrichir,site_provisoire_a_verifier,,fromagerie industrielle,Condé-sur-Sarthe,61117,Saint Germain (rue de) 20,,fromagerie industrielle,transformation_lait,agroalimentaire,fromagerie,,industrialisation_rail_vapeur | guerres_entre_deux_guerres,source_non_controlee,0.05816789272019933,48.42609716553136,aucun_rapprochement_requis_a_ce_stade,https://inventaire-patrimoine.normandie.fr/dossier/c97d1fa8-e322-4894-97c8-3b32cf669b26,dossier individuel,
IA00060972,phase8_restant_officiel,structure_classee_a_enrichir,site_provisoire_a_verifier,,moulin à farine,Alençon,61001,"Sarthe (rue de) 30, 32",,moulin à farine,mouture_cereales,agroalimentaire,moulin,,revolution_premiere_industrialisation | industrialisation_rail_vapeur,source_non_controlee,0.08694993877432727,48.426870691394534,aucun_rapprochement_requis_a_ce_stade,https://inventaire-patrimoine.normandie.fr/dossier/f3939d65-589d-4789-bc19-ce6e5b677ce4,dossier individuel,
IA00060973,phase8_restant_officiel,structure_classee_a_enrichir,site_provisoire_a_verifier,,usine de teinturerie,Alençon,61001,Isle (rue de l') 16,,usine de teinturerie,ennoblissement_textile,textile_habillement_cuir,usine,,industrialisation_rail_vapeur | guerres_entre_deux_guerres | modernisation_apres_guerre,source_non_controlee,0.09399479316808139,48.42569315346296,aucun_rapprochement_requis_a_ce_stade,https://inventaire-patrimoine.normandie.fr/dossier/54d78796-8468-4959-b5b4-ee3ab628d1aa,dossier individuel,
IA00060974,phase8_restant_officiel,structure_classee_a_enrichir,site_provisoire_a_verifier,,imprimerie,Alençon,61001,Demees (rue) 25 à 31,,imprimerie,imprimerie,bois_papier_imprimerie,imprimerie,,industrialisation_rail_vapeur,source_non_controlee,0.09544653470660579,48.432462591051575,aucun_rapprochement_requis_a_ce_stade,https://inventaire-patrimoine.normandie.fr/dossier/9c4b41ff-ee6b-45c7-ab84-14188c9443d5,dossier individuel,
IA00060975,phase8_restant_officiel,structure_classee_a_enrichir,site_provisoire_a_verifier,,imprimerie,Alençon,61001,Halle aux Toiles (rue de la) 11,,imprimerie,imprimerie,bois_papier_imprimerie,imprimerie,,industrialisation_rail_vapeur,source_non_controlee,0.08818118188606536,48.431501222964116,aucun_rapprochement_requis_a_ce_stade,https://inventaire-patrimoine.normandie.fr/dossier/2719459f-508c-4f76-939f-2b0b402d8bd0,dossier individuel,
IA00060976,phase8_restant_officiel,structure_classee_a_enrichir,site_provisoire_a_verifier,,usine de bonneterie,Alençon,61001,Demees (rue) 38,,usine de bonneterie,bonneterie,textile_habillement_cuir,usine,,industrialisation_rail_vapeur | guerres_entre_deux_guerres,source_non_controlee,0.09542049005375318,48.43097654342245,aucun_rapprochement_requis_a_ce_stade,https://inventaire-patrimoine.normandie.fr/dossier/ecb27de1-d7d8-4152-89c9-666d84d34e40,dossier individuel,
IA00060978,phase8_restant_officiel,structure_classee_a_enrichir,site_provisoire_a_verifier,,tissage dit tissage du Bas de Maure,La Ferté-Macé,61168,Forêt d'Andaine (boulevard de la),Maure,tissage,tissage,textile_habillement_cuir,tissage,,industrialisation_rail_vapeur,source_non_controlee,-0.36609256043580807,48.58750969911502,candidat_a_verifier,https://inventaire-patrimoine.normandie.fr/dossier/59ce6d56-7a0e-4826-ba09-ab294de9d60c,dossier individuel,
IA00060979,phase8_restant_officiel,structure_classee_a_enrichir,site_provisoire_a_verifier,,tissage dit tissage de Maure,La Ferté-Macé,61168,Oisivière (rue de l'),Maure,tissage,tissage,textile_habillement_cuir,tissage,,industrialisation_rail_vapeur,source_non_controlee,-0.36693306094708267,48.58601834500957,candidat_a_verifier,https://inventaire-patrimoine.normandie.fr/dossier/380fd45e-908b-4386-8d70-9f936498201c,dossier individuel,
IA00060980,phase8_restant_officiel,structure_classee_a_enrichir,site_provisoire_a_verifier,,"moulin à farine, tissage",La Ferté-Macé,61168,,Fimbrune,moulin à farine | tissage,mouture_cereales | tissage,agroalimentaire | textile_habillement_cuir,moulin | tissage,,industrialisation_rail_vapeur,source_non_controlee,-0.3713484886426191,48.59831804884251,aucun_rapprochement_requis_a_ce_stade,https://inventaire-patrimoine.normandie.fr/dossier/e0de9762-7cc8-49cb-9358-5bcfa17e7155,dossier individuel,
IA00060981,phase8_restant_officiel,structure_classee_a_enrichir,site_provisoire_a_verifier,,tissage,Antoigny,61004,,Vallée de Cour (La),tissage,tissage,textile_habillement_cuir,tissage,,industrialisation_rail_vapeur,source_non_controlee,-0.36008034467064526,48.53887109905953,aucun_rapprochement_requis_a_ce_stade,https://inventaire-patrimoine.normandie.fr/dossier/aa9ee811-5b12-4449-8e94-fbcaaaa8b4f4,dossier individuel,
IA00060983,phase8_restant_officiel,structure_classee_a_enrichir,site_provisoire_a_verifier,,tissage,La Ferté-Macé,61168,Pierre Neveu (rue) 7,,tissage,tissage,textile_habillement_cuir,tissage,,industrialisation_rail_vapeur,source_non_controlee,-0.35510925507739655,48.59104321610261,aucun_rapprochement_requis_a_ce_stade,https://inventaire-patrimoine.normandie.fr/dossier/2e99c1b5-8bfc-4387-86ac-1596e83cd008,dossier individuel,
IA00060984,phase8_restant_officiel,structure_classee_a_enrichir,site_provisoire_a_verifier,,tissage,La Ferté-Macé,61168,"Pierre Neveu (rue) 16, 16bis",,tissage,tissage,textile_habillement_cuir,tissage,,industrialisation_rail_vapeur,source_non_controlee,-0.3531600186799498,48.592394661601496,aucun_rapprochement_requis_a_ce_stade,https://inventaire-patrimoine.normandie.fr/dossier/78e1fad2-c0be-4e5b-b7df-6bb477e67485,dossier individuel,
IA00060985,phase8_restant_officiel,structure_classee_a_enrichir,site_provisoire_a_verifier,,tissage de Beaudouet,La Ferté-Macé,61168,Cinq Frères Robinet (rue des),,tissage,tissage,textile_habillement_cuir,tissage,,industrialisation_rail_vapeur | guerres_entre_deux_guerres,source_non_controlee,-0.35661951985623513,48.58559856324326,aucun_rapprochement_requis_a_ce_stade,https://inventaire-patrimoine.normandie.fr/dossier/ce341681-0375-4078-89b5-e003e49508f4,dossier individuel,
IA00060986,phase8_restant_officiel,structure_classee_a_enrichir,site_provisoire_a_verifier,,usine de blanchiment,La Ferté-Macé,61168,Pierre Neveu (rue),,usine de blanchiment,ennoblissement_textile,textile_habillement_cuir,usine,,industrialisation_rail_vapeur,source_non_controlee,-0.3515183164614459,48.593251226433395,candidat_a_verifier,https://inventaire-patrimoine.normandie.fr/dossier/d42c29fe-0cfa-42e9-ba94-69f4febcbc51,dossier individuel,
IA00060987,phase8_restant_officiel,structure_classee_a_enrichir,site_provisoire_a_verifier,,scierie,Coulonges-sur-Sarthe,61126,Scierie (rue de la),,scierie,sciage_bois,bois_papier_imprimerie,scierie,,guerres_entre_deux_guerres | modernisation_apres_guerre,source_non_controlee,0.3546995847614367,48.51617139095375,aucun_rapprochement_requis_a_ce_stade,https://inventaire-patrimoine.normandie.fr/dossier/1f07c5e6-4b27-4e33-af62-7d755e0abf9d,dossier individuel,
IA00060989,phase8_restant_officiel,structure_classee_a_enrichir,site_provisoire_a_verifier,,laiterie industrielle et abattoirs du Pont Morin,La Chapelle-d'Andaine,61096,,,laiterie industrielle | abattoir,transformation_lait | transformation_viande,agroalimentaire,abattoir | laiterie,,guerres_entre_deux_guerres | modernisation_apres_guerre,source_non_controlee,-0.4805735772865292,48.535114719692956,aucun_rapprochement_requis_a_ce_stade,https://inventaire-patrimoine.normandie.fr/dossier/12e4344b-d4fe-437a-a8b3-d1c5f8cc5cd0,dossier individuel,
IA00060990,phase8_restant_officiel,structure_classee_a_enrichir,site_provisoire_a_verifier,,laiterie industrielle,La Chapelle-d'Andaine,61096,,Gare (La),laiterie industrielle,transformation_lait,agroalimentaire,laiterie,,industrialisation_rail_vapeur,source_non_controlee,-0.4828111922657886,48.52920526858741,aucun_rapprochement_requis_a_ce_stade,https://inventaire-patrimoine.normandie.fr/dossier/36ae0b31-d205-40a7-bed8-99192753499b,dossier individuel,
IA00060991,phase8_restant_officiel,structure_classee_a_enrichir,site_provisoire_a_verifier,,"moulin à farine, minoterie",Saint-Germain-du-Corbéis,61397,,,moulin à farine | minoterie,mouture_cereales | mouture_cereales,agroalimentaire,minoterie | moulin,,industrialisation_rail_vapeur | modernisation_apres_guerre,source_non_controlee,0.05865904024325972,48.42505603493437,aucun_rapprochement_requis_a_ce_stade,https://inventaire-patrimoine.normandie.fr/dossier/ad16d5d6-1455-495d-be64-efc9506a971f,dossier individuel,
IA00060992,phase8_restant_officiel,structure_classee_a_enrichir,site_provisoire_a_verifier,,laiterie industrielle,Tanville,61480,,,laiterie industrielle,transformation_lait,agroalimentaire,laiterie,,industrialisation_rail_vapeur | guerres_entre_deux_guerres,source_non_controlee,0.006454302830457382,48.56828334432721,aucun_rapprochement_requis_a_ce_stade,https://inventaire-patrimoine.normandie.fr/dossier/88fbe533-0c24-4bdd-8b87-59be65cd9732,dossier individuel,
IA00060993,phase8_restant_officiel,structure_classee_a_enrichir,site_provisoire_a_verifier,,fromagerie industrielle,Champsecret,61091,,,fromagerie industrielle,transformation_lait,agroalimentaire,fromagerie,,industrialisation_rail_vapeur | guerres_entre_deux_guerres | modernisation_apres_guerre,source_non_controlee,-0.5210229183172824,48.633852240304265,aucun_rapprochement_requis_a_ce_stade,https://inventaire-patrimoine.normandie.fr/dossier/13843bb0-ed07-4e18-9787-35ece5924bb2,dossier individuel,
IA00060995,phase8_restant_officiel,structure_classee_a_enrichir,site_provisoire_a_verifier,,moulin à farine,Coulonges-sur-Sarthe,61126,,Moulin de l'Ormois (Le),moulin à farine,mouture_cereales,agroalimentaire,moulin,,industrialisation_rail_vapeur,source_non_controlee,0.41052370587095904,48.52535771622874,aucun_rapprochement_requis_a_ce_stade,https://inventaire-patrimoine.normandie.fr/dossier/f06b42c8-e496-44f5-8495-3262fa753fb5,dossier individuel,
IA00060996,phase8_restant_officiel,structure_classee_a_enrichir,site_provisoire_a_verifier,,"moulin à farine, minoterie",Saint-Denis-sur-Sarthon,61382,,Moulin du Pont (Le),moulin à farine | minoterie,mouture_cereales | mouture_cereales,agroalimentaire,minoterie | moulin,,industrialisation_rail_vapeur,source_non_controlee,-0.054169517871242835,48.45697351623695,aucun_rapprochement_requis_a_ce_stade,https://inventaire-patrimoine.normandie.fr/dossier/80a70c8b-65b9-4427-8298-dcb027b9879b,dossier individuel,
IA00060998,phase8_restant_officiel,structure_classee_a_enrichir,site_provisoire_a_verifier,,usine de blanchiment,La Ferté-Macé,61168,Pierre Neveu (rue),,usine de blanchiment,ennoblissement_textile,textile_habillement_cuir,usine,,industrialisation_rail_vapeur,source_non_controlee,-0.3513550551054596,48.59409313716629,candidat_a_verifier,https://inventaire-patrimoine.normandie.fr/dossier/db919e83-c99a-4a83-9e4d-e29fbec073c0,dossier individuel,
IA00060999,phase8_restant_officiel,structure_classee_a_enrichir,site_provisoire_a_verifier,,tissage de mèches,La Ferté-Macé,61168,Lavanderie (rue de la) 7 à 13,,tissage,tissage,textile_habillement_cuir,tissage,,industrialisation_rail_vapeur,source_non_controlee,-0.3557096182839403,48.59215170505885,aucun_rapprochement_requis_a_ce_stade,https://inventaire-patrimoine.normandie.fr/dossier/f84bbf5d-7272-4e9e-9fad-ab9e9f645023,dossier individuel,
IA00061000,phase8_restant_officiel,structure_classee_a_enrichir,site_provisoire_a_verifier,,usine de chaussures,La Ferté-Macé,61168,Gérard de Contades (boulevard de) 21,,usine de chaussures,fabrication_chaussures,textile_habillement_cuir,usine,,industrialisation_rail_vapeur | guerres_entre_deux_guerres | modernisation_apres_guerre,source_non_controlee,-0.363937686023522,48.5943142273993,aucun_rapprochement_requis_a_ce_stade,https://inventaire-patrimoine.normandie.fr/dossier/f85f3485-6326-4372-885b-e0d294ec427a,dossier individuel,
IA00061004,phase8_restant_officiel,structure_classee_a_enrichir,site_provisoire_a_verifier,,four à chaux,Les Rotours,61354,,Rotouraux (Les),four à chaux,fabrication_chaux_ciment,verre_ceramique_materiaux_construction,four_chaux,,avant_1789 | revolution_premiere_industrialisation,source_non_controlee,-0.2753894674846308,48.780188243486506,aucun_rapprochement_requis_a_ce_stade,https://inventaire-patrimoine.normandie.fr/dossier/23ab383d-e20c-4b4d-b6d3-7962c8fd9038,dossier individuel,
IA00061005,phase8_restant_officiel,structure_classee_a_enrichir,site_provisoire_a_verifier,,usine de céramique,Alençon,61001,Quackenbruck (avenue de) 112,,usine de céramique,fabrication_ceramique,verre_ceramique_materiaux_construction,usine,,guerres_entre_deux_guerres | modernisation_apres_guerre,source_non_controlee,0.10181440925316419,48.43743466934021,aucun_rapprochement_requis_a_ce_stade,https://inventaire-patrimoine.normandie.fr/dossier/97b4191e-c33e-481f-bf87-e773cd2b9f3d,dossier individuel,
IA00061006,phase8_restant_officiel,structure_classee_a_enrichir,site_provisoire_a_verifier,,usine d'extraction dite Mine de Halouze,Saint-Clair-de-Halouze,61376,,Bocagerie (La),usine d'extraction,extraction_miniere,extraction,usine_extraction,,industrialisation_rail_vapeur | guerres_entre_deux_guerres | modernisation_apres_guerre,source_non_controlee,-0.5917176265599445,48.686277999319834,aucun_rapprochement_requis_a_ce_stade,https://inventaire-patrimoine.normandie.fr/dossier/3d33f56e-0804-4bb8-91e8-d2d997de498c,dossier individuel,
IA00061007,phase8_restant_officiel,structure_classee_a_enrichir,site_provisoire_a_verifier,,usine d'extraction dite Mine de Halouze,Saint-Clair-de-Halouze,61376,,Puits 1 (Le),usine d'extraction,extraction_miniere,extraction,usine_extraction,,industrialisation_rail_vapeur | guerres_entre_deux_guerres | modernisation_apres_guerre,source_non_controlee,-0.6095382943785913,48.6867660287051,aucun_rapprochement_requis_a_ce_stade,https://inventaire-patrimoine.normandie.fr/dossier/550a98cc-1b6a-44d2-86af-4f2eedb20d38,dossier individuel,
IA00061009,phase8_restant_officiel,structure_classee_a_enrichir,composant_industriel_non_productif_a_relier,,cité ouvrière,Saint-Clair-de-Halouze,61376,,Cités (Les),cité ouvrière,,,,,industrialisation_rail_vapeur | guerres_entre_deux_guerres,source_non_controlee,-0.623017450947038,48.68837391016504,relation_site_a_etablir,https://inventaire-patrimoine.normandie.fr/dossier/8c1faae4-d089-4889-a1cb-f600f23c2578,dossier individuel,cité ouvrière
IA00061011,phase8_restant_officiel,structure_classee_a_enrichir,composant_industriel_non_productif_a_relier,,cité ouvrière,Le Châtellier,61102,,Cités Lebardier (Les),cité ouvrière,,,,,industrialisation_rail_vapeur | guerres_entre_deux_guerres,source_non_controlee,-0.5998027745897359,48.67987536530827,relation_site_a_etablir,https://inventaire-patrimoine.normandie.fr/dossier/c6c14420-21dd-40da-980d-6b02452883d5,dossier individuel,cité ouvrière
IA00061012,phase8_restant_officiel,structure_classee_a_enrichir,site_provisoire_a_verifier,,tuilerie,Mâle,61246,,Gibet (Le),tuilerie,fabrication_tuiles,verre_ceramique_materiaux_construction,tuilerie,,industrialisation_rail_vapeur,source_non_controlee,0.7713256440320315,48.2686509588068,aucun_rapprochement_requis_a_ce_stade,https://inventaire-patrimoine.normandie.fr/dossier/213ecea3-3d49-4529-add8-8f28bc3ae096,dossier individuel,
IA00061013,phase8_restant_officiel,structure_classee_a_enrichir,site_provisoire_a_verifier,,"moulin à farine, usine de passementerie, tréfilerie",Aube,61008,,Moulin-Neuf (Le),moulin à farine | usine de passementerie | tréfilerie,mouture_cereales | passementerie | trefilage_metaux,agroalimentaire | metallurgie_travail_metaux | textile_habillement_cuir,moulin | usine,,revolution_premiere_industrialisation,source_non_controlee,0.5274112858799045,48.73320393603203,aucun_rapprochement_requis_a_ce_stade,https://inventaire-patrimoine.normandie.fr/dossier/43c3eab5-6bba-4329-a3d0-38340573450a,dossier individuel,
IA00061014,phase8_restant_officiel,structure_classee_a_enrichir,site_provisoire_a_verifier,,moulin à blé,Buré,61066,,Moulin de Buré (Le),moulin à blé,mouture_cereales,agroalimentaire,moulin,,industrialisation_rail_vapeur,source_non_controlee,0.39902429624003866,48.51461180902814,aucun_rapprochement_requis_a_ce_stade,https://inventaire-patrimoine.normandie.fr/dossier/4578b822-7195-4082-969b-ed4bbed80047,dossier individuel,
IA00061016,phase8_restant_officiel,structure_classee_a_enrichir,site_provisoire_a_verifier,,moulin à farine,Perche en Nocé,,,Ferrière (La) ; Nocé,moulin à farine,mouture_cereales,agroalimentaire,moulin,,avant_1789 | industrialisation_rail_vapeur,source_non_controlee,0.6795352564891781,48.373421371551586,aucun_rapprochement_requis_a_ce_stade,https://inventaire-patrimoine.normandie.fr/dossier/b5c7d602-d531-487f-b2f9-19bd9c3c4678,dossier individuel,
IA00061017,phase8_restant_officiel,structure_classee_a_enrichir,site_provisoire_a_verifier,,haut fourneau,Saint-Pierre-des-Loges,61446,,Logeard,haut fourneau,production_fonte,metallurgie_travail_metaux,haut_fourneau,,avant_1789 | revolution_premiere_industrialisation | industrialisation_rail_vapeur,source_non_controlee,0.47107520884908993,48.729917572316616,aucun_rapprochement_requis_a_ce_stade,https://inventaire-patrimoine.normandie.fr/dossier/345d91f0-a734-4f62-914f-8be1089f6b52,dossier individuel,
IA00061018,phase8_restant_officiel,structure_classee_a_enrichir,site_provisoire_a_verifier,,"moulin à papier, tannerie dite Tanneries de Saint Hilaire",Saint-Hilaire-sur-Risle,61406,,,moulin à papier | tannerie,fabrication_papier | tannerie_cuir,bois_papier_imprimerie | textile_habillement_cuir,papeterie | tannerie,,avant_1789 | revolution_premiere_industrialisation | industrialisation_rail_vapeur | guerres_entre_deux_guerres,source_non_controlee,0.49113624004081174,48.73252775980497,aucun_rapprochement_requis_a_ce_stade,https://inventaire-patrimoine.normandie.fr/dossier/0b246630-95bd-4651-9664-b916468d17ce,dossier individuel,
IA00061019,phase8_restant_officiel,structure_classee_a_enrichir,site_provisoire_a_verifier,,moulin à farine,Saint-Hilaire-sur-Risle,61406,,Moulin de Saint-Hilaire (Le),moulin à farine,mouture_cereales,agroalimentaire,moulin,,avant_1789 | revolution_premiere_industrialisation | industrialisation_rail_vapeur,source_non_controlee,0.4999379187621098,48.733657354051495,aucun_rapprochement_requis_a_ce_stade,https://inventaire-patrimoine.normandie.fr/dossier/daac4840-acf9-4c58-83b2-26a9496d7a1a,dossier individuel,
IA00061020,phase8_restant_officiel,structure_classee_a_enrichir,site_provisoire_a_verifier,,moulin à farine,Bazoches-sur-Hoëne,61029,,Moulin de Mondion,moulin à farine,mouture_cereales,agroalimentaire,moulin,,industrialisation_rail_vapeur,source_non_controlee,0.4612337411147238,48.55237272133745,aucun_rapprochement_requis_a_ce_stade,https://inventaire-patrimoine.normandie.fr/dossier/fd691cfe-e962-4291-b18b-4626c13aec31,dossier individuel,
IA00061022,phase8_restant_officiel,structure_classee_a_enrichir,site_provisoire_a_verifier,,moulin à farine,Sainte-Scolasse-sur-Sarthe,61454,,Moulin du Mesnil (Le),moulin à farine,mouture_cereales,agroalimentaire,moulin,,avant_1789 | revolution_premiere_industrialisation,source_non_controlee,0.42005312719666027,48.57870303408991,aucun_rapprochement_requis_a_ce_stade,https://inventaire-patrimoine.normandie.fr/dossier/a338d4a1-0f8c-468d-8518-7c02f3e96502,dossier individuel,
IA00061023,phase8_restant_officiel,structure_classee_a_enrichir,site_provisoire_a_verifier,,usine de fabrication des métaux,Le Champ-de-la-Pierre,61085,,Forge (La),usine de fabrication des métaux,fabrication_metaux,metallurgie_travail_metaux,usine,,avant_1789 | industrialisation_rail_vapeur,source_non_controlee,-0.2161534112727755,48.6129582002657,aucun_rapprochement_requis_a_ce_stade,https://inventaire-patrimoine.normandie.fr/dossier/415450d3-1ffd-44e3-a9f5-e534aef18bae,dossier individuel,
IA00061024,phase8_restant_officiel,structure_classee_a_enrichir,site_provisoire_a_verifier,,"haut fourneau, fonderie",Sainte-Marguerite-de-Carrouges,61419,,Fourneau (Le),haut fourneau | fonderie,production_fonte | fonderie,metallurgie_travail_metaux,fonderie | haut_fourneau,,avant_1789 | revolution_premiere_industrialisation | industrialisation_rail_vapeur,source_non_controlee,-0.16991199507705526,48.588307749762606,aucun_rapprochement_requis_a_ce_stade,https://inventaire-patrimoine.normandie.fr/dossier/a02dcabd-ba7c-44e8-bf61-6a825a5c4b2b,dossier individuel,
IA00061025,phase8_restant_officiel,structure_classee_a_enrichir,site_provisoire_a_verifier,,affinerie dite forge de Carrouges,Saint-Martin-l'Aiguillon,61427,,Forge (La),affinerie,affinage_metaux,metallurgie_travail_metaux,affinerie,,avant_1789 | revolution_premiere_industrialisation | industrialisation_rail_vapeur,source_non_controlee,-0.17988401247012287,48.57844481973463,aucun_rapprochement_requis_a_ce_stade,https://inventaire-patrimoine.normandie.fr/dossier/eb7a8df9-2258-477e-9c1f-e3dfed7313df,dossier individuel,
IA00061026,phase8_restant_officiel,structure_classee_a_enrichir,site_provisoire_a_verifier,,"moulin à farine, usine de chaudronnerie dit moulin d'Aube, puis usine de chaudronnerie du moulin d'Aube",Aube,61008,Paris (route de) 73,,moulin à farine | usine de chaudronnerie,mouture_cereales | fabrication_metaux,agroalimentaire | metallurgie_travail_metaux,moulin | usine,,industrialisation_rail_vapeur,source_non_controlee,0.5462089443527636,48.74048480448767,aucun_rapprochement_requis_a_ce_stade,https://inventaire-patrimoine.normandie.fr/dossier/c7d7cd67-02fb-46fd-8c05-4e32a6cd3143,dossier individuel,
IA00061028,phase8_restant_officiel,structure_classee_a_enrichir,site_provisoire_a_verifier,,moulin à farine,Beaufai,61032,,Moulin de Beaufai,moulin à farine,mouture_cereales,agroalimentaire,moulin,,revolution_premiere_industrialisation | industrialisation_rail_vapeur | modernisation_apres_guerre,source_non_controlee,0.5140630015718455,48.735275248094275,aucun_rapprochement_requis_a_ce_stade,https://inventaire-patrimoine.normandie.fr/dossier/0439fa26-5f51-48aa-a6b7-47d3bb459f21,dossier individuel,
IA00061030,phase8_restant_officiel,structure_classee_a_enrichir,site_provisoire_a_verifier,,"moulin à papier, tréfilerie",Rai,61342,,Ferme du Moulin à Papier,moulin à papier | tréfilerie,fabrication_papier | trefilage_metaux,bois_papier_imprimerie | metallurgie_travail_metaux,papeterie | usine,,avant_1789 | industrialisation_rail_vapeur,source_non_controlee,0.5961307319639736,48.752784541821384,aucun_rapprochement_requis_a_ce_stade,https://inventaire-patrimoine.normandie.fr/dossier/1bcc0808-2397-4e51-8d4b-cbbb7b198c4a,dossier individuel,
IA00061033,phase8_restant_officiel,structure_classee_a_enrichir,site_provisoire_a_verifier,,tréfilerie,Saint-Sulpice-sur-Risle,61456,,Fonte (La),tréfilerie,trefilage_metaux,metallurgie_travail_metaux,usine,,avant_1789 | revolution_premiere_industrialisation | industrialisation_rail_vapeur,source_non_controlee,0.6396386937186056,48.767455621208995,aucun_rapprochement_requis_a_ce_stade,https://inventaire-patrimoine.normandie.fr/dossier/8bd63f82-dbc6-4eda-9f88-373fd5362b08,dossier individuel,
IA00061034,phase8_restant_officiel,structure_classee_a_enrichir,site_provisoire_a_verifier,,filature Vente,Saint-Pierre-du-Regard,61447,,Pont-Erembourg,filature,filature_textile,textile_habillement_cuir,filature,,revolution_premiere_industrialisation | industrialisation_rail_vapeur,source_non_controlee,-0.5146486142074254,48.84867294058659,candidat_a_verifier,https://inventaire-patrimoine.normandie.fr/dossier/ad1952b3-870f-448a-b0a9-14cd81aab402,dossier individuel,
IA00061036,phase8_restant_officiel,structure_classee_a_enrichir,site_provisoire_a_verifier,,filature,Saint-Pierre-du-Regard,61447,,Verrerie (La),filature,filature_textile,textile_habillement_cuir,filature,,industrialisation_rail_vapeur,source_non_controlee,-0.5198524319661104,48.83706898246044,aucun_rapprochement_requis_a_ce_stade,https://inventaire-patrimoine.normandie.fr/dossier/f7a22518-67a5-4604-a1c1-e7d0e09169bf,dossier individuel,
IA00061038,phase8_restant_officiel,structure_classee_a_enrichir,site_provisoire_a_verifier,,filature,Saint-Pierre-du-Regard,61447,,Champ Ferment (Le),filature,filature_textile,textile_habillement_cuir,filature,,industrialisation_rail_vapeur,source_non_controlee,-0.5119458944739677,48.845205493736024,candidat_a_verifier,https://inventaire-patrimoine.normandie.fr/dossier/432fcd3d-fd42-4915-a432-30afb0d32d2e,dossier individuel,
IA00061039,phase8_restant_officiel,structure_classee_a_enrichir,site_provisoire_a_verifier,,usine d'ouvrages en amiante,Sainte-Honorine-la-Chardonne,61407,,Plafond (Le),usine d'ouvrages en amiante,fabrication_produits_amiante,verre_ceramique_materiaux_construction,usine,,industrialisation_rail_vapeur | guerres_entre_deux_guerres | modernisation_apres_guerre,source_non_controlee,-0.5193373396195903,48.84216143773619,aucun_rapprochement_requis_a_ce_stade,https://inventaire-patrimoine.normandie.fr/dossier/06764c30-6e7a-4bdd-b34b-cfe5726b4b08,dossier individuel,
IA00061040,phase8_restant_officiel,structure_classee_a_enrichir,site_provisoire_a_verifier,,tissage,Athis-de-l'Orne,61007,,Vaux-de-Vère (Les),tissage,tissage,textile_habillement_cuir,tissage,,industrialisation_rail_vapeur | guerres_entre_deux_guerres,source_non_controlee,-0.5243965903945238,48.83106555453205,aucun_rapprochement_requis_a_ce_stade,https://inventaire-patrimoine.normandie.fr/dossier/ca3d8831-fdbd-4714-a8f9-58e855b5d079,dossier individuel,
IA00061041,phase8_restant_officiel,structure_classee_a_enrichir,site_provisoire_a_verifier,,tissage du Parc,Flers,61169,Simons (rue),,tissage,tissage,textile_habillement_cuir,tissage,,industrialisation_rail_vapeur,source_non_controlee,-0.5735222479544884,48.74929141695601,aucun_rapprochement_requis_a_ce_stade,https://inventaire-patrimoine.normandie.fr/dossier/7a9aaa25-6737-4201-9dff-21ba24a9aed8,dossier individuel,
IA00061042,phase8_restant_officiel,structure_classee_a_enrichir,site_provisoire_a_verifier,,tissage dit tissage de la Halle,Flers,61169,Belfort (rue de),,tissage,tissage,textile_habillement_cuir,tissage,,industrialisation_rail_vapeur,source_non_controlee,-0.5654868286558152,48.74486810118136,aucun_rapprochement_requis_a_ce_stade,https://inventaire-patrimoine.normandie.fr/dossier/2ad6726e-76ab-4abb-bf14-522e50f74408,dossier individuel,
IA00061044,phase8_restant_officiel,structure_classee_a_enrichir,site_provisoire_a_verifier,,"cidrerie distillerie dite cidrerie François, actuellement S.A. les Distilleries Françaises",La Rouge,61356,,,cidrerie | distillerie,production_cidre | distillation_alimentaire,agroalimentaire,cidrerie | distillerie,,guerres_entre_deux_guerres | modernisation_apres_guerre,source_non_controlee,0.6950104032551438,48.26845706173531,aucun_rapprochement_requis_a_ce_stade,https://inventaire-patrimoine.normandie.fr/dossier/a2e5cca2-577e-430a-a073-4cfae242d678,dossier individuel,
IA00061045,phase8_restant_officiel,structure_classee_a_enrichir,site_provisoire_a_verifier,,"cidrerie-distillerie dite cidrerie Dourdoigne, puis les cidreries Réunies",Le Theil,61484,Teilleuls (places des) 28,,cidrerie | distillerie,production_cidre | distillation_alimentaire,agroalimentaire,cidrerie | distillerie,,industrialisation_rail_vapeur | guerres_entre_deux_guerres | modernisation_apres_guerre,source_non_controlee,0.688847835905919,48.264484188352164,aucun_rapprochement_requis_a_ce_stade,https://inventaire-patrimoine.normandie.fr/dossier/001595d5-7e81-4a81-ba0f-8dae22918e84,dossier individuel,
IA00061046,phase8_restant_officiel,structure_classee_a_enrichir,site_provisoire_a_verifier,,moulin à farine,Courcerault,61128,,Moulin de la Vove (Le),moulin à farine,mouture_cereales,agroalimentaire,moulin,,industrialisation_rail_vapeur,source_non_controlee,0.661925898331464,48.45105528857278,aucun_rapprochement_requis_a_ce_stade,https://inventaire-patrimoine.normandie.fr/dossier/e3a8cd67-f87a-4692-aa71-8f0423b7d757,dossier individuel,
IA00061047,phase8_restant_officiel,structure_classee_a_enrichir,site_provisoire_a_verifier,,moulin à farine,Maison-Maugis,61245,,Moulin de Maison-Maugis (Le),moulin à farine,mouture_cereales,agroalimentaire,moulin,,guerres_entre_deux_guerres | modernisation_apres_guerre,source_non_controlee,0.7035660313503407,48.452372413421045,aucun_rapprochement_requis_a_ce_stade,https://inventaire-patrimoine.normandie.fr/dossier/bf72a86c-2f8e-4392-8c73-f758e7bed162,dossier individuel,
IA00061049,phase8_restant_officiel,structure_classee_a_enrichir,site_provisoire_a_verifier,,fonderie,L'Aigle,61214,Desaix (rue) 6,,fonderie,fonderie,metallurgie_travail_metaux,fonderie,,industrialisation_rail_vapeur,source_non_controlee,0.6308198224052208,48.76202615405436,aucun_rapprochement_requis_a_ce_stade,https://inventaire-patrimoine.normandie.fr/dossier/49a1d684-9cc4-4e45-8cb0-b31dfafc7998,dossier individuel,
IA00061050,phase8_restant_officiel,structure_classee_a_enrichir,site_provisoire_a_verifier,,usine de quincaillerie,L'Aigle,61214,Tanneurs (rue des) 2bis,,usine de quincaillerie,fabrication_quincaillerie,metallurgie_travail_metaux,usine,,industrialisation_rail_vapeur,source_non_controlee,0.6272991788702991,48.766419256791096,aucun_rapprochement_requis_a_ce_stade,https://inventaire-patrimoine.normandie.fr/dossier/39c6c270-e09b-47a0-bd20-623f31aa9091,dossier individuel,
IA00061051,phase8_restant_officiel,structure_classee_a_enrichir,site_provisoire_a_verifier,,"moulin à papier, tréfilerie",Aube,61008,,Moulin d'Aubette (Le),moulin à papier | tréfilerie,fabrication_papier | trefilage_metaux,bois_papier_imprimerie | metallurgie_travail_metaux,papeterie | usine,,avant_1789 | revolution_premiere_industrialisation | industrialisation_rail_vapeur,source_non_controlee,0.525694697549601,48.72435868766188,aucun_rapprochement_requis_a_ce_stade,https://inventaire-patrimoine.normandie.fr/dossier/08f5efae-132f-4369-918c-63a339cf84c1,dossier individuel,
IA00061053,phase8_restant_officiel,structure_classee_a_enrichir,site_provisoire_a_verifier,,"tréfilerie Boisthorel, actuellement usine de transformation des métaux dite Tréfimétaux",Rai,61342,,Usine de Boisthorel,tréfilerie | usine de transformation des métaux,trefilage_metaux | fabrication_metaux,metallurgie_travail_metaux,usine,,avant_1789 | industrialisation_rail_vapeur | guerres_entre_deux_guerres | modernisation_apres_guerre,source_non_controlee,0.5622451125842697,48.746817900678266,aucun_rapprochement_requis_a_ce_stade,https://inventaire-patrimoine.normandie.fr/dossier/a5301085-16d2-414c-9d69-f88ca16e01f8,dossier individuel,
IA00061055,phase8_restant_officiel,structure_classee_a_enrichir,site_provisoire_a_verifier,,tréfilerie,Saint-Martin-d'Écublei,61423,,Gondrillers (Les),tréfilerie,trefilage_metaux,metallurgie_travail_metaux,usine,,revolution_premiere_industrialisation,source_non_controlee,0.6887114382809219,48.79258324087267,aucun_rapprochement_requis_a_ce_stade,https://inventaire-patrimoine.normandie.fr/dossier/38f266f7-6ce3-4753-a42b-ca89e12456e7,dossier individuel,
IA00061057,phase8_restant_officiel,structure_classee_a_enrichir,site_provisoire_a_verifier,,moulin à farine,Saint-Michel-Tubœuf,61432,,,moulin à farine,mouture_cereales,agroalimentaire,moulin,,industrialisation_rail_vapeur,source_non_controlee,0.7096239133808253,48.74213994015254,aucun_rapprochement_requis_a_ce_stade,https://inventaire-patrimoine.normandie.fr/dossier/01a9306d-d8d6-4f87-9ff6-e3d9c6390a8c,dossier individuel,
IA00061058,phase8_restant_officiel,structure_classee_a_enrichir,site_provisoire_a_verifier,,moulin à farine,Chandai,61092,,Moulin de Chandai (Le),moulin à farine,mouture_cereales,agroalimentaire,moulin,,industrialisation_rail_vapeur,source_non_controlee,0.7311999557787924,48.75217965321692,aucun_rapprochement_requis_a_ce_stade,https://inventaire-patrimoine.normandie.fr/dossier/a1b1a05e-fcce-4e70-a351-f8361501e93f,dossier individuel,
IA00061059,phase8_restant_officiel,structure_classee_a_enrichir,site_provisoire_a_verifier,,tréfilerie,Saint-Martin-d'Écublei,61423,,Moulin de la Chaise (Le),tréfilerie,trefilage_metaux,metallurgie_travail_metaux,usine,,revolution_premiere_industrialisation | industrialisation_rail_vapeur | guerres_entre_deux_guerres,source_non_controlee,0.6784847208423793,48.78767920511006,aucun_rapprochement_requis_a_ce_stade,https://inventaire-patrimoine.normandie.fr/dossier/6853675e-202c-4a51-a2b6-2a0bda4a7e37,dossier individuel,
IA00061061,phase8_restant_officiel,structure_classee_a_enrichir,site_provisoire_a_verifier,,moulin à farine,Boissy-Maugis,61050,,Moulin de Méleray (Le),moulin à farine,mouture_cereales,agroalimentaire,moulin,,industrialisation_rail_vapeur,source_non_controlee,0.7110543722831707,48.43980898127524,aucun_rapprochement_requis_a_ce_stade,https://inventaire-patrimoine.normandie.fr/dossier/c86dff7c-53fa-42b1-a982-709d534bbd31,dossier individuel,
IA00061062,phase8_restant_officiel,structure_classee_a_enrichir,site_provisoire_a_verifier,,moulin à farine,Bretoncelles,61061,,Courvoisier,moulin à farine,mouture_cereales,agroalimentaire,moulin,,industrialisation_rail_vapeur,source_non_controlee,0.9254088764859216,48.44298570163797,aucun_rapprochement_requis_a_ce_stade,https://inventaire-patrimoine.normandie.fr/dossier/8eee80d5-43fa-407a-9ce7-a1ba9ff7a967,dossier individuel,
IA00061064,phase8_restant_officiel,structure_classee_a_enrichir,site_provisoire_a_verifier,,moulin à farine,Bretoncelles,61061,,Moulin-Neuf (Le),moulin à farine,mouture_cereales,agroalimentaire,moulin,,industrialisation_rail_vapeur,source_non_controlee,0.9333742246779113,48.44818235445578,aucun_rapprochement_requis_a_ce_stade,https://inventaire-patrimoine.normandie.fr/dossier/441f8072-ca1f-443b-b721-7f63ef81c8b6,dossier individuel,
IA00061065,phase8_restant_officiel,structure_classee_a_enrichir,site_provisoire_a_verifier,,"moulin à farine, minoterie",Bretoncelles,61061,,Haute Planche (La),moulin à farine | minoterie,mouture_cereales | mouture_cereales,agroalimentaire,minoterie | moulin,,revolution_premiere_industrialisation | industrialisation_rail_vapeur | guerres_entre_deux_guerres,source_non_controlee,0.8971301457461647,48.43644920595579,aucun_rapprochement_requis_a_ce_stade,https://inventaire-patrimoine.normandie.fr/dossier/cf1828b5-be16-40ca-85de-a6ea86c811a9,dossier individuel,
IA00061066,phase8_restant_officiel,structure_classee_a_enrichir,site_provisoire_a_verifier,,briqueterie,Saint-Fulgent-des-Ormes,61388,,Tertre (Le),briqueterie,fabrication_briques,verre_ceramique_materiaux_construction,briqueterie,,avant_1789 | revolution_premiere_industrialisation,source_non_controlee,0.47034167869801397,48.32323130162303,aucun_rapprochement_requis_a_ce_stade,https://inventaire-patrimoine.normandie.fr/dossier/bb8a38b9-a83d-4ec7-92a7-2a44a8f88c7f,dossier individuel,
IA00061067,phase8_restant_officiel,structure_classee_a_enrichir,site_provisoire_a_verifier,,tuilerie,Saint-Jouin-de-Blavou,61411,,Tuilerie de Chanceaux (La),tuilerie,fabrication_tuiles,verre_ceramique_materiaux_construction,tuilerie,,guerres_entre_deux_guerres | modernisation_apres_guerre,source_non_controlee,0.5073059711818075,48.44933902842728,aucun_rapprochement_requis_a_ce_stade,https://inventaire-patrimoine.normandie.fr/dossier/11a51e26-2ee5-4307-acbc-36aca7f66577,dossier individuel,
IA00061068,phase8_restant_officiel,structure_classee_a_enrichir,site_provisoire_a_verifier,,haut fourneau,La Madeleine-Bouvet,61241,,Moulin Renault (Le),haut fourneau,production_fonte,metallurgie_travail_metaux,haut_fourneau,,avant_1789 | revolution_premiere_industrialisation,source_non_controlee,0.8918782679981431,48.454418008618966,aucun_rapprochement_requis_a_ce_stade,https://inventaire-patrimoine.normandie.fr/dossier/cdaeb9cd-1e2a-4e4e-aee0-3de9cceff0e3,dossier individuel,
IA00061070,phase8_restant_officiel,structure_classee_a_enrichir,site_provisoire_a_verifier,,"ferme, briqueterie",Origny-le-Roux,61319,,Basse Cour (La),ferme | briqueterie,fabrication_briques,verre_ceramique_materiaux_construction,briqueterie,,avant_1789 | industrialisation_rail_vapeur,source_non_controlee,0.4182383626953623,48.337850541024636,aucun_rapprochement_requis_a_ce_stade,https://inventaire-patrimoine.normandie.fr/dossier/445524ea-363d-4f95-b711-b25df0d35ad7,dossier individuel,ferme
IA00061071,phase8_restant_officiel,structure_classee_a_enrichir,site_provisoire_a_verifier,,usine de quincaillerie dite usine de quincaillerie Mermier Lemarchand Réunis,Tinchebray,61486,Vire (route de),,usine de quincaillerie,fabrication_quincaillerie,metallurgie_travail_metaux,usine,,industrialisation_rail_vapeur | mutations_reconversions,source_non_controlee,-0.7288990870661847,48.767361979838164,aucun_rapprochement_requis_a_ce_stade,https://inventaire-patrimoine.normandie.fr/dossier/f1782e41-84e1-4811-8c7e-bb4f5f5fe9db,dossier individuel,
IA00061072,phase8_restant_officiel,structure_classee_a_enrichir,site_provisoire_a_verifier,,usine de boulangerie dite biscuiterie de l'Abbaye,Lonlay-l'Abbaye,61232,,,usine de boulangerie,fabrication_boulangerie,agroalimentaire,usine,,modernisation_apres_guerre | mutations_reconversions,source_non_controlee,-0.7136453287932577,48.642451854962104,aucun_rapprochement_requis_a_ce_stade,https://inventaire-patrimoine.normandie.fr/dossier/b3bd13f8-5ad4-472f-9753-b1620129c8fc,dossier individuel,
IA00061074,phase8_restant_officiel,structure_classee_a_enrichir,site_provisoire_a_verifier,,"tuilerie, Briqueterie",L'Aigle,61214,,Feugeret (Le),tuilerie | briqueterie,fabrication_tuiles | fabrication_briques,verre_ceramique_materiaux_construction,briqueterie | tuilerie,,revolution_premiere_industrialisation | industrialisation_rail_vapeur,source_non_controlee,0.5958268458910381,48.773704305234546,aucun_rapprochement_requis_a_ce_stade,https://inventaire-patrimoine.normandie.fr/dossier/d4b32cee-3bb8-45da-a23f-051eb6b4d33f,dossier individuel,
IA00061075,phase8_restant_officiel,structure_classee_a_enrichir,site_provisoire_a_verifier,,usine de chaussures,L'Aigle,61214,Bec Ham (rue de) 5,,usine de chaussures,fabrication_chaussures,textile_habillement_cuir,usine,,industrialisation_rail_vapeur,source_non_controlee,0.6267581422883676,48.76424898523118,aucun_rapprochement_requis_a_ce_stade,https://inventaire-patrimoine.normandie.fr/dossier/6cff45d4-e7e5-4362-888c-08486684a5ce,dossier individuel,
IA00061077,phase8_restant_officiel,structure_classee_a_enrichir,site_provisoire_a_verifier,,usine de quincaillerie,L'Aigle,61214,,Mérouvel,usine de quincaillerie,fabrication_quincaillerie,metallurgie_travail_metaux,usine,,revolution_premiere_industrialisation | industrialisation_rail_vapeur,source_non_controlee,0.6138211080428172,48.76498994054915,aucun_rapprochement_requis_a_ce_stade,https://inventaire-patrimoine.normandie.fr/dossier/5d5cf67a-a6c8-49cd-b636-8de61c5a1c7c,dossier individuel,
IA00061078,phase8_restant_officiel,structure_classee_a_enrichir,site_provisoire_a_verifier,,"filature, usine de quincaillerie",L'Aigle,61214,Pont du Moulin (rue du) 15,,filature | usine de quincaillerie,filature_textile | fabrication_quincaillerie,metallurgie_travail_metaux | textile_habillement_cuir,filature | usine,,revolution_premiere_industrialisation | industrialisation_rail_vapeur,source_non_controlee,0.6273430254989869,48.76575427658722,candidat_a_verifier,https://inventaire-patrimoine.normandie.fr/dossier/318e026e-c638-45df-91c2-ca88f1affab0,dossier individuel,
IA00061079,phase8_restant_officiel,structure_classee_a_enrichir,site_provisoire_a_verifier,,"usine de quincaillerie dite Manufacture Lherminier, puis S.A. des Tréfileries Françaises, puis S.A. des Etablissements Dassonville et Fatus, puis S.A.R.L. des Etablissements Fatus et Cie",L'Aigle,61214,Pont du Moulin (rue du) 16,,usine de quincaillerie,fabrication_quincaillerie,metallurgie_travail_metaux,usine,,revolution_premiere_industrialisation | industrialisation_rail_vapeur | guerres_entre_deux_guerres | modernisation_apres_guerre,source_non_controlee,0.6277131716425265,48.76599557852003,candidat_a_verifier,https://inventaire-patrimoine.normandie.fr/dossier/e8a863ae-7d94-4ee0-84d0-5c4b8c719e76,dossier individuel,
IA00061080,phase8_restant_officiel,structure_classee_a_enrichir,site_provisoire_a_verifier,,"usine de produits alimentaires, laiterie industrielle dite usine de produits alimentaires Deschamps",Échauffour,61150,,Gué Fouché (Le),usine de produits agro-alimentaires | laiterie industrielle,transformation_agroalimentaire | transformation_lait,agroalimentaire,laiterie | usine,,guerres_entre_deux_guerres | modernisation_apres_guerre,source_non_controlee,0.39650372674955314,48.71272715378385,aucun_rapprochement_requis_a_ce_stade,https://inventaire-patrimoine.normandie.fr/dossier/310c49b9-7d4e-4738-a2f5-efbda0a838ac,dossier individuel,
IA00061082,phase8_restant_officiel,structure_classee_a_enrichir,site_provisoire_a_verifier,,"moulin à farine, moulin à huile",Sainte-Gauburge-Sainte-Colombe,61389,,Pliard,moulin à farine | moulin à huile,mouture_cereales | production_huiles_vegetales,agroalimentaire,moulin,,revolution_premiere_industrialisation,source_non_controlee,0.48128465765182726,48.73061045406867,aucun_rapprochement_requis_a_ce_stade,https://inventaire-patrimoine.normandie.fr/dossier/fdf456a6-e2ed-4c7b-adfe-f735c0e623cb,dossier individuel,
IA00061083,phase8_restant_officiel,structure_classee_a_enrichir,site_provisoire_a_verifier,,"tannerie, usine de blanchiment",L'Aigle,61214,Jetées (rue des) 15,,tannerie | usine de blanchiment,tannerie_cuir | ennoblissement_textile,textile_habillement_cuir,tannerie | usine,,industrialisation_rail_vapeur,source_non_controlee,0.6282747575667249,48.76681655273761,aucun_rapprochement_requis_a_ce_stade,https://inventaire-patrimoine.normandie.fr/dossier/30ac1fba-4a0d-488a-bafd-22111ddf4349,dossier individuel,
IA00061084,phase8_restant_officiel,structure_classee_a_enrichir,site_provisoire_a_verifier,,usine à gaz,L'Aigle,61214,Saint Barthélémy (rue) 46,,usine à gaz,production_gaz,energie,usine_gaz,,industrialisation_rail_vapeur,source_non_controlee,0.6318770744154124,48.76722097056474,aucun_rapprochement_requis_a_ce_stade,https://inventaire-patrimoine.normandie.fr/dossier/00fc960b-2b54-4ca7-a551-14eaa0036322,dossier individuel,
IA00061085,phase8_restant_officiel,structure_classee_a_enrichir,site_provisoire_a_verifier,,usine d'ébénisterie,L'Aigle,61214,,Mousse (La),usine d'ébénisterie,travail_bois,bois_papier_imprimerie,usine,,industrialisation_rail_vapeur,source_non_controlee,0.6160932504044726,48.769777280655425,aucun_rapprochement_requis_a_ce_stade,https://inventaire-patrimoine.normandie.fr/dossier/09062914-4bf6-49a2-af2a-f7eb69ebcda1,dossier individuel,
IA00061086,phase8_restant_officiel,structure_classee_a_enrichir,site_provisoire_a_verifier,,usine à papier,Le Theil,61484,Ceton (route de),,usine à papier,fabrication_papier,bois_papier_imprimerie,papeterie,,industrialisation_rail_vapeur | guerres_entre_deux_guerres | modernisation_apres_guerre,source_non_controlee,0.6889566756494094,48.26200193775046,aucun_rapprochement_requis_a_ce_stade,https://inventaire-patrimoine.normandie.fr/dossier/37006c13-21a6-4ca9-8b80-a76fd0497710,dossier individuel,
IA00061088,phase8_restant_officiel,structure_classee_a_enrichir,site_provisoire_a_verifier,,"moulin à farine, tréfilerie dite de Brochard",Longny-au-Perche,61230,,Larry (Les),tréfilerie | moulin,trefilage_metaux | activite_industrielle_indeterminee,inconnu | metallurgie_travail_metaux,moulin | usine,,avant_1789 | industrialisation_rail_vapeur,source_non_controlee,0.6924159733179654,48.540767985998826,aucun_rapprochement_requis_a_ce_stade,https://inventaire-patrimoine.normandie.fr/dossier/01d90608-aa52-4b05-8422-cd3c2f97f60f,dossier individuel,
IA00061089,phase8_restant_officiel,structure_classee_a_enrichir,site_provisoire_a_verifier,,usine de flaconnage,L'Hôme-Chamondot,61206,,Cellerie (La),usine de flaconnage,fabrication_verre,verre_ceramique_materiaux_construction,usine,,revolution_premiere_industrialisation | industrialisation_rail_vapeur,source_non_controlee,0.7422068823818951,48.60559941612733,aucun_rapprochement_requis_a_ce_stade,https://inventaire-patrimoine.normandie.fr/dossier/68c03c0f-982a-4ae3-bfe9-857298f34591,dossier individuel,
IA00061090,phase8_restant_officiel,structure_classee_a_enrichir,site_provisoire_a_verifier,,"cidrerie, distillerie, usine de fibre de bois",Le Pin-la-Garenne,61329,,Gare (La),cidrerie | distillerie | usine de fibre de bois,production_cidre | distillation_alimentaire | travail_bois,agroalimentaire | bois_papier_imprimerie,cidrerie | distillerie | usine,,guerres_entre_deux_guerres | modernisation_apres_guerre,source_non_controlee,0.5410112184188118,48.44350782531773,aucun_rapprochement_requis_a_ce_stade,https://inventaire-patrimoine.normandie.fr/dossier/0391153c-cd1e-4907-92a0-9cba93833378,dossier individuel,
IA00061092,phase8_restant_officiel,structure_classee_a_enrichir,site_provisoire_a_verifier,,usine de flaconnage,Saint-Evroult-Notre-Dame-du-Bois,61386,,,usine de flaconnage,fabrication_verre,verre_ceramique_materiaux_construction,usine,,revolution_premiere_industrialisation | industrialisation_rail_vapeur,source_non_controlee,0.4669244197698801,48.79192886893738,aucun_rapprochement_requis_a_ce_stade,https://inventaire-patrimoine.normandie.fr/dossier/96cd783f-63b4-42a4-959f-112236b29d14,dossier individuel,
IA00061093,phase8_restant_officiel,structure_classee_a_enrichir,site_provisoire_a_verifier,,haut fourneau de Gaillon,Irai,61208,,Etangs (Les),haut fourneau,production_fonte,metallurgie_travail_metaux,haut_fourneau,,avant_1789 | revolution_premiere_industrialisation | industrialisation_rail_vapeur,source_non_controlee,0.6633083777956861,48.646488729109954,aucun_rapprochement_requis_a_ce_stade,https://inventaire-patrimoine.normandie.fr/dossier/e42512a0-f7e5-478c-9062-2e67aece815d,dossier individuel,
IA00061096,phase8_restant_officiel,structure_classee_a_enrichir,site_provisoire_a_verifier,,fenderie,Randonnai,61343,,Conturbie,fenderie,fabrication_metaux,metallurgie_travail_metaux,usine,,avant_1789 | revolution_premiere_industrialisation,source_non_controlee,0.6420653455632671,48.64235361273093,aucun_rapprochement_requis_a_ce_stade,https://inventaire-patrimoine.normandie.fr/dossier/514c50b3-37f6-4b6b-a099-863c0d458669,dossier individuel,
IA00061097,phase8_restant_officiel,structure_classee_a_enrichir,site_provisoire_a_verifier,,"moulin à farine, filature, usine de quincaillerie dite usine de quincaillerie Mermier Lemarchand Réunis",Frênes,61177,,Monnerie (La),moulin à farine | filature | usine de quincaillerie,mouture_cereales | filature_textile | fabrication_quincaillerie,agroalimentaire | metallurgie_travail_metaux | textile_habillement_cuir,filature | moulin | usine,,revolution_premiere_industrialisation | industrialisation_rail_vapeur | modernisation_apres_guerre,source_non_controlee,-0.6866746825634636,48.78777932593985,aucun_rapprochement_requis_a_ce_stade,https://inventaire-patrimoine.normandie.fr/dossier/1fa9c3b3-0789-42a3-a74a-09e8fd603a86,dossier individuel,
IA00061098,phase8_restant_officiel,structure_classee_a_enrichir,site_provisoire_a_verifier,,moulin à farine,Malétable,61247,,Moulin de Sevoux (Le),moulin à farine,mouture_cereales,agroalimentaire,moulin,,revolution_premiere_industrialisation | industrialisation_rail_vapeur,source_non_controlee,0.6934971337440611,48.56362939828877,aucun_rapprochement_requis_a_ce_stade,https://inventaire-patrimoine.normandie.fr/dossier/08d5bc14-2293-422b-b819-1c4cf7285021,dossier individuel,
IA00061099,phase8_restant_officiel,structure_classee_a_enrichir,site_provisoire_a_verifier,,moulin à farine dit moulin de Longny,Longny-au-Perche,61230,Chartres (rue de) 4,,moulin à farine,mouture_cereales,agroalimentaire,moulin,,avant_1789 | revolution_premiere_industrialisation | industrialisation_rail_vapeur,source_non_controlee,0.7553882797859531,48.53045456756691,aucun_rapprochement_requis_a_ce_stade,https://inventaire-patrimoine.normandie.fr/dossier/61192eb3-696b-4b02-9238-e11f1d03d59c,dossier individuel,
IA00061100,phase8_restant_officiel,structure_classee_a_enrichir,site_provisoire_a_verifier,,moulin à blé,Malétable,61247,,Moulin des Sablons (Le),moulin à blé,mouture_cereales,agroalimentaire,moulin,,revolution_premiere_industrialisation | industrialisation_rail_vapeur | guerres_entre_deux_guerres | modernisation_apres_guerre,source_non_controlee,0.6905217355197396,48.553924360791896,aucun_rapprochement_requis_a_ce_stade,https://inventaire-patrimoine.normandie.fr/dossier/1f7acc4d-e4f4-4894-ac3e-4abc263fcfaf,dossier individuel,
IA00061102,phase8_restant_officiel,structure_classee_a_enrichir,site_provisoire_a_verifier,,"haut fourneau, moulin à tan, fenderie, moulin à tan",Longny-au-Perche,61230,,Moulin à Tan (Le),moulin à tan | haut fourneau | fenderie,preparation_tan | production_fonte | fabrication_metaux,metallurgie_travail_metaux | textile_habillement_cuir,haut_fourneau | moulin | usine,,avant_1789 | industrialisation_rail_vapeur,source_non_controlee,0.7626090513315495,48.52730596127478,aucun_rapprochement_requis_a_ce_stade,https://inventaire-patrimoine.normandie.fr/dossier/188b7cce-7ecd-4d81-93c6-4a69aaa67b25,dossier individuel,
IA00061103,phase8_restant_officiel,structure_classee_a_enrichir,site_provisoire_a_verifier,,"fenderie, actuellement maison",Longny-au-Perche,61230,,Fenderie (La),fenderie,fabrication_metaux,metallurgie_travail_metaux,usine,,avant_1789,source_non_controlee,0.7508714914163238,48.524564586568886,aucun_rapprochement_requis_a_ce_stade,https://inventaire-patrimoine.normandie.fr/dossier/162aba19-a5d3-48be-bea7-56518baba495,dossier individuel,
IA00061104,phase8_restant_officiel,structure_classee_a_enrichir,site_provisoire_a_verifier,,usine de flaconnage,Tanville,61480,,Verrerie du Gast (La),usine de flaconnage,fabrication_verre,verre_ceramique_materiaux_construction,usine,,avant_1789 | industrialisation_rail_vapeur,source_non_controlee,0.034392564695537406,48.55922538357565,aucun_rapprochement_requis_a_ce_stade,https://inventaire-patrimoine.normandie.fr/dossier/d52d97a6-bf8e-436b-ab58-9fc4ee6d26a8,dossier individuel,
IA00061105,phase8_restant_officiel,structure_classee_a_enrichir,site_provisoire_a_verifier,,"haut fourneau, moulin à blé",Normandel,61311,,Motte Rouge (La),haut fourneau | moulin à blé,production_fonte | mouture_cereales,agroalimentaire | metallurgie_travail_metaux,haut_fourneau | moulin,,avant_1789 | revolution_premiere_industrialisation | industrialisation_rail_vapeur,source_non_controlee,0.7075409220334788,48.64085109804082,aucun_rapprochement_requis_a_ce_stade,https://inventaire-patrimoine.normandie.fr/dossier/645c0d9a-4047-4e02-b244-364eff07562e,dossier individuel,
IA00061106,phase8_restant_officiel,structure_classee_a_enrichir,site_provisoire_a_verifier,,fonderie dite Société des Fonderies et Ateliers de Randonnai,Randonnai,61343,Sainte Anne (route) 18,,fonderie,fonderie,metallurgie_travail_metaux,fonderie,,industrialisation_rail_vapeur | guerres_entre_deux_guerres | modernisation_apres_guerre,source_non_controlee,0.6749366986694487,48.64762512401811,aucun_rapprochement_requis_a_ce_stade,https://inventaire-patrimoine.normandie.fr/dossier/14d103d5-dc09-406e-bb94-78a70012fc4e,dossier individuel,
IA00061108,phase8_restant_officiel,structure_classee_a_enrichir,site_provisoire_a_verifier,,tréfilerie dite la Fabrique,Chandai,61092,,Château des Masselins,tréfilerie,trefilage_metaux,metallurgie_travail_metaux,usine,,revolution_premiere_industrialisation,source_non_controlee,0.7406927721587973,48.75669657613273,aucun_rapprochement_requis_a_ce_stade,https://inventaire-patrimoine.normandie.fr/dossier/9b532798-3da1-4d20-b4ef-acf78c44dc69,dossier individuel,
IA00061109,phase8_restant_officiel,structure_classee_a_enrichir,site_provisoire_a_verifier,,moulin à papier,Boissy-Maugis,61050,,Bluteau,moulin à papier,fabrication_papier,bois_papier_imprimerie,papeterie,,revolution_premiere_industrialisation,source_non_controlee,0.6993384667978293,48.463324568698226,aucun_rapprochement_requis_a_ce_stade,https://inventaire-patrimoine.normandie.fr/dossier/f0041e5d-9dc5-4e93-88e5-abef1dd0fb34,dossier individuel,
IA00061110,phase8_restant_officiel,structure_classee_a_enrichir,site_provisoire_a_verifier,,moulin à farine,Condé-sur-Huisne,61116,Moulin Pley (rue du),,moulin à farine,mouture_cereales,agroalimentaire,moulin,,industrialisation_rail_vapeur,source_non_controlee,0.8434453268630354,48.38188202376638,aucun_rapprochement_requis_a_ce_stade,https://inventaire-patrimoine.normandie.fr/dossier/51d60ebb-096a-4d42-a50f-75a129b5bf8b,dossier individuel,
IA00061111,phase8_restant_officiel,structure_classee_a_enrichir,site_provisoire_a_verifier,,moulin à farine,Dorceau,61147,,Moulin de Dorceau (Le),moulin à farine,mouture_cereales,agroalimentaire,moulin,,avant_1789 | revolution_premiere_industrialisation,source_non_controlee,0.8012849480769255,48.420482714159775,aucun_rapprochement_requis_a_ce_stade,https://inventaire-patrimoine.normandie.fr/dossier/a270caa3-6f07-4ba1-8219-e345c47aae98,dossier individuel,
IA00061114,phase8_restant_officiel,structure_classee_a_enrichir,site_provisoire_a_verifier,,"tréfilerie, usine de quincaillerie",Saint-Sulpice-sur-Risle,61456,,Bouviers,tréfilerie | usine de quincaillerie,trefilage_metaux | fabrication_quincaillerie,metallurgie_travail_metaux,usine,,revolution_premiere_industrialisation | industrialisation_rail_vapeur | guerres_entre_deux_guerres,source_non_controlee,0.6657982552290692,48.78362596815629,aucun_rapprochement_requis_a_ce_stade,https://inventaire-patrimoine.normandie.fr/dossier/ceba62ec-2803-45a0-bc4b-3e2b0ed55d43,dossier individuel,
IA00061115,phase8_restant_officiel,structure_classee_a_enrichir,site_provisoire_a_verifier,,moulin à papier,Saint-Maurice-sur-Huisne,61430,,Yversay,moulin à papier,fabrication_papier,bois_papier_imprimerie,papeterie,,revolution_premiere_industrialisation | industrialisation_rail_vapeur,source_non_controlee,0.7039490559189281,48.43804265751403,aucun_rapprochement_requis_a_ce_stade,https://inventaire-patrimoine.normandie.fr/dossier/9fba22e8-2d3b-4ba4-915c-8836bc5ff9a7,dossier individuel,
IA00061116,phase8_restant_officiel,structure_classee_a_enrichir,site_provisoire_a_verifier,,"distillerie, cidrerie",Anceins,61003,,Guitot,distillerie | cidrerie,distillation_alimentaire | production_cidre,agroalimentaire,cidrerie | distillerie,,industrialisation_rail_vapeur | guerres_entre_deux_guerres,source_non_controlee,0.4888018369267629,48.86026265814777,aucun_rapprochement_requis_a_ce_stade,https://inventaire-patrimoine.normandie.fr/dossier/9873f4af-3d58-43d2-9fdc-c9f6cee314f9,dossier individuel,
IA00061118,phase8_restant_officiel,structure_classee_a_enrichir,site_provisoire_a_verifier,,"moulin à farine dit moulin d'Orion, actuellement minoterie Dubois Rioux",Argentan,61006,Charlotte Corday (rue) 13,,moulin à farine,mouture_cereales,agroalimentaire,moulin,,modernisation_apres_guerre,source_non_controlee,-0.02134356759580766,48.740973810318266,aucun_rapprochement_requis_a_ce_stade,https://inventaire-patrimoine.normandie.fr/dossier/c85d0cda-0fbf-4f36-9244-abd54538de04,dossier individuel,
IA00061120,phase8_restant_officiel,structure_classee_a_enrichir,site_provisoire_a_verifier,,filature,Athis-de-l'Orne,61007,,Planche (La),filature,filature_textile,textile_habillement_cuir,filature,,revolution_premiere_industrialisation | industrialisation_rail_vapeur,source_non_controlee,-0.5340995335052601,48.82153351246531,aucun_rapprochement_requis_a_ce_stade,https://inventaire-patrimoine.normandie.fr/dossier/74a59e69-e811-42ad-8e4c-9e396ccd6a7e,dossier individuel,
IA00061122,phase8_restant_officiel,structure_classee_a_enrichir,site_provisoire_a_verifier,,filature,Athis-de-l'Orne,61007,,Buat (Le),filature,filature_textile,textile_habillement_cuir,filature,,revolution_premiere_industrialisation | industrialisation_rail_vapeur,source_non_controlee,-0.5402628174310864,48.810511970612225,aucun_rapprochement_requis_a_ce_stade,https://inventaire-patrimoine.normandie.fr/dossier/70f47dbf-54da-4754-981f-3b0e6c781ffd,dossier individuel,
IA00061123,phase8_restant_officiel,structure_classee_a_enrichir,site_provisoire_a_verifier,,centrale électrique,Aube,61008,,,centrale électrique,production_electricite,energie,centrale_electrique,,industrialisation_rail_vapeur | guerres_entre_deux_guerres | modernisation_apres_guerre | mutations_reconversions,source_non_controlee,0.5541974236572859,48.742178514555164,aucun_rapprochement_requis_a_ce_stade,https://inventaire-patrimoine.normandie.fr/dossier/2120a034-92f2-46cb-b640-aeeb5a0e66e0,dossier individuel,
IA00061124,phase8_restant_officiel,structure_classee_a_enrichir,site_provisoire_a_verifier,,moulin à farine,Aunou-le-Faucon,61014,,Moulin (Le),moulin à farine,mouture_cereales,agroalimentaire,moulin,,revolution_premiere_industrialisation | industrialisation_rail_vapeur,source_non_controlee,0.04617697915116817,48.72205311968538,aucun_rapprochement_requis_a_ce_stade,https://inventaire-patrimoine.normandie.fr/dossier/de7d210f-4c99-459a-b60a-0854fe0017e0,dossier individuel,
IA00061125,phase8_restant_officiel,structure_classee_a_enrichir,site_provisoire_a_verifier,,moulin à foulon dit Moulin à toile,L'Aigle,61214,,,moulin à foulon,foulage_textile,textile_habillement_cuir,moulin,,avant_1789 | revolution_premiere_industrialisation,source_non_controlee,0.6306459110390241,48.76765544531436,aucun_rapprochement_requis_a_ce_stade,https://inventaire-patrimoine.normandie.fr/dossier/746e2966-9900-4d07-84b9-8f2eb6d28dae,dossier individuel,
IA00061126,phase8_restant_officiel,structure_classee_a_enrichir,site_provisoire_a_verifier,,usine de quincaillerie,Anceins,61003,,Sifflet (Le),usine de quincaillerie,fabrication_quincaillerie,metallurgie_travail_metaux,usine,,revolution_premiere_industrialisation | industrialisation_rail_vapeur,source_non_controlee,0.5068062266121127,48.869294944600384,aucun_rapprochement_requis_a_ce_stade,https://inventaire-patrimoine.normandie.fr/dossier/6434f7ad-c920-49ae-93a1-b6894f1adaf7,dossier individuel,
IA00061128,phase8_restant_officiel,structure_classee_a_enrichir,site_provisoire_a_verifier,,usine d'appareils de levage et de manutention dite usine M.I.C.,Argentan,61006,,,usine d'appareils de levage et de manutention,construction_mecanique,mecanique_electrique,usine,,modernisation_apres_guerre,source_non_controlee,-0.01559552417918901,48.726042957791165,aucun_rapprochement_requis_a_ce_stade,https://inventaire-patrimoine.normandie.fr/dossier/0a2906f5-3e51-4560-a7c3-1eaa67a50671,dossier individuel,
IA00061129,phase8_restant_officiel,structure_classee_a_enrichir,site_provisoire_a_verifier,,"fenderie, tréfilerie",Aube,61008,,Fenderie (La),fenderie | tréfilerie,fabrication_metaux | trefilage_metaux,metallurgie_travail_metaux,usine,,industrialisation_rail_vapeur,source_non_controlee,0.527259861087714,48.738986882834574,aucun_rapprochement_requis_a_ce_stade,https://inventaire-patrimoine.normandie.fr/dossier/9bb902e6-a884-4942-af81-8beac2cfad03,dossier individuel,
IA00061130,phase8_restant_officiel,structure_classee_a_enrichir,site_provisoire_a_verifier,,usine de chaux,Bazoches-au-Houlme,61028,,Champs Bougon (Les),usine de chaux,fabrication_chaux_ciment,verre_ceramique_materiaux_construction,usine,,revolution_premiere_industrialisation | industrialisation_rail_vapeur,source_non_controlee,-0.24252240153100024,48.81259869072602,aucun_rapprochement_requis_a_ce_stade,https://inventaire-patrimoine.normandie.fr/dossier/7cfecbf8-9454-4e10-baae-dd862e9ebfd3,dossier individuel,
IA00061131,phase8_restant_officiel,structure_classee_a_enrichir,site_provisoire_a_verifier,,moulin à farine,Bazoches-sur-Hoëne,61029,,Moulin de Crémel (Le),moulin à farine,mouture_cereales,agroalimentaire,moulin,,revolution_premiere_industrialisation,source_non_controlee,0.47189183990076655,48.55737889097087,aucun_rapprochement_requis_a_ce_stade,https://inventaire-patrimoine.normandie.fr/dossier/590907c8-296c-46c3-a66e-d3591affff46,dossier individuel,
IA00061132,phase8_restant_officiel,structure_classee_a_enrichir,site_provisoire_a_verifier,,filature,Athis-de-l'Orne,61007,,Planquivon,filature,filature_textile,textile_habillement_cuir,filature,,revolution_premiere_industrialisation | industrialisation_rail_vapeur,source_non_controlee,-0.5399726119266076,48.81627323208482,aucun_rapprochement_requis_a_ce_stade,https://inventaire-patrimoine.normandie.fr/dossier/cde6a40a-13ed-45ff-a6e7-c040a38738bf,dossier individuel,
IA00061136,phase8_restant_officiel,structure_classee_a_enrichir,site_provisoire_a_verifier,,"moulin à farine, minoterie",La Madeleine-Bouvet,61241,,Moulin de la Bonnechère,moulin à farine | minoterie,mouture_cereales | mouture_cereales,agroalimentaire,minoterie | moulin,,industrialisation_rail_vapeur | modernisation_apres_guerre,source_non_controlee,0.8823324234751956,48.46903411153528,aucun_rapprochement_requis_a_ce_stade,https://inventaire-patrimoine.normandie.fr/dossier/cd6eba3c-0e0f-4238-a6e4-dbb919f73979,dossier individuel,
IA00061137,phase8_restant_officiel,structure_classee_a_enrichir,site_provisoire_a_verifier,,tuilerie de la Boulaie Blanche,Moutiers-au-Perche,61300,,Déhaserie (La),tuilerie,fabrication_tuiles,verre_ceramique_materiaux_construction,tuilerie,,industrialisation_rail_vapeur,source_non_controlee,0.8391246421199199,48.4502023385139,aucun_rapprochement_requis_a_ce_stade,https://inventaire-patrimoine.normandie.fr/dossier/227665af-a88f-41a6-b714-55a3aa8f2d29,dossier individuel,
IA00061138,phase8_restant_officiel,structure_classee_a_enrichir,site_provisoire_a_verifier,,moulin à farine,Rai,61342,,Moulin de Rai (Le),moulin à farine,mouture_cereales,agroalimentaire,moulin,,revolution_premiere_industrialisation,source_non_controlee,0.5776829190962741,48.7476965361192,aucun_rapprochement_requis_a_ce_stade,https://inventaire-patrimoine.normandie.fr/dossier/62b99cac-2c40-42ff-b0b9-fa4840ea2a07,dossier individuel,
IA00061139,phase8_restant_officiel,structure_classee_a_enrichir,site_provisoire_a_verifier,,"usine de fabrication des métaux, moulin à papier",Saint-Victor-de-Réno,61458,,Forge (La),usine de fabrication des métaux | moulin à papier,fabrication_metaux | fabrication_papier,bois_papier_imprimerie | metallurgie_travail_metaux,papeterie | usine,,avant_1789 | industrialisation_rail_vapeur,source_non_controlee,0.7009515888194904,48.51610367111526,aucun_rapprochement_requis_a_ce_stade,https://inventaire-patrimoine.normandie.fr/dossier/428a9bbb-bd36-43c4-b258-8747403c24dd,dossier individuel,
IA00061140,phase8_restant_officiel,structure_classee_a_enrichir,site_provisoire_a_verifier,,moulin à farine,La Mesnière,61277,,Moulin de Longpont (Le),moulin à farine,mouture_cereales,agroalimentaire,moulin,,industrialisation_rail_vapeur,source_non_controlee,0.43376244723596485,48.54583375116964,aucun_rapprochement_requis_a_ce_stade,https://inventaire-patrimoine.normandie.fr/dossier/d2ab2e83-4178-427a-a414-61b279bf280a,dossier individuel,
IA00061142,phase8_restant_officiel,structure_classee_a_enrichir,site_provisoire_a_verifier,,"moulin à farine, puis usine génératrice d'électricité",Mauves-sur-Huisne,61255,,Moulin de Mauves (le),moulin à farine,mouture_cereales,agroalimentaire,moulin,,industrialisation_rail_vapeur | guerres_entre_deux_guerres,source_non_controlee,0.6220677733154655,48.441190876511634,aucun_rapprochement_requis_a_ce_stade,https://inventaire-patrimoine.normandie.fr/dossier/cdbc105c-77cd-4bd9-81ba-b19cd6ce58ef,dossier individuel,
IA00061143,phase8_restant_officiel,structure_classee_a_enrichir,site_provisoire_a_verifier,,"usine de Matériel Electroacoustique dite usine de Matériel Electroacoustique A.C.E.M., puis A.R.E.A.C.E.M.",Tourouvre,61491,,Verrerie de BelleVue (La),usine de matériel électroacoustique,fabrication_materiel_electrique,mecanique_electrique,usine,,guerres_entre_deux_guerres | modernisation_apres_guerre,source_non_controlee,0.6606603071402218,48.60215286355802,aucun_rapprochement_requis_a_ce_stade,https://inventaire-patrimoine.normandie.fr/dossier/419b5693-77d0-430a-a575-eaa983f332ca,dossier individuel,
IA00061144,phase8_restant_officiel,structure_classee_a_enrichir,site_provisoire_a_verifier,,usine de petite métallurgie dite usine Eurofac,Rai,61342,,Corru,usine de petite métallurgie,fabrication_metaux,metallurgie_travail_metaux,usine,,industrialisation_rail_vapeur | guerres_entre_deux_guerres | modernisation_apres_guerre,source_non_controlee,0.5516896377982423,48.74459266841982,aucun_rapprochement_requis_a_ce_stade,https://inventaire-patrimoine.normandie.fr/dossier/988ca903-7120-4ac3-af95-b9efd3b0572c,dossier individuel,
IA00061145,phase8_restant_officiel,structure_classee_a_enrichir,site_provisoire_a_verifier,,usine de matériel d'équipement industriel dite usine de Rai Tillières,Rai,61342,,,usine de matériel d'équipement industriel,construction_mecanique,mecanique_electrique,usine,,industrialisation_rail_vapeur | guerres_entre_deux_guerres | modernisation_apres_guerre,source_non_controlee,0.5632485697756711,48.74793364607918,aucun_rapprochement_requis_a_ce_stade,https://inventaire-patrimoine.normandie.fr/dossier/d634cdd8-9193-480e-9c5b-fa0728b42439,dossier individuel,
IA00061148,phase8_restant_officiel,structure_classee_a_enrichir,site_provisoire_a_verifier,,usine de bougies,Saint-Hilaire-le-Châtel,61404,,Chêne (Le),usine de bougies,fabrication_bougies,chimie_caoutchouc_plastiques,usine,,industrialisation_rail_vapeur | guerres_entre_deux_guerres | modernisation_apres_guerre,source_non_controlee,0.5208232870339701,48.53385705940744,aucun_rapprochement_requis_a_ce_stade,https://inventaire-patrimoine.normandie.fr/dossier/2e8b7302-9ed3-4cf1-9454-b8c21a8ef41d,dossier individuel,
IA00061149,phase8_restant_officiel,structure_classee_a_enrichir,site_provisoire_a_verifier,,"imprimerie, actuellement ateliers dits ateliers Buguet",La Chapelle-Montligeon,61097,,Bourg (le),imprimerie,imprimerie,bois_papier_imprimerie,imprimerie,,industrialisation_rail_vapeur | guerres_entre_deux_guerres | modernisation_apres_guerre,source_non_controlee,0.6566292552219742,48.48212720818157,aucun_rapprochement_requis_a_ce_stade,https://inventaire-patrimoine.normandie.fr/dossier/faff3673-fa29-418e-ba33-6bb918525ef0,dossier individuel,
IA00061150,phase8_restant_officiel,structure_classee_a_enrichir,site_provisoire_a_verifier,,moulin à farine,Crulai,61140,,Bouvet,moulin à farine,mouture_cereales,agroalimentaire,moulin,,revolution_premiere_industrialisation | industrialisation_rail_vapeur,source_non_controlee,0.651459066762368,48.70775212669525,aucun_rapprochement_requis_a_ce_stade,https://inventaire-patrimoine.normandie.fr/dossier/30c4bf91-0bbf-4ae7-bc37-0b30ee05d616,dossier individuel,
IA00061151,phase8_restant_officiel,structure_classee_a_enrichir,site_provisoire_a_verifier,,"moulin à farine, puis ferme",Mauves-sur-Huisne,61255,,Moulin d'Echoppey (le),moulin à farine,mouture_cereales,agroalimentaire,moulin,,avant_1789 | revolution_premiere_industrialisation | industrialisation_rail_vapeur,source_non_controlee,0.5873602549141638,48.44877061175828,aucun_rapprochement_requis_a_ce_stade,https://inventaire-patrimoine.normandie.fr/dossier/0e922ced-3d12-4529-bced-f9255f58383a,dossier individuel,
IA00061152,phase8_restant_officiel,structure_classee_a_enrichir,site_provisoire_a_verifier,,moulin à farine,Perche en Nocé,,,Blanchard (Le) ; Nocé,moulin à farine,mouture_cereales,agroalimentaire,moulin,,industrialisation_rail_vapeur | revolution_premiere_industrialisation,source_non_controlee,0.6828338765743553,48.36876957078865,aucun_rapprochement_requis_a_ce_stade,https://inventaire-patrimoine.normandie.fr/dossier/ea09c374-7b6e-4e36-b5e3-c82c25b2a867,dossier individuel,
IA00061156,phase8_restant_officiel,structure_classee_a_enrichir,site_provisoire_a_verifier,,moulin à blé,Vitrai-sous-Laigle,61510,,Moulin de Rolin (Le),moulin à blé,mouture_cereales,agroalimentaire,moulin,,revolution_premiere_industrialisation,source_non_controlee,0.6800665871731687,48.721494366386935,aucun_rapprochement_requis_a_ce_stade,https://inventaire-patrimoine.normandie.fr/dossier/20378565-df8d-4dc8-a216-dbe4574ca9b3,dossier individuel,
IA00061157,phase8_restant_officiel,structure_classee_a_enrichir,site_provisoire_a_verifier,,tannerie dite tannerie de la Chippe,Mortagne-au-Perche,61293,,Chippe (La),tannerie,tannerie_cuir,textile_habillement_cuir,tannerie,,industrialisation_rail_vapeur,source_non_controlee,0.5494144114057101,48.5263769558834,aucun_rapprochement_requis_a_ce_stade,https://inventaire-patrimoine.normandie.fr/dossier/8643ea37-b366-45b1-89eb-6ccdecdc9cf0,dossier individuel,
IA00061158,phase8_restant_officiel,structure_classee_a_enrichir,site_provisoire_a_verifier,,"affinerie, tréfilerie, usine de produits chimiques",Randonnai,61343,Forge (rue de la),,affinerie | tréfilerie | usine de produits chimiques,affinage_metaux | trefilage_metaux | fabrication_produits_chimiques,chimie_caoutchouc_plastiques | metallurgie_travail_metaux,affinerie | usine,,avant_1789 | industrialisation_rail_vapeur,source_non_controlee,0.6769023988118971,48.653206679120935,aucun_rapprochement_requis_a_ce_stade,https://inventaire-patrimoine.normandie.fr/dossier/06407b40-043b-45d5-a00a-8d0ee9938662,dossier individuel,
IA00061159,phase8_restant_officiel,structure_classee_a_enrichir,site_provisoire_a_verifier,,usine à gaz,Saint-Langis-lès-Mortagne,61414,,Gare (La),usine à gaz,production_gaz,energie,usine_gaz,,industrialisation_rail_vapeur,source_non_controlee,0.548728535414287,48.51148561513233,candidat_a_verifier,https://inventaire-patrimoine.normandie.fr/dossier/ccb41139-674c-4e39-b6b2-3c048c619319,dossier individuel,
IA00061160,phase8_restant_officiel,structure_classee_a_enrichir,site_provisoire_a_verifier,,tréfilerie actuellement pisciculture,Tourouvre,61491,,Forge (La),tréfilerie,trefilage_metaux,metallurgie_travail_metaux,usine,,revolution_premiere_industrialisation | industrialisation_rail_vapeur,source_non_controlee,0.6809872176583203,48.574248287096765,aucun_rapprochement_requis_a_ce_stade,https://inventaire-patrimoine.normandie.fr/dossier/1f8d4f23-4169-4a91-b16c-ae2d24f6ccb2,dossier individuel,
IA00061162,phase8_restant_officiel,structure_classee_a_enrichir,site_provisoire_a_verifier,,"moulin à farine, minoterie",Le Châtellier,61102,,Moulin Rougé,moulin à farine | minoterie,mouture_cereales | mouture_cereales,agroalimentaire,minoterie | moulin,,industrialisation_rail_vapeur,source_non_controlee,-0.5970835813557988,48.66486678822503,aucun_rapprochement_requis_a_ce_stade,https://inventaire-patrimoine.normandie.fr/dossier/6114675f-173d-430a-9b97-1570bc0b9eaf,dossier individuel,
IA00061163,phase8_restant_officiel,structure_classee_a_enrichir,site_provisoire_a_verifier,,tuilerie,La Coulonche,61124,,Val de Vée (Le),tuilerie,fabrication_tuiles,verre_ceramique_materiaux_construction,tuilerie,,avant_1789 | revolution_premiere_industrialisation,source_non_controlee,-0.4658581707510024,48.63734367295359,aucun_rapprochement_requis_a_ce_stade,https://inventaire-patrimoine.normandie.fr/dossier/c4644856-fe7e-4b15-bb98-ef5fe1b27555,dossier individuel,
IA00061164,phase8_restant_officiel,structure_classee_a_enrichir,site_provisoire_a_verifier,,"usine de chaux dite Société des Produits Chimiques d'Ecouché, puis Société des Chaux et Engrais d'Ecouché",Écouché,61153,,,usine de chaux,fabrication_chaux_ciment,verre_ceramique_materiaux_construction,usine,,revolution_premiere_industrialisation | industrialisation_rail_vapeur | guerres_entre_deux_guerres | modernisation_apres_guerre | mutations_reconversions,source_non_controlee,-0.12325271145498833,48.70807851513454,aucun_rapprochement_requis_a_ce_stade,https://inventaire-patrimoine.normandie.fr/dossier/2a4d542a-1357-46f7-ae07-c36b9c0199d1,dossier individuel,
IA00061165,phase8_restant_officiel,structure_classee_a_enrichir,site_provisoire_a_verifier,,usine de chaux,Écouché,61153,,Bellevue,usine de chaux,fabrication_chaux_ciment,verre_ceramique_materiaux_construction,usine,,industrialisation_rail_vapeur,source_non_controlee,-0.11915148508091114,48.707726790273796,aucun_rapprochement_requis_a_ce_stade,https://inventaire-patrimoine.normandie.fr/dossier/15e416ab-2849-4912-a7cd-68f31987dcef,dossier individuel,
IA00061167,phase8_restant_officiel,structure_classee_a_enrichir,site_provisoire_a_verifier,,moulin à farine,Médavy,61256,,Moulin (Le),moulin à farine,mouture_cereales,agroalimentaire,moulin,,revolution_premiere_industrialisation,source_non_controlee,0.09523022679873941,48.68022620942518,aucun_rapprochement_requis_a_ce_stade,https://inventaire-patrimoine.normandie.fr/dossier/92bb7459-a62c-4108-934c-15456fbc3a02,dossier individuel,
IA00061169,phase8_restant_officiel,structure_classee_a_enrichir,site_provisoire_a_verifier,,scierie Marcel et Cie,Orgères,61317,,,scierie,sciage_bois,bois_papier_imprimerie,scierie,,guerres_entre_deux_guerres | modernisation_apres_guerre,source_non_controlee,0.3427968808833038,48.76388237791098,aucun_rapprochement_requis_a_ce_stade,https://inventaire-patrimoine.normandie.fr/dossier/68cb8763-2218-4131-846a-292bbcdf73f3,dossier individuel,
IA00061170,phase8_restant_officiel,structure_classee_a_enrichir,site_provisoire_a_verifier,,moulin à farine,Orville,61320,,Moulin du Fourneau,moulin à farine,mouture_cereales,agroalimentaire,moulin,,avant_1789 | revolution_premiere_industrialisation | industrialisation_rail_vapeur,source_non_controlee,0.2759052148368808,48.886423663695346,aucun_rapprochement_requis_a_ce_stade,https://inventaire-patrimoine.normandie.fr/dossier/a38b6d1d-ff7b-493d-ba19-80480d3eec81,dossier individuel,
IA00061171,phase8_restant_officiel,structure_classee_a_enrichir,site_provisoire_a_verifier,,"haut fourneau, fonderie",Pontchardon,61333,,Saint-Georges,haut fourneau | fonderie,production_fonte | fonderie,metallurgie_travail_metaux,fonderie | haut_fourneau,,revolution_premiere_industrialisation | industrialisation_rail_vapeur | guerres_entre_deux_guerres | modernisation_apres_guerre,source_non_controlee,0.26852029300354513,48.92990548448509,aucun_rapprochement_requis_a_ce_stade,https://inventaire-patrimoine.normandie.fr/dossier/1747b4e8-27f6-4bc5-82dd-5ec1157afffb,dossier individuel,
IA00061172,phase8_restant_officiel,structure_classee_a_enrichir,site_provisoire_a_verifier,,"usine de fabrication des métaux, moulin",Putanges-Pont-Écrepin,61339,Forge (rue de la),,usine de fabrication des métaux | moulin,fabrication_metaux | activite_industrielle_indeterminee,inconnu | metallurgie_travail_metaux,moulin | usine,,avant_1789 | revolution_premiere_industrialisation | industrialisation_rail_vapeur | guerres_entre_deux_guerres,source_non_controlee,-0.24976907272976795,48.76488356730599,aucun_rapprochement_requis_a_ce_stade,https://inventaire-patrimoine.normandie.fr/dossier/350abca5-e658-4a75-a79c-4153a3f4cbe5,dossier individuel,
IA00061173,phase8_restant_officiel,structure_classee_a_enrichir,site_provisoire_a_verifier,,usine d'extraction,Nécy,61303,,,usine d'extraction,extraction_miniere,extraction,usine_extraction,,industrialisation_rail_vapeur | guerres_entre_deux_guerres,source_non_controlee,-0.10624557532075281,48.83260855629175,aucun_rapprochement_requis_a_ce_stade,https://inventaire-patrimoine.normandie.fr/dossier/b139a65a-22c9-4a7d-8ec1-90be68a38647,dossier individuel,
IA00061175,phase8_restant_officiel,structure_classee_a_enrichir,site_provisoire_a_verifier,,tannerie,Le Merlerault,61275,Sées (rue de) 39,,tannerie,tannerie_cuir,textile_habillement_cuir,tannerie,,industrialisation_rail_vapeur,source_non_controlee,0.281934957251901,48.69855262423954,aucun_rapprochement_requis_a_ce_stade,https://inventaire-patrimoine.normandie.fr/dossier/9d8fc8db-1efa-43da-b0c8-3111b1b85952,dossier individuel,
IA00061176,phase8_restant_officiel,structure_classee_a_enrichir,site_provisoire_a_verifier,,"fromagerie industrielle, haras",Courménil,61131,,Houlettes (Les),fromagerie industrielle | haras,transformation_lait,agroalimentaire,fromagerie,,industrialisation_rail_vapeur,source_non_controlee,0.21398281086406618,48.756428175174506,aucun_rapprochement_requis_a_ce_stade,https://inventaire-patrimoine.normandie.fr/dossier/5c0c719e-4f21-4b12-86a4-be055639fbd5,dossier individuel,haras
IA00061177,phase8_restant_officiel,structure_classee_a_enrichir,site_provisoire_a_verifier,,fromagerie industrielle,Chambois,61083,,,fromagerie industrielle,transformation_lait,agroalimentaire,fromagerie,,industrialisation_rail_vapeur | guerres_entre_deux_guerres | modernisation_apres_guerre,source_non_controlee,0.11305065594915051,48.804707915160044,aucun_rapprochement_requis_a_ce_stade,https://inventaire-patrimoine.normandie.fr/dossier/ba59eddf-ff3a-4f01-8043-7471ffd85054,dossier individuel,
IA00061178,phase8_restant_officiel,structure_classee_a_enrichir,site_provisoire_a_verifier,,moulin à farine,Le Château-d'Almenêches,61101,,Planches (Les),moulin à farine,mouture_cereales,agroalimentaire,moulin,,revolution_premiere_industrialisation | industrialisation_rail_vapeur | guerres_entre_deux_guerres | modernisation_apres_guerre,source_non_controlee,0.11702814383253562,48.686452810876666,aucun_rapprochement_requis_a_ce_stade,https://inventaire-patrimoine.normandie.fr/dossier/73e981b5-cb79-4e06-9308-304f5e06a260,dossier individuel,
IA00061180,phase8_restant_officiel,structure_classee_a_enrichir,site_provisoire_a_verifier,,usine de confection,Flers,61169,Charles Mousset (rue) 47,,usine de confection,confection_habillement,textile_habillement_cuir,usine,,industrialisation_rail_vapeur | guerres_entre_deux_guerres,source_non_controlee,-0.5639705239293249,48.752566152777405,aucun_rapprochement_requis_a_ce_stade,https://inventaire-patrimoine.normandie.fr/dossier/61fb0335-994b-405b-b856-3656ce4464c5,dossier individuel,
IA00061181,phase8_restant_officiel,structure_classee_a_enrichir,site_provisoire_a_verifier,,usine d'articles en caoutchouc,Flers,61169,"Abbé Jean-Baptiste Lecornu (rue) 86, 88",,usine d'articles en caoutchouc,fabrication_caoutchouc,chimie_caoutchouc_plastiques,usine,,industrialisation_rail_vapeur | guerres_entre_deux_guerres | modernisation_apres_guerre,source_non_controlee,-0.5616725346171918,48.749618687669646,aucun_rapprochement_requis_a_ce_stade,https://inventaire-patrimoine.normandie.fr/dossier/b29aae84-af18-4631-9cf4-93b723417003,dossier individuel,
IA00061182,phase8_restant_officiel,structure_classee_a_enrichir,site_provisoire_a_verifier,,usine de serrurerie,Flers,61169,Henri Veniard (rue) 34,,usine de serrurerie,fabrication_quincaillerie,metallurgie_travail_metaux,usine,,industrialisation_rail_vapeur,source_non_controlee,-0.5661887220704553,48.75175261720295,aucun_rapprochement_requis_a_ce_stade,https://inventaire-patrimoine.normandie.fr/dossier/4259792c-93a9-4c04-84d8-f247dde73c2f,dossier individuel,
IA00061183,phase8_restant_officiel,structure_classee_a_enrichir,site_provisoire_a_verifier,,fonderie Fauvel,Flers,61169,Fonderie (rue de la),,fonderie,fonderie,metallurgie_travail_metaux,fonderie,,industrialisation_rail_vapeur | guerres_entre_deux_guerres,source_non_controlee,-0.5751332429534999,48.74220256735827,aucun_rapprochement_requis_a_ce_stade,https://inventaire-patrimoine.normandie.fr/dossier/a309be3b-bd36-4e58-9477-3d40c013effb,dossier individuel,
IA00061184,phase8_restant_officiel,structure_classee_a_enrichir,site_provisoire_a_verifier,,fonderie des Rochettes,Flers,61169,Champ de Foire (rue du) 69,,fonderie,fonderie,metallurgie_travail_metaux,fonderie,,industrialisation_rail_vapeur | guerres_entre_deux_guerres | modernisation_apres_guerre,source_non_controlee,-0.5563519671470784,48.748660981066486,aucun_rapprochement_requis_a_ce_stade,https://inventaire-patrimoine.normandie.fr/dossier/a6ab735f-2409-4c1b-87d6-6e2e2125973e,dossier individuel,
IA00061186,phase8_restant_officiel,structure_classee_a_enrichir,site_provisoire_a_verifier,,usine de transformation des métaux,Messei,61278,,Gare (La),usine de transformation des métaux,fabrication_metaux,metallurgie_travail_metaux,usine,,guerres_entre_deux_guerres | modernisation_apres_guerre,source_non_controlee,-0.519463814611038,48.72211513300463,aucun_rapprochement_requis_a_ce_stade,https://inventaire-patrimoine.normandie.fr/dossier/6ed31cec-86d1-4f1f-907a-11a00a5fb38c,dossier individuel,
IA00061187,phase8_restant_officiel,structure_classee_a_enrichir,site_provisoire_a_verifier,,"affinerie, moulin à farine",Larchamp,61223,,Moulin de Larchamp (Le),affinerie | moulin à farine,affinage_metaux | mouture_cereales,agroalimentaire | metallurgie_travail_metaux,affinerie | moulin,,revolution_premiere_industrialisation | industrialisation_rail_vapeur,source_non_controlee,-0.6623938406641005,48.68380275457573,candidat_a_verifier,https://inventaire-patrimoine.normandie.fr/dossier/699c57f0-e01e-41d9-b930-84b8d7fa8b8f,dossier individuel,
IA00061188,phase8_restant_officiel,structure_classee_a_enrichir,site_provisoire_a_verifier,,fenderie de fer,Larchamp,61223,,Moulin de Larchamp (Le),fenderie,fabrication_metaux,metallurgie_travail_metaux,usine,,avant_1789,source_non_controlee,-0.6613654462688578,48.683681284313316,candidat_a_verifier,https://inventaire-patrimoine.normandie.fr/dossier/09e650e5-9c9f-4eb4-b94b-33919a83410b,dossier individuel,
IA00061189,phase8_restant_officiel,structure_classee_a_enrichir,site_provisoire_a_verifier,,moulin à farine,Flers,61169,,,moulin à farine,mouture_cereales,agroalimentaire,moulin,,revolution_premiere_industrialisation | industrialisation_rail_vapeur,source_non_controlee,-0.5757580874255858,48.75132220299188,aucun_rapprochement_requis_a_ce_stade,https://inventaire-patrimoine.normandie.fr/dossier/39a27714-3083-43ee-92c0-69995cdaa3a8,dossier individuel,
IA00061190,phase8_restant_officiel,structure_classee_a_enrichir,site_provisoire_a_verifier,,filature,Saint-Pierre-du-Regard,61447,,Baronnet (Le),filature,filature_textile,textile_habillement_cuir,filature,,revolution_premiere_industrialisation | industrialisation_rail_vapeur,source_non_controlee,-0.5307188672123279,48.82294780669033,aucun_rapprochement_requis_a_ce_stade,https://inventaire-patrimoine.normandie.fr/dossier/70887682-2e05-4379-8508-48715db32ccd,dossier individuel,
IA00061192,phase8_restant_officiel,structure_classee_a_enrichir,site_provisoire_a_verifier,,moulin à farine,Saint-Loyer-des-Champs,61417,,Moulin de Tercey (Le),moulin à farine,mouture_cereales,agroalimentaire,moulin,,revolution_premiere_industrialisation,source_non_controlee,0.05472340969895038,48.70703544416258,aucun_rapprochement_requis_a_ce_stade,https://inventaire-patrimoine.normandie.fr/dossier/b29f7a1a-e314-4639-a3ed-1b832661a43c,dossier individuel,
IA00061193,phase8_restant_officiel,structure_classee_a_enrichir,site_provisoire_a_verifier,,briqueterie,Saint-Nicolas-des-Laitiers,61434,,Champs Merisiers (Les),briqueterie,fabrication_briques,verre_ceramique_materiaux_construction,briqueterie,,industrialisation_rail_vapeur,source_non_controlee,0.42937730762079207,48.833913913776385,aucun_rapprochement_requis_a_ce_stade,https://inventaire-patrimoine.normandie.fr/dossier/beba1c2b-c9f0-4446-96b0-bc38776f6c30,dossier individuel,
IA00061194,phase8_restant_officiel,structure_classee_a_enrichir,site_provisoire_a_verifier,,tuilerie Sans Pareil,Sévigny,61472,,Maison Neuve (La),tuilerie,fabrication_tuiles,verre_ceramique_materiaux_construction,tuilerie,,revolution_premiere_industrialisation | industrialisation_rail_vapeur,source_non_controlee,-0.028431054376186093,48.76813809307239,aucun_rapprochement_requis_a_ce_stade,https://inventaire-patrimoine.normandie.fr/dossier/9951dd86-5305-45e0-bdb4-2327005bd36e,dossier individuel,
IA00061195,phase8_restant_officiel,structure_classee_a_enrichir,site_provisoire_a_verifier,,moulin à farine,Sevrai,61473,,Udon,moulin à farine,mouture_cereales,agroalimentaire,moulin,,industrialisation_rail_vapeur | modernisation_apres_guerre,source_non_controlee,-0.1307594476499577,48.713282526607664,aucun_rapprochement_requis_a_ce_stade,https://inventaire-patrimoine.normandie.fr/dossier/7ebcc0dc-dce8-474f-81ad-36bb44b1c41d,dossier individuel,
IA00061196,phase8_restant_officiel,structure_classee_a_enrichir,site_provisoire_a_verifier,,moulin à farine,Ticheville,61485,,Moulin de Ticheville (Le),moulin à farine,mouture_cereales,agroalimentaire,moulin,,industrialisation_rail_vapeur,source_non_controlee,0.2670479287478642,48.90672880868005,aucun_rapprochement_requis_a_ce_stade,https://inventaire-patrimoine.normandie.fr/dossier/163d7741-afdb-4087-9199-5d0f98975646,dossier individuel,
IA00061198,phase8_restant_officiel,structure_classee_a_enrichir,site_provisoire_a_verifier,,usine de confection,Saint-Georges-des-Groseillers,61391,"Pré Neuf (rue du) 6, 8",,usine de confection,confection_habillement,textile_habillement_cuir,usine,,guerres_entre_deux_guerres | modernisation_apres_guerre,source_non_controlee,-0.5698446662486473,48.75464138043166,aucun_rapprochement_requis_a_ce_stade,https://inventaire-patrimoine.normandie.fr/dossier/5e90b6f8-af9a-4a95-bff4-17259c8e51e7,dossier individuel,
IA00061199,phase8_restant_officiel,structure_classee_a_enrichir,site_provisoire_a_verifier,,fromagerie industrielle,Saint-Georges-des-Groseillers,61391,,Fosse (La),fromagerie industrielle,transformation_lait,agroalimentaire,fromagerie,,guerres_entre_deux_guerres | modernisation_apres_guerre,source_non_controlee,-0.5769559637944016,48.7825002575587,aucun_rapprochement_requis_a_ce_stade,https://inventaire-patrimoine.normandie.fr/dossier/d2e40e28-1bce-4663-b0b1-a1d187703ccc,dossier individuel,
IA00061200,phase8_restant_officiel,structure_classee_a_enrichir,composant_industriel_non_productif_a_relier,,cité ouvrière,La Ferrière-aux-Étangs,61163,,Cité de la Haie,cité ouvrière,,,,,industrialisation_rail_vapeur | guerres_entre_deux_guerres,source_non_controlee,-0.5354129937396441,48.64757993448672,relation_site_a_etablir,https://inventaire-patrimoine.normandie.fr/dossier/66d20efd-da21-4629-a916-af31169501dc,dossier individuel,cité ouvrière
IA00061201,phase8_restant_officiel,structure_classee_a_enrichir,composant_industriel_non_productif_a_relier,,cité ouvrière,La Ferrière-aux-Étangs,61163,,Gué Plat (Le),cité ouvrière,,,,,industrialisation_rail_vapeur | guerres_entre_deux_guerres | modernisation_apres_guerre,source_non_controlee,-0.5219185854280619,48.646548187005614,relation_site_a_etablir,https://inventaire-patrimoine.normandie.fr/dossier/88db30e7-e1d6-455f-bdb1-1e8df396a1e4,dossier individuel,cité ouvrière
IA00061202,phase8_restant_officiel,structure_classee_a_enrichir,site_provisoire_a_verifier,,usine d'extraction,La Ferrière-aux-Étangs,61163,,Puits Prâlon (Le),usine d'extraction,extraction_miniere,extraction,usine_extraction,,industrialisation_rail_vapeur | guerres_entre_deux_guerres | modernisation_apres_guerre,source_non_controlee,-0.5071901069858562,48.64918878174989,aucun_rapprochement_requis_a_ce_stade,https://inventaire-patrimoine.normandie.fr/dossier/66d0a00e-32b7-4c86-8bf8-53ff925f1760,dossier individuel,
IA00062725,phase8_restant_officiel,structure_classee_a_enrichir,site_provisoire_a_verifier,,usine liée au travail du bois,Le Château-d'Almenêches,61101,,Surdon gare,usine liée au travail du bois,travail_bois,bois_papier_imprimerie,usine,,industrialisation_rail_vapeur | guerres_entre_deux_guerres | modernisation_apres_guerre,source_non_controlee,0.1347230595109714,48.66594417588373,aucun_rapprochement_requis_a_ce_stade,https://inventaire-patrimoine.normandie.fr/dossier/49e5b7dc-d567-484c-ae8e-30a071d64f6f,dossier individuel,
IA61001399,phase8_restant_officiel,structure_classee_a_enrichir,dossier_collectif_a_decomposer,,les fromageries industrielles disparues de l'Orne,,,,,fromagerie industrielle,transformation_lait,agroalimentaire,fromagerie,,,source_non_controlee,-0.8889590432262713,48.94393967820934,separation_a_verifier,https://inventaire-patrimoine.normandie.fr/dossier/2cbba5e5-db84-440b-b412-b7be1a7308fe,dossier collectif,
