dossier_reference,origine,statut_traitement,statut_site,site_id,titre_source,communes_source,insee_source,adresses_source,lieux_dits_source,denominations_source,activites_codes,secteurs_codes,installations_codes,periodes_activite_codes,periodes_source_codes,localisation_statut_code,longitude_source,latitude_source,decision_rapprochement,dossier_url
IA00060896,pilote_30,canonise_phase8,site_canonique_phase8,2ab6b065-4bf3-4956-a9c2-656c2f9cfbfa,"filature, usine de chaussures",Cahan,61069,,Fourneaux,filature | usine de chaussures,filature_textile | fabrication_chaussures,textile_habillement_cuir,filature | usine,revolution_premiere_industrialisation | industrialisation_rail_vapeur | guerres_entre_deux_guerres,revolution_premiere_industrialisation | industrialisation_rail_vapeur | modernisation_apres_guerre,geometrie_approximative,-0.42778489906881867,48.86456213067169,aucun_rapprochement_requis_a_ce_stade,https://inventaire-patrimoine.normandie.fr/dossier/2e06c2e8-40c1-4f29-8de0-d56110552b0b
IA00060901,pilote_30,canonise_phase8,site_canonique_phase8,3495d47b-0c8f-45b9-866b-dcc3357542e7,affinerie de fer,Rânes,61344,,Forge (La),affinerie,affinage_metaux,metallurgie_travail_metaux,affinerie,avant_1789 | revolution_premiere_industrialisation,avant_1789 | revolution_premiere_industrialisation,geometrie_approximative,-0.192303752081454,48.62883233414116,aucun_rapprochement_requis_a_ce_stade,https://inventaire-patrimoine.normandie.fr/dossier/ffc46dae-bb00-47c6-bc9b-e0e9a3106f5a
IA00060902,pilote_30,canonise_phase8,site_canonique_phase8,57368564-3e33-4b35-9d3c-555a5cb0bbc1,"filature, fromagerie industrielle",Berjou,61044,,Fromagerie (La),filature | fromagerie industrielle,filature_textile | transformation_lait,agroalimentaire | textile_habillement_cuir,filature | fromagerie,revolution_premiere_industrialisation | industrialisation_rail_vapeur | guerres_entre_deux_guerres,revolution_premiere_industrialisation | industrialisation_rail_vapeur | modernisation_apres_guerre,geometrie_approximative,-0.4692362808837436,48.86744482145761,aucun_rapprochement_requis_a_ce_stade,https://inventaire-patrimoine.normandie.fr/dossier/0b920d52-7d2d-4bee-9310-ee086b212b57
IA00060909,pilote_30,canonise_phase8,site_canonique_phase8,3ae9aff0-231d-4365-a718-039b17021fc0,"distillerie, cidrerie, laiterie industrielle",Gacé,61181,Touque (rue de la),Planier (Le),distillerie | cidrerie | laiterie industrielle,distillation_alimentaire | production_cidre | transformation_lait,agroalimentaire,cidrerie | distillerie | laiterie,industrialisation_rail_vapeur | guerres_entre_deux_guerres,industrialisation_rail_vapeur | guerres_entre_deux_guerres | modernisation_apres_guerre,geometrie_approximative,0.29295608862635,48.7954745243465,aucun_rapprochement_requis_a_ce_stade,https://inventaire-patrimoine.normandie.fr/dossier/e0e8ddd7-0a8d-420a-b2a0-c7b36a58eb43
IA00060915,pilote_30,canonise_phase8,site_canonique_phase8,2c664ed5-7ee5-4315-aa61-e9b9032b56c0,filature de coton dite filature de la Planchette,Saint-Georges-des-Groseillers,61391,,Planchette (La),filature,filature_textile,textile_habillement_cuir,filature,industrialisation_rail_vapeur | guerres_entre_deux_guerres,industrialisation_rail_vapeur | guerres_entre_deux_guerres,geometrie_approximative,-0.5743152336616424,48.76742714744118,aucun_rapprochement_requis_a_ce_stade,https://inventaire-patrimoine.normandie.fr/dossier/1bdffde4-d1d1-4484-82e5-ec184ae83404
IA00060938,pilote_30,canonise_phase8,site_canonique_phase8,2b6d576e-11fb-4af4-85ba-dc1b950a731d,centrale hydroélectrique,Rabodanges,61340,,Plessis (Le),centrale hydroélectrique,production_hydroelectricite,energie,centrale_hydroelectrique,modernisation_apres_guerre,modernisation_apres_guerre,geometrie_approximative,-0.2965698588180073,48.78773387593912,aucun_rapprochement_requis_a_ce_stade,https://inventaire-patrimoine.normandie.fr/dossier/607486b0-aec7-439d-8c60-2373ec8c3772
IA00060959,pilote_30,canonise_phase8,site_canonique_phase8,3c95b12b-1cb8-4439-a0d9-60152e8a327f,usine de fabrication des métaux,Saint-Denis-sur-Sarthon,61382,,Forge (La),usine de fabrication des métaux,fabrication_metaux,metallurgie_travail_metaux,usine,avant_1789 | industrialisation_rail_vapeur,avant_1789 | industrialisation_rail_vapeur,geometrie_approximative,-0.05470964099131984,48.46276650506727,aucun_rapprochement_requis_a_ce_stade,https://inventaire-patrimoine.normandie.fr/dossier/b9ab38fb-7d71-443c-890a-c0fdb7018dd9
IA00060965,pilote_30,canonise_phase8,site_canonique_phase8,d7b0b9b0-6817-4057-8535-3ce9b61ed857,"affinerie, moulin à blé",Champsecret,61091,,Forge (La),affinerie | moulin à blé,affinage_metaux | mouture_cereales,agroalimentaire | metallurgie_travail_metaux,affinerie | moulin,avant_1789 | revolution_premiere_industrialisation | industrialisation_rail_vapeur,avant_1789 | revolution_premiere_industrialisation | industrialisation_rail_vapeur,geometrie_approximative,-0.5486016317751446,48.5986464736866,aucun_rapprochement_requis_a_ce_stade,https://inventaire-patrimoine.normandie.fr/dossier/22eb353c-b259-4251-945e-69fd4ae03831
IA00060969,pilote_30,canonise_phase8,site_canonique_phase8,4b0fcc92-f32b-4040-ae5d-32a4945b176a,"moulin à farine dit moulin d'Ozé, puis filature d'Ozé, puis usine de matériel électroménager Moulinex",Alençon,61001,Mamers (rue de) 25,,moulin à farine | filature | usine de matériel électroménager,mouture_cereales | filature_textile | fabrication_materiel_electrique,agroalimentaire | mecanique_electrique | textile_habillement_cuir,filature | moulin | usine,revolution_premiere_industrialisation | industrialisation_rail_vapeur | guerres_entre_deux_guerres,revolution_premiere_industrialisation | industrialisation_rail_vapeur | guerres_entre_deux_guerres | modernisation_apres_guerre,geometrie_approximative,0.10079551488612261,48.41863958530717,aucun_rapprochement_requis_a_ce_stade,https://inventaire-patrimoine.normandie.fr/dossier/9ae3477c-3f66-4615-986f-37f6b872f25f
IA00060997,pilote_30,canonise_phase8,site_canonique_phase8,0f433fbc-09eb-42de-ba2f-75eec5c7a050,faïencerie,Saint-Denis-sur-Sarthon,61382,,,faïencerie,fabrication_ceramique,verre_ceramique_materiaux_construction,faiencerie,avant_1789,avant_1789,geometrie_approximative,-0.04466949682273202,48.4574697462757,aucun_rapprochement_requis_a_ce_stade,https://inventaire-patrimoine.normandie.fr/dossier/a3c6988d-4dec-4f14-a75a-214154b55d2a
IA00061002,pilote_30,canonise_phase8,site_canonique_phase8,f7b9e26f-4dd7-428f-a7e8-659c432904af,imprimerie Alençonnaise,Alençon,61001,Poulet Malassis (place) 19,,imprimerie,imprimerie,bois_papier_imprimerie,imprimerie,industrialisation_rail_vapeur | guerres_entre_deux_guerres | modernisation_apres_guerre,industrialisation_rail_vapeur | guerres_entre_deux_guerres | modernisation_apres_guerre,geometrie_approximative,0.08865273502274014,48.432512077974245,aucun_rapprochement_requis_a_ce_stade,https://inventaire-patrimoine.normandie.fr/dossier/412bdd9c-fba0-4186-a292-cdce3d04da94
IA00061003,pilote_30,canonise_phase8,site_canonique_phase8,04264fa9-c2d1-4d5e-b709-bdb1d3836a9b,four à chaux,Les Rotours,61354,,,four à chaux,fabrication_chaux_ciment,verre_ceramique_materiaux_construction,four_chaux,avant_1789 | revolution_premiere_industrialisation,avant_1789 | revolution_premiere_industrialisation,geometrie_approximative,-0.2611416389081272,48.77974105802658,aucun_rapprochement_requis_a_ce_stade,https://inventaire-patrimoine.normandie.fr/dossier/3b93acab-5a9a-4e6c-ae7d-96d51e5a6e92
IA00061008,pilote_30,canonise_phase8,site_canonique_phase8,2bcf41f5-1242-46d9-9809-8fff7fbdae14,usine d'extraction dite Mine de Halouze,Saint-Clair-de-Halouze,61376,,Puits 2 (Le),usine d'extraction,extraction_miniere,extraction,usine_extraction,industrialisation_rail_vapeur | guerres_entre_deux_guerres | modernisation_apres_guerre,industrialisation_rail_vapeur | guerres_entre_deux_guerres | modernisation_apres_guerre,geometrie_approximative,-0.6186115235885614,48.690929837651005,aucun_rapprochement_requis_a_ce_stade,https://inventaire-patrimoine.normandie.fr/dossier/dd0c25a9-e2ed-4615-b008-b03551f35864
IA00061029,pilote_30,canonise_phase8,site_canonique_phase8,43d7512d-7196-4864-bc90-64b3b3474bce,affinerie,Aube,61008,,Forge (La),affinerie,affinage_metaux | forgeage,metallurgie_travail_metaux,affinerie | forge,avant_1789 | revolution_premiere_industrialisation | industrialisation_rail_vapeur | guerres_entre_deux_guerres,avant_1789 | revolution_premiere_industrialisation | industrialisation_rail_vapeur,geometrie_approximative,0.5526895033235633,48.74212960732837,aucun_rapprochement_requis_a_ce_stade,https://inventaire-patrimoine.normandie.fr/dossier/9354356d-808f-412a-95b3-2dc2b2c99cdc
IA00061035,pilote_30,canonise_phase8,site_canonique_phase8,980da487-203e-40ae-9c1d-cea503be1860,filature des Roches,Saint-Pierre-du-Regard,61447,,,filature,filature_textile,textile_habillement_cuir,filature,revolution_premiere_industrialisation | industrialisation_rail_vapeur,revolution_premiere_industrialisation | industrialisation_rail_vapeur,geometrie_approximative,-0.5113380588965798,48.847518905647895,aucun_rapprochement_requis_a_ce_stade,https://inventaire-patrimoine.normandie.fr/dossier/e12635a5-8541-4da5-b4ba-5972bd0fa103
IA00061052,pilote_30,canonise_phase8,site_canonique_phase8,314bf742-7125-4c6c-a4bd-26d6a047a9b1,"tannerie, usine de construction mécanique",L'Aigle,61214,Tanneurs (rue des) 12,,tannerie | usine de construction mécanique,tannerie_cuir | construction_mecanique,mecanique_electrique | textile_habillement_cuir,tannerie | usine,revolution_premiere_industrialisation | industrialisation_rail_vapeur | modernisation_apres_guerre,modernisation_apres_guerre,geometrie_approximative,0.6256774049932438,48.765865137537546,aucun_rapprochement_requis_a_ce_stade,https://inventaire-patrimoine.normandie.fr/dossier/e23c856b-49bd-4bee-936b-d71617af3d3c
IA00061054,pilote_30,canonise_phase8,site_canonique_phase8,3d44d08b-e70d-4622-9387-a7538d86be3f,usine d'habillement,L'Aigle,61214,Louis Pasteur (rue) 7,,usine d'habillement,confection_habillement,textile_habillement_cuir,usine,industrialisation_rail_vapeur | guerres_entre_deux_guerres,industrialisation_rail_vapeur | guerres_entre_deux_guerres,geometrie_approximative,0.6241236493911818,48.76262194075353,aucun_rapprochement_requis_a_ce_stade,https://inventaire-patrimoine.normandie.fr/dossier/3df6a5b3-e6ee-419e-b5ec-fb4f19b6384e
IA00061073,pilote_30,canonise_phase8,site_canonique_phase8,f0bdb9e3-c3bf-41cd-8704-d630daf00661,"scierie Prout, puis Scierie Prout Frères, actuellement Maisons France Confort",Alençon,61001,Ancinnes (route d') 4 à 22,Perseigne (quartier de),scierie,sciage_bois,bois_papier_imprimerie,scierie,industrialisation_rail_vapeur | guerres_entre_deux_guerres | modernisation_apres_guerre,industrialisation_rail_vapeur | guerres_entre_deux_guerres | modernisation_apres_guerre,geometrie_approximative,0.09680089770291367,48.41774961815736,aucun_rapprochement_requis_a_ce_stade,https://inventaire-patrimoine.normandie.fr/dossier/6cd7e92e-7abd-4818-b230-277b63bf11c6
IA00061091,pilote_30,canonise_phase8,site_canonique_phase8,8a492a03-5bac-4aa5-b48e-ed37239720e6,moulin à farine,Goulet,61194,,Moulin de Goulet,moulin à farine,mouture_cereales,agroalimentaire,moulin,revolution_premiere_industrialisation,revolution_premiere_industrialisation,geometrie_approximative,-0.06584261377186915,48.73816463006711,aucun_rapprochement_requis_a_ce_stade,https://inventaire-patrimoine.normandie.fr/dossier/d04cb8f5-635e-4bf1-abc2-f4441b675c23
IA00061095,pilote_30,canonise_phase8,site_canonique_phase8,82718138-99cb-45fb-a081-95b61c5dce48,briqueterie,L'Hôme-Chamondot,61206,,Chauffetières (Les),briqueterie,fabrication_briques,verre_ceramique_materiaux_construction,briqueterie,mutations_reconversions,mutations_reconversions,geometrie_approximative,0.7152285849659745,48.614992408344285,aucun_rapprochement_requis_a_ce_stade,https://inventaire-patrimoine.normandie.fr/dossier/061971a0-e7ce-4ace-be21-d4b6f8aa2705
IA00061113,pilote_30,canonise_phase8,site_canonique_phase8,be1c19ae-3062-4f64-b8db-602ab713f052,"laminoir, usine de quincaillerie dite usine de la Batterie",Saint-Sulpice-sur-Risle,61456,,Moulin à Tan (Le),laminoir | usine de quincaillerie,laminage_metaux | fabrication_quincaillerie,metallurgie_travail_metaux,laminoir | usine,revolution_premiere_industrialisation | industrialisation_rail_vapeur | guerres_entre_deux_guerres | modernisation_apres_guerre,revolution_premiere_industrialisation | industrialisation_rail_vapeur,geometrie_approximative,0.648168264558847,48.77481321857863,aucun_rapprochement_requis_a_ce_stade,https://inventaire-patrimoine.normandie.fr/dossier/85be1da1-cd39-444b-bab2-2219605d469c
IA00061117,pilote_30,canonise_phase8,site_canonique_phase8,af60a402-a20e-4cca-b3c9-a81921d4e2e8,briqueterie Saint-Martin,Argentan,61006,,Sainte-Anne,briqueterie,fabrication_briques,verre_ceramique_materiaux_construction,briqueterie,industrialisation_rail_vapeur | guerres_entre_deux_guerres,industrialisation_rail_vapeur | guerres_entre_deux_guerres,geometrie_approximative,-0.037485884350861635,48.75668430101197,aucun_rapprochement_requis_a_ce_stade,https://inventaire-patrimoine.normandie.fr/dossier/90ded92e-ceb4-42bd-8d71-67e5ae24dd36
IA00061119,pilote_30,canonise_phase8,site_canonique_phase8,687037bf-bf42-4ee7-a5f4-e79d60a38cc1,filature de la Martinique,Athis-de-l'Orne,61007,,Petite Suisse (La),filature,filature_textile,textile_habillement_cuir,filature,revolution_premiere_industrialisation | industrialisation_rail_vapeur | guerres_entre_deux_guerres | modernisation_apres_guerre,revolution_premiere_industrialisation | industrialisation_rail_vapeur | guerres_entre_deux_guerres | modernisation_apres_guerre,geometrie_approximative,-0.5264803216151851,48.8263948592895,aucun_rapprochement_requis_a_ce_stade,https://inventaire-patrimoine.normandie.fr/dossier/b0d5ba20-5410-4029-a240-8f1d3c45de1a
IA00061133,pilote_30,canonise_phase8,site_canonique_phase8,ca91c449-cb94-4c38-a230-023dbec512cd,"laiterie industrielle, fromagerie industrielle dite laiterie fromagerie Lavalou",Le Bourg-Saint-Léonard,61057,,,laiterie industrielle | fromagerie industrielle,transformation_lait | transformation_lait,agroalimentaire,fromagerie | laiterie,industrialisation_rail_vapeur | guerres_entre_deux_guerres | modernisation_apres_guerre | mutations_reconversions,industrialisation_rail_vapeur | guerres_entre_deux_guerres,geometrie_approximative,0.10359277019030935,48.76502373879208,aucun_rapprochement_requis_a_ce_stade,https://inventaire-patrimoine.normandie.fr/dossier/a49b849a-2c3f-43da-ba37-1654a0828017
IA00061135,pilote_30,canonise_phase8,site_canonique_phase8,2f3e86c1-08b4-4131-9a06-8f30764843cb,fonderies du Perche,Irai,61208,,Cernetterie (La),fonderie,fonderie,metallurgie_travail_metaux,fonderie,industrialisation_rail_vapeur | guerres_entre_deux_guerres,industrialisation_rail_vapeur | guerres_entre_deux_guerres,geometrie_approximative,0.6740319616145599,48.65300669671029,aucun_rapprochement_requis_a_ce_stade,https://inventaire-patrimoine.normandie.fr/dossier/a5bef7bf-b391-44f0-b9fe-2a4e452370d4
IA00061147,pilote_30,canonise_phase8,site_canonique_phase8,c528f629-8337-49c9-873c-75ecc067a7a3,cartonnerie,Saint-Langis-lès-Mortagne,61414,,Gare (La),cartonnerie,fabrication_carton,bois_papier_imprimerie,cartonnerie,guerres_entre_deux_guerres | modernisation_apres_guerre,guerres_entre_deux_guerres | modernisation_apres_guerre,geometrie_approximative,0.5490432071424247,48.50881005375055,rejete_sites_distincts,https://inventaire-patrimoine.normandie.fr/dossier/3624a154-3a9a-40aa-9b62-a284ba7cbb38
IA00061153,pilote_30,canonise_phase8,site_canonique_phase8,b1136ddb-9fff-4209-8328-e5caed705388,affinerie dite forge de Beaumont,Longny-au-Perche,61230,,Forge (La),affinerie,affinage_metaux,metallurgie_travail_metaux,affinerie,avant_1789 | revolution_premiere_industrialisation | industrialisation_rail_vapeur,avant_1789 | industrialisation_rail_vapeur,geometrie_approximative,0.7468896435126247,48.51539072960532,aucun_rapprochement_requis_a_ce_stade,https://inventaire-patrimoine.normandie.fr/dossier/451e1db8-8019-43bb-8934-b6a85c84b000
IA00061155,pilote_30,canonise_phase8,site_canonique_phase8,890265c5-e62f-45f7-aed2-08fb1814f457,"usine de quincaillerie, tréfilerie dite établissements Bohin",Saint-Sulpice-sur-Risle,61456,,,usine de quincaillerie | tréfilerie,fabrication_quincaillerie | trefilage_metaux,metallurgie_travail_metaux,usine,revolution_premiere_industrialisation,revolution_premiere_industrialisation | industrialisation_rail_vapeur | guerres_entre_deux_guerres,geometrie_approximative,0.6568775300978867,48.77913238860982,aucun_rapprochement_requis_a_ce_stade,https://inventaire-patrimoine.normandie.fr/dossier/8e086fa2-48a8-45f7-bd02-99d65e20eb6a
IA00061166,pilote_30,canonise_phase8,site_canonique_phase8,35c5c701-5158-4714-aa11-6946f7fae290,cidrerie distillerie dite cidrerie distillerie Pépin,Écouché,61153,"Général de Gaulle (avenue du) 5, 9",,cidrerie | distillerie,production_cidre | distillation_alimentaire,agroalimentaire,cidrerie | distillerie,industrialisation_rail_vapeur | guerres_entre_deux_guerres | modernisation_apres_guerre | mutations_reconversions,industrialisation_rail_vapeur | guerres_entre_deux_guerres | modernisation_apres_guerre,geometrie_approximative,-0.12137461962188618,48.71420362780827,aucun_rapprochement_requis_a_ce_stade,https://inventaire-patrimoine.normandie.fr/dossier/a1a400fd-3841-4653-a97b-df83a755edee
IA00060886,phase8_lot1_50,canonise_phase8,site_canonique_phase8,cf257285-0b5f-406c-ad30-dcf9c62ae04d,scierie de Saint-Evroult,Saint-Evroult-Notre-Dame-du-Bois,61386,,,scierie,sciage_bois,bois_papier_imprimerie,scierie,,industrialisation_rail_vapeur,source_non_controlee,0.4678298343674747,48.7839395005013,aucun_rapprochement_requis_a_ce_stade,https://inventaire-patrimoine.normandie.fr/dossier/ac551034-af77-49ae-b783-93b8082f3fb2
IA00060892,phase8_lot1_50,canonise_phase8,site_canonique_phase8,fd956db5-3915-4c35-92d0-9e93ebcdc54c,filature de coton,Ménil-Hubert-sur-Orne,61269,,Bateau (Le),filature,filature_textile,textile_habillement_cuir,filature,,industrialisation_rail_vapeur | guerres_entre_deux_guerres | modernisation_apres_guerre,source_non_controlee,-0.397570969637022,48.85651269472857,aucun_rapprochement_requis_a_ce_stade,https://inventaire-patrimoine.normandie.fr/dossier/56f6086f-45f4-4898-a92d-01c3877e751a
IA00060899,phase8_lot1_50,canonise_phase8,site_canonique_phase8,14b937a9-57da-4b9e-ad9d-37505f481e07,haut fourneau,Rânes,61344,,Fourneau (Le),haut fourneau,production_fonte,metallurgie_travail_metaux,haut_fourneau,,avant_1789,source_non_controlee,-0.21143545726767699,48.62191705928494,aucun_rapprochement_requis_a_ce_stade,https://inventaire-patrimoine.normandie.fr/dossier/241fb84d-5d76-4ec3-9868-368485c43bbc
IA00060907,phase8_lot1_50,canonise_phase8,site_canonique_phase8,3b242972-cafe-4b17-9b98-22ad8b47f5ec,usine de confection,Flers,61169,11e Division Britannique (rue de la) 33,,usine de confection,confection_habillement,textile_habillement_cuir,usine,,guerres_entre_deux_guerres | modernisation_apres_guerre,source_non_controlee,-0.5697684690933215,48.751537545057566,aucun_rapprochement_requis_a_ce_stade,https://inventaire-patrimoine.normandie.fr/dossier/b03e3c23-feab-4456-bf5c-3902b8bb7488
IA00060914,phase8_lot1_50,canonise_phase8,site_canonique_phase8,82a8be7a-787e-4e57-bcb7-faf793caebb2,tissage (tissage de Coton) dit tissage de la Blanchardière,Flers,61169,Durmeyer (rue) 16,,tissage,tissage,textile_habillement_cuir,tissage,,industrialisation_rail_vapeur | guerres_entre_deux_guerres | modernisation_apres_guerre,source_non_controlee,-0.5761359134633843,48.742928798775004,aucun_rapprochement_requis_a_ce_stade,https://inventaire-patrimoine.normandie.fr/dossier/83cddd58-ad05-4930-98cc-fdfad6dd518d
IA00060920,phase8_lot1_50,canonise_phase8,site_canonique_phase8,83cbd83e-b9fb-46c5-9985-1078e3cfb608,scierie,Saint-Germain-de-Clairefeuille,61393,,Scierie (La),scierie,sciage_bois,bois_papier_imprimerie,scierie,,guerres_entre_deux_guerres | modernisation_apres_guerre,source_non_controlee,0.23551638196666144,48.73046090546557,aucun_rapprochement_requis_a_ce_stade,https://inventaire-patrimoine.normandie.fr/dossier/9ec3d6b1-bf68-4db3-8138-ef1366985e52
IA00060926,phase8_lot1_50,canonise_phase8,site_canonique_phase8,40859c52-dbd7-4213-b193-8b5622fc3975,"usine de ferblanterie, usine de serrurerie",Tinchebray,61486,"Porets (rue au) 11, 13",,usine de ferblanterie | usine de serrurerie,fabrication_metaux | fabrication_quincaillerie,metallurgie_travail_metaux,usine,,industrialisation_rail_vapeur,source_non_controlee,-0.7273491653432106,48.76397087591518,aucun_rapprochement_requis_a_ce_stade,https://inventaire-patrimoine.normandie.fr/dossier/eaea568b-7601-4bdf-8f38-5fadccbc4d80
IA00060932,phase8_lot1_50,canonise_phase8,site_canonique_phase8,34426345-a621-4dae-8935-4eeab8a9a86c,usine de confection,Flers,61169,Boule (rue de la) 80,,usine de confection,confection_habillement,textile_habillement_cuir,usine,,guerres_entre_deux_guerres | modernisation_apres_guerre,source_non_controlee,-0.5714601218313395,48.753575680223996,aucun_rapprochement_requis_a_ce_stade,https://inventaire-patrimoine.normandie.fr/dossier/6017fa46-e6f0-4085-8760-68bb54cfc44d
IA00060939,phase8_lot1_50,canonise_phase8,site_canonique_phase8,802a29cb-b0d8-4f64-ac49-a80015ced65f,fromagerie industrielle,Le Renouard,61346,,Vignette (La),fromagerie industrielle,transformation_lait,agroalimentaire,fromagerie,,industrialisation_rail_vapeur | guerres_entre_deux_guerres,source_non_controlee,0.08040427513680662,48.92687192121918,aucun_rapprochement_requis_a_ce_stade,https://inventaire-patrimoine.normandie.fr/dossier/fceacf84-952a-4d8d-8db0-efdf2cc7b3ad
IA00060945,phase8_lot1_50,canonise_phase8,site_canonique_phase8,8a69f981-2b89-45cf-8244-dde40767128f,moulin à farine,Saint-Martin-l'Aiguillon,61427,,Moulin de Crochet (Le),moulin à farine,mouture_cereales,agroalimentaire,moulin,,revolution_premiere_industrialisation,source_non_controlee,-0.16683424539079367,48.60742089732103,aucun_rapprochement_requis_a_ce_stade,https://inventaire-patrimoine.normandie.fr/dossier/c00da04a-cc2a-460e-aced-1c44ff737c01
IA00060950,phase8_lot1_50,canonise_phase8,site_canonique_phase8,0134a579-f1d4-463a-bba2-59c235d6d048,moulin à farine,Macé,61240,,Boue,moulin à farine,mouture_cereales,agroalimentaire,moulin,,industrialisation_rail_vapeur,source_non_controlee,0.10845493725543898,48.65369860837976,aucun_rapprochement_requis_a_ce_stade,https://inventaire-patrimoine.normandie.fr/dossier/fec36c1b-86bf-42e2-857d-559a5ac73865
IA00060956,phase8_lot1_50,canonise_phase8,site_canonique_phase8,50b5ee68-2ce6-4886-85ef-0295f621b344,"cidrerie, distillerie puis, laiterie industrielle",Mantilly,61248,,Landes (Les),cidrerie | distillerie | laiterie industrielle,production_cidre | distillation_alimentaire | transformation_lait,agroalimentaire,cidrerie | distillerie | laiterie,,industrialisation_rail_vapeur | guerres_entre_deux_guerres,source_non_controlee,-0.8133125215700684,48.50431194314542,aucun_rapprochement_requis_a_ce_stade,https://inventaire-patrimoine.normandie.fr/dossier/71f0f9d8-3b40-4722-9455-a9d026e77b8d
IA00060963,phase8_lot1_50,canonise_phase8,site_canonique_phase8,f7f59013-b81f-43cf-a131-cde20bf966d5,filature,Frênes,61177,,Rosée (La),filature,filature_textile,textile_habillement_cuir,filature,,industrialisation_rail_vapeur,source_non_controlee,-0.6693152669053777,48.78351514221074,aucun_rapprochement_requis_a_ce_stade,https://inventaire-patrimoine.normandie.fr/dossier/17dd6c87-db50-497e-bd9a-e8f9b7666246
IA00060971,phase8_lot1_50,canonise_phase8,site_canonique_phase8,14c772ed-6393-482e-8fb4-ff524c3757e1,tannerie,Alençon,61001,Val Noble (rue du) 17,,tannerie,tannerie_cuir,textile_habillement_cuir,tannerie,,industrialisation_rail_vapeur,source_non_controlee,0.08461441945076252,48.42946905167175,aucun_rapprochement_requis_a_ce_stade,https://inventaire-patrimoine.normandie.fr/dossier/bded1cd2-48ee-484c-8700-97e411bf750f
IA00060977,phase8_lot1_50,canonise_phase8,site_canonique_phase8,f5c23270-e7a0-4616-b682-ae16a0b7fcb6,usine liée au travail du bois,Alençon,61001,"Basingstoke (avenue de) 77, 79",,usine liée au travail du bois,travail_bois,bois_papier_imprimerie,usine,,guerres_entre_deux_guerres | modernisation_apres_guerre,source_non_controlee,0.0963187880136845,48.44091023804762,aucun_rapprochement_requis_a_ce_stade,https://inventaire-patrimoine.normandie.fr/dossier/bda44f05-b99e-463b-8019-9347f105f15a
IA00060982,phase8_lot1_50,canonise_phase8,site_canonique_phase8,2bccf207-2268-4f3e-b432-003ebcc52d72,tissage,La Ferté-Macé,61168,,Peupliers (Les),tissage,tissage,textile_habillement_cuir,tissage,,industrialisation_rail_vapeur,source_non_controlee,-0.3495214046521591,48.595981457148504,aucun_rapprochement_requis_a_ce_stade,https://inventaire-patrimoine.normandie.fr/dossier/58d400e9-b245-40ac-bdc1-951d33f93f1e
IA00060988,phase8_lot1_50,canonise_phase8,site_canonique_phase8,5e003985-f033-4a73-88b2-c1bf15acb966,usine de matériel d'équipement industriel dite usine Lurem,La Haute-Chapelle,61201,,Petite Forge (La),usine de matériel d'équipement industriel,construction_mecanique,mecanique_electrique,usine,,modernisation_apres_guerre,source_non_controlee,-0.6658745767265201,48.58727413409431,aucun_rapprochement_requis_a_ce_stade,https://inventaire-patrimoine.normandie.fr/dossier/4a1dbf3d-9f32-4083-99ca-b1080b97bbc0
IA00060994,phase8_lot1_50,canonise_phase8,site_canonique_phase8,fadd7184-7e52-4eac-bd46-eeaf58cb4419,usine d'extraction,Chailloué,61081,,,usine d'extraction,extraction_miniere,extraction,usine_extraction,,industrialisation_rail_vapeur | guerres_entre_deux_guerres,source_non_controlee,0.2034939137099191,48.654212408884156,aucun_rapprochement_requis_a_ce_stade,https://inventaire-patrimoine.normandie.fr/dossier/91df8d62-51c0-4bd5-84fc-f99011dfa932
IA00061001,phase8_lot1_50,canonise_phase8,site_canonique_phase8,b1e47af8-7f6c-4a26-860c-d8b1998ff06d,usine de chaussures,La Ferté-Macé,61168,Clouet (rue de),,usine de chaussures,fabrication_chaussures,textile_habillement_cuir,usine,,industrialisation_rail_vapeur,source_non_controlee,-0.3607207511111852,48.59008351309217,aucun_rapprochement_requis_a_ce_stade,https://inventaire-patrimoine.normandie.fr/dossier/341e5158-f94c-447e-a785-78ff45bbf74d
IA00061010,phase8_lot1_50,canonise_phase8,site_canonique_phase8,59a5a71f-3cda-4ef8-bf71-f8f18b7a566d,"moulin à farine, minoterie",Couterne,61135,Petite Vitesse (rue de la),,moulin à farine | minoterie,mouture_cereales | mouture_cereales,agroalimentaire,minoterie | moulin,,industrialisation_rail_vapeur | guerres_entre_deux_guerres,source_non_controlee,-0.4162401728073029,48.50953700369973,aucun_rapprochement_requis_a_ce_stade,https://inventaire-patrimoine.normandie.fr/dossier/0970802c-ec7f-47d3-b927-be99e1eaeddb
IA00061015,phase8_lot1_50,canonise_phase8,site_canonique_phase8,f0f4f48f-f11c-4877-a62d-b28b0349b1bc,"moulin à farine, usine de pâte à papier",Mâle,61246,,Moulin de Mâle (Le),moulin à farine | usine de pâte à papier,mouture_cereales | fabrication_papier,agroalimentaire | bois_papier_imprimerie,moulin | usine,,industrialisation_rail_vapeur,source_non_controlee,0.7463952580885334,48.280356930391285,aucun_rapprochement_requis_a_ce_stade,https://inventaire-patrimoine.normandie.fr/dossier/4d921a1e-9cd2-497b-8670-7c168fc7bdbe
IA00061021,phase8_lot1_50,canonise_phase8,site_canonique_phase8,018adbc5-877e-405b-ba77-d23f35f47694,moulin à farine,Saint-Agnan-sur-Sarthe,61360,,Josselin (Le),moulin à farine,mouture_cereales,agroalimentaire,moulin,,industrialisation_rail_vapeur,source_non_controlee,0.42585583113409775,48.60662982893626,aucun_rapprochement_requis_a_ce_stade,https://inventaire-patrimoine.normandie.fr/dossier/055b4787-db11-470d-9017-4ac147a1be2f
IA00061027,phase8_lot1_50,canonise_phase8,site_canonique_phase8,2d67c94f-68d9-4bb2-b3bd-68d33f129405,"usine de passementerie, usine de chaussures",Beaufai,61032,,Corru,usine de passementerie | usine de chaussures,passementerie | fabrication_chaussures,textile_habillement_cuir,usine,,revolution_premiere_industrialisation | industrialisation_rail_vapeur,source_non_controlee,0.538581723544252,48.74845336435086,aucun_rapprochement_requis_a_ce_stade,https://inventaire-patrimoine.normandie.fr/dossier/8d2fc298-6106-4fb9-ace4-2b7ba53178c4
IA00061037,phase8_lot1_50,canonise_phase8,site_canonique_phase8,dca4e5d4-e2d9-4475-92aa-ed16a54f5cc2,filature,Saint-Pierre-du-Regard,61447,,Champ Ferment (Le),filature,filature_textile,textile_habillement_cuir,filature,,industrialisation_rail_vapeur,source_non_controlee,-0.511061724277782,48.84564556345078,rejete_sites_distincts,https://inventaire-patrimoine.normandie.fr/dossier/5b097d42-cbe4-4079-b0cc-df7323cc90ad
IA00061043,phase8_lot1_50,canonise_phase8,site_canonique_phase8,9551fd35-5196-425b-885d-d81b3479651b,tissage,Flers,61169,Chaussée (rue de la),,tissage,tissage,textile_habillement_cuir,tissage,,industrialisation_rail_vapeur,source_non_controlee,-0.5650301499614981,48.744161485291436,aucun_rapprochement_requis_a_ce_stade,https://inventaire-patrimoine.normandie.fr/dossier/13d93ded-5d35-484d-904a-ffde8bf27a69
IA00061048,phase8_lot1_50,canonise_phase8,site_canonique_phase8,67b195fb-fcc9-44c5-9d47-732d308d9bdf,"fonderie Renaudin, puis Société Nouvelle d'Exploitation Renaudin",Mâle,61246,,Ecu (L'),fonderie,fonderie,metallurgie_travail_metaux,fonderie,,industrialisation_rail_vapeur | guerres_entre_deux_guerres | modernisation_apres_guerre,source_non_controlee,0.7335819048867412,48.27319920455188,aucun_rapprochement_requis_a_ce_stade,https://inventaire-patrimoine.normandie.fr/dossier/fee44f1a-cacf-4e6b-901a-b1db55222375
IA00061056,phase8_lot1_50,canonise_phase8,site_canonique_phase8,de901b76-625b-46a8-8a85-3ec24e689b29,moulin à farine,Crulai,61140,,Moulin du Pont (Le),moulin à farine,mouture_cereales,agroalimentaire,moulin,,industrialisation_rail_vapeur,source_non_controlee,0.6603590709355139,48.7136409659732,aucun_rapprochement_requis_a_ce_stade,https://inventaire-patrimoine.normandie.fr/dossier/78e2022c-4f96-40e7-81f1-d3586ae87247
IA00061063,phase8_lot1_50,canonise_phase8,site_canonique_phase8,4741673e-b363-42ce-9339-de6f19ccf704,tuilerie,Rémalard,61345,,Tuilerie (La),tuilerie,fabrication_tuiles,verre_ceramique_materiaux_construction,tuilerie,,avant_1789 | revolution_premiere_industrialisation,source_non_controlee,0.7929021288156838,48.44365476582519,aucun_rapprochement_requis_a_ce_stade,https://inventaire-patrimoine.normandie.fr/dossier/40375f0f-d4f0-4478-98ed-f724ad669bc7
IA00061069,phase8_lot1_50,canonise_phase8,site_canonique_phase8,e66a5262-cc1e-4488-bfa7-39682da25275,manufacture et scierie Bellêmoise,Saint-Martin-du-Vieux-Bellême,61426,"Pierre de Romanet (rue) 7, 9",,scierie,sciage_bois,bois_papier_imprimerie,scierie,,industrialisation_rail_vapeur | modernisation_apres_guerre,source_non_controlee,0.5425993766308884,48.38036350149532,aucun_rapprochement_requis_a_ce_stade,https://inventaire-patrimoine.normandie.fr/dossier/cf003820-a2b8-4a09-8b4d-72a383e46fc0
IA00061076,phase8_lot1_50,canonise_phase8,site_canonique_phase8,38124217-8a29-4ed9-915b-1a3650a58da5,usine de quincaillerie,L'Aigle,61214,,Haies (Les),usine de quincaillerie,fabrication_quincaillerie,metallurgie_travail_metaux,usine,,revolution_premiere_industrialisation | industrialisation_rail_vapeur,source_non_controlee,0.607678653852454,48.75794749939289,aucun_rapprochement_requis_a_ce_stade,https://inventaire-patrimoine.normandie.fr/dossier/15df09f0-5249-4691-8e4d-f38157baead0
IA00061081,phase8_lot1_50,canonise_phase8,site_canonique_phase8,1bb9490a-3894-4352-9ad1-e9e87940fdf7,"moulin à farine dit moulin de Feugeroux, puis Tréfilerie Bigot",Sainte-Gauburge-Sainte-Colombe,61389,,,moulin à farine,mouture_cereales,agroalimentaire,moulin,,industrialisation_rail_vapeur,source_non_controlee,0.4312003788984675,48.710104766955084,aucun_rapprochement_requis_a_ce_stade,https://inventaire-patrimoine.normandie.fr/dossier/4a78fd5d-d20b-4fbb-9b93-aa0709df8e65
IA00061087,phase8_lot1_50,canonise_phase8,site_canonique_phase8,7270f809-287c-48d8-9f67-7c5c42019b9c,haut fourneau de la Roche,Livaie,61228,,Fourneau (Le),haut fourneau,production_fonte,metallurgie_travail_metaux,haut_fourneau,,revolution_premiere_industrialisation | industrialisation_rail_vapeur,source_non_controlee,-0.046821074031807575,48.48427894177562,aucun_rapprochement_requis_a_ce_stade,https://inventaire-patrimoine.normandie.fr/dossier/f271b311-4b6e-4234-8fb7-30ba3e51c803
IA00061094,phase8_lot1_50,canonise_phase8,site_canonique_phase8,6c67e9dd-5602-439e-b43a-f5d274f28774,affinerie dite forge de Gaillon,Randonnai,61343,,Gaillons (Les),affinerie,affinage_metaux,metallurgie_travail_metaux,affinerie,,avant_1789 | revolution_premiere_industrialisation,source_non_controlee,0.6638519922633122,48.64617543456002,aucun_rapprochement_requis_a_ce_stade,https://inventaire-patrimoine.normandie.fr/dossier/1605cad5-d82b-4326-a5af-8d2913739cde
IA00061101,phase8_lot1_50,canonise_phase8,site_canonique_phase8,9cad2cb0-44df-4940-a200-af0a221f3fbb,"haut fourneau, moulin à blé",Tourouvre,61491,,Fonte (La),haut fourneau | moulin à blé,production_fonte | mouture_cereales,agroalimentaire | metallurgie_travail_metaux,haut_fourneau | moulin,,avant_1789 | revolution_premiere_industrialisation | industrialisation_rail_vapeur,source_non_controlee,0.6976500149012115,48.58081738559075,aucun_rapprochement_requis_a_ce_stade,https://inventaire-patrimoine.normandie.fr/dossier/84eaa0bf-354c-4c01-bc30-929f562b2b7c
IA00061107,phase8_lot1_50,canonise_phase8,site_canonique_phase8,6bb8d819-e7cc-4429-ab4c-98833fb1ffd0,"moulin à farine, minoterie",Bivilliers,61045,,Peltrie (La),moulin à farine | minoterie,mouture_cereales | mouture_cereales,agroalimentaire,minoterie | moulin,,industrialisation_rail_vapeur | guerres_entre_deux_guerres | mutations_reconversions,source_non_controlee,0.6134958546227796,48.57833108312378,aucun_rapprochement_requis_a_ce_stade,https://inventaire-patrimoine.normandie.fr/dossier/df941cfb-6758-48e8-937f-62020b560891
IA00061112,phase8_lot1_50,canonise_phase8,site_canonique_phase8,b90dba0b-3e14-4b39-91ee-1db6eb1b2c04,haut fourneau,Longny-au-Perche,61230,,Rainville,haut fourneau,production_fonte,metallurgie_travail_metaux,haut_fourneau,,avant_1789 | revolution_premiere_industrialisation | industrialisation_rail_vapeur,source_non_controlee,0.7707042356303826,48.54435866695,aucun_rapprochement_requis_a_ce_stade,https://inventaire-patrimoine.normandie.fr/dossier/f7f9721f-8fbf-46cb-b669-93dc5606b248
IA00061121,phase8_lot1_50,canonise_phase8,site_canonique_phase8,9fc3a753-c8bf-4813-8205-28e5e540f108,filature,Athis-de-l'Orne,61007,,Réservoir (Le),filature,filature_textile,textile_habillement_cuir,filature,,industrialisation_rail_vapeur | guerres_entre_deux_guerres | modernisation_apres_guerre,source_non_controlee,-0.5294009951014579,48.82402201932426,aucun_rapprochement_requis_a_ce_stade,https://inventaire-patrimoine.normandie.fr/dossier/be32a865-e7dd-4406-9826-f6167f92efc4
IA00061127,phase8_lot1_50,canonise_phase8,site_canonique_phase8,0bca4639-749a-4699-8d76-4438d262a69b,usine de matériel électroménager dite usine Moulinex,Argentan,61006,Commerce (rue du) 25,,usine de matériel électroménager,fabrication_materiel_electrique,mecanique_electrique,usine,,modernisation_apres_guerre,source_non_controlee,-0.02931933161975004,48.73419203382837,aucun_rapprochement_requis_a_ce_stade,https://inventaire-patrimoine.normandie.fr/dossier/1b8c5ef7-d2e9-44f9-afbc-1d714f6675e7
IA00061134,phase8_lot1_50,canonise_phase8,site_canonique_phase8,6ca6edd3-97b4-4e7e-b1fe-d4b4fecfa330,usine de fabrication des métaux,Boucé,61055,,Grosse Forge,usine de fabrication des métaux,fabrication_metaux,metallurgie_travail_metaux,usine,,avant_1789,source_non_controlee,-0.08500658671227664,48.647494988750886,aucun_rapprochement_requis_a_ce_stade,https://inventaire-patrimoine.normandie.fr/dossier/8769226f-24f3-4898-8664-bb903cd2e237
IA00061141,phase8_lot1_50,canonise_phase8,site_canonique_phase8,2bd5d18b-0875-4d3d-9160-529bbcc5c178,moulin à papier,Saint-Victor-de-Réno,61458,,Moulin-Neuf (Le),moulin à papier,fabrication_papier,bois_papier_imprimerie,papeterie,,revolution_premiere_industrialisation | guerres_entre_deux_guerres | modernisation_apres_guerre,source_non_controlee,0.7033964120834467,48.509149236547636,aucun_rapprochement_requis_a_ce_stade,https://inventaire-patrimoine.normandie.fr/dossier/bf1fdc43-1afc-45d1-876a-bdec4cb71c0a
IA00061146,phase8_lot1_50,canonise_phase8,site_canonique_phase8,f964475a-ef1a-49fa-9866-352aafa3a71c,"moulin à foulon, tréfilerie",Vitrai-sous-Laigle,61510,,Moulin de la Foulerie (Le),moulin à foulon | tréfilerie,foulage_textile | trefilage_metaux,metallurgie_travail_metaux | textile_habillement_cuir,moulin | usine,,revolution_premiere_industrialisation | industrialisation_rail_vapeur,source_non_controlee,0.6969182667224482,48.730701950630184,aucun_rapprochement_requis_a_ce_stade,https://inventaire-patrimoine.normandie.fr/dossier/d89c08a5-24d5-41d5-a5cd-68ea0f8760df
IA00061154,phase8_lot1_50,canonise_phase8,site_canonique_phase8,c0499679-8ce8-4a4c-97b1-e72762eda039,"tréfilerie, usine de quincaillerie",Saint-Sulpice-sur-Risle,61456,,Fosse (La),tréfilerie | usine de quincaillerie,trefilage_metaux | fabrication_quincaillerie,metallurgie_travail_metaux,usine,,revolution_premiere_industrialisation | industrialisation_rail_vapeur,source_non_controlee,0.6433651547612741,48.76963473306186,aucun_rapprochement_requis_a_ce_stade,https://inventaire-patrimoine.normandie.fr/dossier/1d238529-8f37-4a77-af3f-bde40720b882
IA00061161,phase8_lot1_50,canonise_phase8,site_canonique_phase8,340762ef-43c4-448c-b256-c64535711fb8,moulin à papier,Canapville,61072,,,moulin à papier,fabrication_papier,bois_papier_imprimerie,papeterie,,industrialisation_rail_vapeur,source_non_controlee,0.2636746919300669,48.958930064153925,aucun_rapprochement_requis_a_ce_stade,https://inventaire-patrimoine.normandie.fr/dossier/997fbf0b-081a-41ca-afc1-ec45e05f3a54
IA00061168,phase8_lot1_50,canonise_phase8,site_canonique_phase8,8bcdb848-87c1-41f4-b5cf-da632cbd06b0,moulin à farine,Nonant-le-Pin,61310,,Moulin Girou (Le),moulin à farine,mouture_cereales,agroalimentaire,moulin,,industrialisation_rail_vapeur,source_non_controlee,0.19820159126116538,48.70304053030052,aucun_rapprochement_requis_a_ce_stade,https://inventaire-patrimoine.normandie.fr/dossier/9850ea9f-77d8-4d11-9179-067c3047291f
IA00061174,phase8_lot1_50,canonise_phase8,site_canonique_phase8,8ceb4e40-458c-41c2-b5f5-563217bf3943,"fenderie, moulin à blé",Montmerrei,61288,,Fenderie (La),fenderie | moulin à blé,fabrication_metaux | mouture_cereales,agroalimentaire | metallurgie_travail_metaux,moulin | usine,,avant_1789 | revolution_premiere_industrialisation,source_non_controlee,0.04187099004780732,48.61627477352811,aucun_rapprochement_requis_a_ce_stade,https://inventaire-patrimoine.normandie.fr/dossier/ad7f8666-1272-420a-bfef-208adc638206
IA00061179,phase8_lot1_50,canonise_phase8,site_canonique_phase8,e4c0ab6a-a37f-4cce-ae44-e86e75acef0a,imprimerie,Flers,61169,Jules Gevelot (rue) 24,,imprimerie,imprimerie,bois_papier_imprimerie,imprimerie,,industrialisation_rail_vapeur,source_non_controlee,-0.5715954614258228,48.75117676630784,aucun_rapprochement_requis_a_ce_stade,https://inventaire-patrimoine.normandie.fr/dossier/f0494843-26ec-42e0-bbf4-8080825095af
IA00061185,phase8_lot1_50,canonise_phase8,site_canonique_phase8,582cb23e-3908-4138-b8d7-d9a551816629,"distillerie, cidrerie",Gacé,61181,,Rançonnières (Les),distillerie | cidrerie,distillation_alimentaire | production_cidre,agroalimentaire,cidrerie | distillerie,,industrialisation_rail_vapeur | guerres_entre_deux_guerres,source_non_controlee,0.2991033520069833,48.784346898685136,aucun_rapprochement_requis_a_ce_stade,https://inventaire-patrimoine.normandie.fr/dossier/2d0b8b65-128a-41b8-84ea-f7e285191de0
IA00061191,phase8_lot1_50,canonise_phase8,site_canonique_phase8,9fb0a7bf-fa45-4143-85d2-fd0e17e5ee52,tissage,Saint-Georges-des-Groseillers,61391,,Tremblay (Le),tissage,tissage,textile_habillement_cuir,tissage,,industrialisation_rail_vapeur | guerres_entre_deux_guerres,source_non_controlee,-0.5768761559617352,48.75353050958973,aucun_rapprochement_requis_a_ce_stade,https://inventaire-patrimoine.normandie.fr/dossier/7d8065d7-1e45-4b91-a03a-de2e1cff3468
IA00061197,phase8_lot1_50,canonise_phase8,site_canonique_phase8,76154151-42bd-40fc-939f-ebd393ada30d,tuilerie,Trun,61494,,Grandes Crouttes (Les),tuilerie,fabrication_tuiles,verre_ceramique_materiaux_construction,tuilerie,,industrialisation_rail_vapeur,source_non_controlee,0.062441089962588875,48.855627373924115,aucun_rapprochement_requis_a_ce_stade,https://inventaire-patrimoine.normandie.fr/dossier/82ece625-4edb-4a32-9547-9305a585b7d1
IA00061203,phase8_lot1_50,canonise_phase8,site_canonique_phase8,f9afb9f3-0f99-45e2-b3a7-172092415303,moulin à farine,Domfront,61145,Notre-Dame,,moulin à farine,mouture_cereales,agroalimentaire,moulin,,industrialisation_rail_vapeur,source_non_controlee,-0.6567598422047569,48.591642955407615,aucun_rapprochement_requis_a_ce_stade,https://inventaire-patrimoine.normandie.fr/dossier/5f52703f-f04a-4fcb-ae05-4d0e785b38f7
IA00060884,phase8_restant_officiel,canonise_phase8,site_canonique_phase8,b52afb9d-061b-4d92-a4ed-e719df476a6b,usine d'ouvrages en amiante,Saint-Pierre-du-Regard,61447,,Petite Suisse (La),usine d'ouvrages en amiante,fabrication_produits_amiante,verre_ceramique_materiaux_construction,usine,,guerres_entre_deux_guerres | modernisation_apres_guerre,source_non_controlee,-0.5259781886493472,48.828444221219215,aucun_rapprochement_requis_a_ce_stade,https://inventaire-patrimoine.normandie.fr/dossier/e6892b25-22e4-4cbb-9c3e-434cee671418
IA00060885,phase8_restant_officiel,canonise_phase8,site_canonique_phase8,1d68b8c4-4bbb-4ed7-809b-ad78391d32a0,centrale hydroélectrique,Saint-Philbert-sur-Orne,61444,,Breuil (Le),centrale hydroélectrique,production_hydroelectricite,energie,centrale_hydroelectrique,,modernisation_apres_guerre,source_non_controlee,-0.3585271347598061,48.846111764605595,aucun_rapprochement_requis_a_ce_stade,https://inventaire-patrimoine.normandie.fr/dossier/268e9a4a-9d0b-4bf3-88ab-be2766dc5881
IA00060887,phase8_restant_officiel,canonise_phase8,site_canonique_phase8,f96708a3-2822-460f-bd78-acbb7ca565f0,"moulin à papier, filature",Tinchebray,61486,,Rochefort,moulin à papier | filature,fabrication_papier | filature_textile,bois_papier_imprimerie | textile_habillement_cuir,filature | papeterie,,industrialisation_rail_vapeur,source_non_controlee,-0.7175992326296594,48.75539706012365,aucun_rapprochement_requis_a_ce_stade,https://inventaire-patrimoine.normandie.fr/dossier/3be4c4e6-81b3-4b00-a5be-29bf694da658
IA00060888,phase8_restant_officiel,canonise_phase8,site_canonique_phase8,d634054f-df5a-4153-a18e-b063f7eb51f0,"moulin à blé, filature",Ségrie-Fontaine,61465,,Moulin de Ségrie (Le),moulin à blé | filature,mouture_cereales | filature_textile,agroalimentaire | textile_habillement_cuir,filature | moulin,,industrialisation_rail_vapeur,source_non_controlee,-0.3987323196061812,48.811813124956416,aucun_rapprochement_requis_a_ce_stade,https://inventaire-patrimoine.normandie.fr/dossier/50d0c504-09b6-4aa5-abae-0706d3f6be25
IA00060889,phase8_restant_officiel,canonise_phase8,site_canonique_phase8,b5a1e06b-7ded-4601-a417-a8d86d1eb57b,usine de construction mécanique dite usine de Construction Mécanique Cousin,Saint-Georges-des-Groseillers,61391,Henri Letard (rue) 59,,usine de construction mécanique,construction_mecanique,mecanique_electrique,usine,,modernisation_apres_guerre,source_non_controlee,-0.559725380707416,48.75540281507778,aucun_rapprochement_requis_a_ce_stade,https://inventaire-patrimoine.normandie.fr/dossier/e8e4afcd-ec77-4268-afba-aa8cb7d4583b
IA00060890,phase8_restant_officiel,canonise_phase8,site_canonique_phase8,589939fd-7b7b-49f8-a12f-623b8e49f616,fromagerie industrielle,Saint-Evroult-Notre-Dame-du-Bois,61386,,Selle (La),fromagerie industrielle,transformation_lait,agroalimentaire,fromagerie,,industrialisation_rail_vapeur,source_non_controlee,0.43540435924326637,48.79619653998278,aucun_rapprochement_requis_a_ce_stade,https://inventaire-patrimoine.normandie.fr/dossier/72c7db66-5725-450c-9b6a-9affb002f377
IA00060891,phase8_restant_officiel,canonise_phase8,site_canonique_phase8,c332bd3c-2f8c-49b2-8443-8c0c32d4769b,fromagerie industrielle,Serans,61470,,Douits (Les),fromagerie industrielle,transformation_lait,agroalimentaire,fromagerie,,revolution_premiere_industrialisation | guerres_entre_deux_guerres | modernisation_apres_guerre,source_non_controlee,-0.1656498392817549,48.73999599732884,aucun_rapprochement_requis_a_ce_stade,https://inventaire-patrimoine.normandie.fr/dossier/5d4cbd4e-f48d-46f7-bde7-1dc67f5b7136
IA00060893,phase8_restant_officiel,canonise_phase8,site_canonique_phase8,78487171-b58c-4885-9672-52b862ae7cb9,filature de coton,Cahan,61069,,Rocray (Le),filature,filature_textile,textile_habillement_cuir,filature,,industrialisation_rail_vapeur | guerres_entre_deux_guerres | modernisation_apres_guerre,source_non_controlee,-0.4531499506792645,48.869926683570974,aucun_rapprochement_requis_a_ce_stade,https://inventaire-patrimoine.normandie.fr/dossier/5087b98c-261c-4355-949d-915acf578073
IA00060894,phase8_restant_officiel,canonise_phase8,site_canonique_phase8,b714582a-6489-4b64-8c34-2eab982876d7,"haut fourneau, moulin à farine",Dompierre,61146,,Moulin-Neuf (Le),haut fourneau | moulin à farine,production_fonte | mouture_cereales,agroalimentaire | metallurgie_travail_metaux,haut_fourneau | moulin,,avant_1789 | revolution_premiere_industrialisation,source_non_controlee,-0.5509558352839058,48.6419492030083,aucun_rapprochement_requis_a_ce_stade,https://inventaire-patrimoine.normandie.fr/dossier/4edf53a2-97b8-4ddb-bc74-18ebf307945a
IA00060895,phase8_restant_officiel,canonise_phase8,site_canonique_phase8,3bd3bff0-a53b-4411-a48e-76cad3750223,fonderie,Argentan,61006,Industrie (avenue de l') 6 à 10,,fonderie,fonderie,metallurgie_travail_metaux,fonderie,,guerres_entre_deux_guerres | modernisation_apres_guerre,source_non_controlee,-0.027386267798739188,48.73464613378963,aucun_rapprochement_requis_a_ce_stade,https://inventaire-patrimoine.normandie.fr/dossier/cfe24f63-71ef-4ba1-9c54-a8f47cdc51cc
IA00060897,phase8_restant_officiel,canonise_phase8,site_canonique_phase8,b28925d2-8221-4fc9-84be-2765e26900a0,filature de coton,Caligny,61070,,Pont (Le),filature,filature_textile,textile_habillement_cuir,filature,,revolution_premiere_industrialisation | industrialisation_rail_vapeur | guerres_entre_deux_guerres,source_non_controlee,-0.6084368301689171,48.80765303634576,aucun_rapprochement_requis_a_ce_stade,https://inventaire-patrimoine.normandie.fr/dossier/f3368b75-9c61-4871-9b09-73048c1f8120
IA00060898,phase8_restant_officiel,canonise_phase8,site_canonique_phase8,f1ddbe91-0560-4ed5-8667-6ac4cd8aa1d4,"usine de confection, usine de matériel électroménager, usine de matériel électroacoustique",Flers,61169,Libération (avenue de la),,usine de confection | usine de matériel électroménager | usine de matériel électroacoustique,confection_habillement | fabrication_materiel_electrique | fabrication_materiel_electrique,mecanique_electrique | textile_habillement_cuir,usine,,industrialisation_rail_vapeur | modernisation_apres_guerre,source_non_controlee,-0.5833701637372726,48.7501485135232,aucun_rapprochement_requis_a_ce_stade,https://inventaire-patrimoine.normandie.fr/dossier/79bd4669-a6e8-40cf-ad76-442679321b9b
IA00060900,phase8_restant_officiel,canonise_phase8,site_canonique_phase8,6d041828-3fda-40c0-adb4-79244eb93a7d,filature de coton,Saint-Pierre-d'Entremont,61445,,Vaux (Les),filature,filature_textile,textile_habillement_cuir,filature,,industrialisation_rail_vapeur,source_non_controlee,-0.6440165445695119,48.79913635902096,aucun_rapprochement_requis_a_ce_stade,https://inventaire-patrimoine.normandie.fr/dossier/1569a5fc-5af9-4ced-9967-4c507de2414e
IA00060903,phase8_restant_officiel,canonise_phase8,site_canonique_phase8,d062076d-60d7-4dcb-8670-ab7a6ec20243,filature de coton,Caligny,61070,,Prés (Les),filature,filature_textile,textile_habillement_cuir,filature,,revolution_premiere_industrialisation | industrialisation_rail_vapeur,source_non_controlee,-0.5979219090552995,48.81368703293592,aucun_rapprochement_requis_a_ce_stade,https://inventaire-patrimoine.normandie.fr/dossier/77493c8a-f023-4733-a897-c7b181593906
IA00060904,phase8_restant_officiel,canonise_phase8,site_canonique_phase8,28a1045d-06ae-4b39-b14d-57a7fcc98f27,filature de coton,Montilly-sur-Noireau,61287,,Beau Manoir (Le),filature,filature_textile,textile_habillement_cuir,filature,,revolution_premiere_industrialisation | industrialisation_rail_vapeur,source_non_controlee,-0.5754498144802999,48.82888301000017,aucun_rapprochement_requis_a_ce_stade,https://inventaire-patrimoine.normandie.fr/dossier/8f5adc8f-f62b-4153-b407-4f9db4819abd
IA00060905,phase8_restant_officiel,canonise_phase8,site_canonique_phase8,5c1b1524-6a34-4f74-9beb-f24e9eb2840f,"fromagerie industrielle, laiterie industrielle",Saint-Bômer-les-Forges,61369,,Forges (Les),fromagerie industrielle | laiterie industrielle,transformation_lait | transformation_lait,agroalimentaire,fromagerie | laiterie,,industrialisation_rail_vapeur | guerres_entre_deux_guerres | modernisation_apres_guerre,source_non_controlee,-0.6228811585247778,48.647382103042176,aucun_rapprochement_requis_a_ce_stade,https://inventaire-patrimoine.normandie.fr/dossier/701a31af-9c2b-4a7f-b63c-f257d2bec47c
IA00060906,phase8_restant_officiel,canonise_phase8,site_canonique_phase8,4f67a91d-1c7f-4a88-a4be-202d38d3f2e3,filature de coton,Montilly-sur-Noireau,61287,,Fontaines (Les),filature,filature_textile,textile_habillement_cuir,filature,,revolution_premiere_industrialisation | industrialisation_rail_vapeur | modernisation_apres_guerre,source_non_controlee,-0.582858815365899,48.82478996390452,aucun_rapprochement_requis_a_ce_stade,https://inventaire-patrimoine.normandie.fr/dossier/40520c19-0185-4170-a307-c66e361acc90
IA00060908,phase8_restant_officiel,canonise_phase8,site_canonique_phase8,16835d7e-5f4a-4d48-afa6-05003824a691,mine de fer,Larchamp,61223,,,mine,extraction_miniere,extraction,mine,,industrialisation_rail_vapeur | guerres_entre_deux_guerres,source_non_controlee,-0.6557984758763797,48.70168040900983,aucun_rapprochement_requis_a_ce_stade,https://inventaire-patrimoine.normandie.fr/dossier/a1d924c9-c295-4064-b100-b839b80a90d4
IA00060910,phase8_restant_officiel,canonise_phase8,site_canonique_phase8,57fd028d-60f7-427d-a4eb-085fa3ed2cf7,tissage,Flers,61169,11e Division Britannique (rue de la) 64,,tissage,tissage,textile_habillement_cuir,tissage,,industrialisation_rail_vapeur,source_non_controlee,-0.5705519349132565,48.75244143936828,aucun_rapprochement_requis_a_ce_stade,https://inventaire-patrimoine.normandie.fr/dossier/286f0f4f-857e-4449-9e35-4c21e914bc73
IA00060911,phase8_restant_officiel,canonise_phase8,site_canonique_phase8,a73fcba8-9fc8-4c1f-b37a-6fb818a08192,scierie,Champsecret,61091,,Touche (La),scierie,sciage_bois,bois_papier_imprimerie,scierie,,revolution_premiere_industrialisation,source_non_controlee,-0.5492382002879136,48.60663227918272,aucun_rapprochement_requis_a_ce_stade,https://inventaire-patrimoine.normandie.fr/dossier/4af855f0-3d7f-4e1c-af8d-91c65771a1de
IA00060912,phase8_restant_officiel,canonise_phase8,site_canonique_phase8,657b5274-d833-4808-a775-a10278f52efc,ensemble d'industrie extractive,La Ferrière-aux-Étangs,61163,,,ensemble d'industrie extractive,extraction_miniere,extraction,complexe_industriel,,industrialisation_rail_vapeur | guerres_entre_deux_guerres | modernisation_apres_guerre,source_non_controlee,-0.515265057540473,48.646411640785665,aucun_rapprochement_requis_a_ce_stade,https://inventaire-patrimoine.normandie.fr/dossier/da22b727-9136-4498-a8f4-156f8abb11c3
IA00060913,phase8_restant_officiel,canonise_phase8,site_canonique_phase8,e61d881e-163a-4f24-8c85-fb32e4c3041f,tissage (tissage de Coton),Flers,61169,,Planchette (La),tissage,tissage,textile_habillement_cuir,tissage,,industrialisation_rail_vapeur | modernisation_apres_guerre,source_non_controlee,-0.5643742220790452,48.75309428775388,aucun_rapprochement_requis_a_ce_stade,https://inventaire-patrimoine.normandie.fr/dossier/ead596e3-dc26-4e34-9831-60fe2bc2b6a7
IA00060916,phase8_restant_officiel,canonise_phase8,site_canonique_phase8,89957a6d-dad1-4aa6-88bd-b0264a32baa8,cidrerie distillerie Anée,Vimoutiers,61508,Perré (rue du) 27,,cidrerie | distillerie,production_cidre | distillation_alimentaire,agroalimentaire,cidrerie | distillerie,,industrialisation_rail_vapeur | guerres_entre_deux_guerres,source_non_controlee,0.2002554614504952,48.92907630201768,aucun_rapprochement_requis_a_ce_stade,https://inventaire-patrimoine.normandie.fr/dossier/1a9a2847-6721-406e-829f-3cb0ea579360
IA00060917,phase8_restant_officiel,canonise_phase8,site_canonique_phase8,442760a3-67e2-4d1a-ad33-5c2d4fec001b,moulin à farine,Vimoutiers,61508,Général de Gaulle (avenue du) 1,,moulin à farine,mouture_cereales,agroalimentaire,moulin,,avant_1789 | revolution_premiere_industrialisation | industrialisation_rail_vapeur,source_non_controlee,0.197389362140982,48.92929722525575,aucun_rapprochement_requis_a_ce_stade,https://inventaire-patrimoine.normandie.fr/dossier/92620e30-8fdd-40f0-972c-cf3a2f5bbc5d
IA00060918,phase8_restant_officiel,canonise_phase8,site_canonique_phase8,d7e13953-e05f-4318-9740-0f1d6f3375c4,usine de chaussures,Trun,61494,République (rue de la) 34,,usine de chaussures,fabrication_chaussures,textile_habillement_cuir,usine,,industrialisation_rail_vapeur,source_non_controlee,0.03205611673766493,48.84316873280393,aucun_rapprochement_requis_a_ce_stade,https://inventaire-patrimoine.normandie.fr/dossier/fd9f271f-d779-49a9-bb8b-184e8c01b957
IA00060919,phase8_restant_officiel,canonise_phase8,site_canonique_phase8,ee198ebb-10da-41e5-b984-9a0b4dcbdaa1,moulin à farine,Vrigny,61511,,Petit Moulin (Le),moulin à farine,mouture_cereales,agroalimentaire,moulin,,industrialisation_rail_vapeur,source_non_controlee,-0.020625842997621567,48.66083789948028,aucun_rapprochement_requis_a_ce_stade,https://inventaire-patrimoine.normandie.fr/dossier/5aa0568f-a61f-4f90-95a0-f44668c33531
IA00060921,phase8_restant_officiel,canonise_phase8,site_canonique_phase8,98418de1-ba9c-49ad-a9d6-426c5325110a,moulin à tan,Silly-en-Gouffern,61474,,Moulin à Tan d'en Bas (Le),moulin à tan,preparation_tan,textile_habillement_cuir,moulin,,industrialisation_rail_vapeur,source_non_controlee,0.05868612973673431,48.749930466578455,aucun_rapprochement_requis_a_ce_stade,https://inventaire-patrimoine.normandie.fr/dossier/8f445157-f487-4dbb-a73a-628a46dfe355
IA00060922,phase8_restant_officiel,canonise_phase8,site_canonique_phase8,11ec885e-ef2a-4782-b698-aee13dd033c4,moulin à farine,Écouché,61153,Général Warabiot (rue du) 38,,moulin à farine,mouture_cereales,agroalimentaire,moulin,,industrialisation_rail_vapeur,source_non_controlee,-0.12534618127495453,48.719653456306716,aucun_rapprochement_requis_a_ce_stade,https://inventaire-patrimoine.normandie.fr/dossier/607b0df3-dc2c-4556-bbfa-194b1c5a50d6
IA00060923,phase8_restant_officiel,canonise_phase8,site_canonique_phase8,73c817a1-f5bd-43d4-8a29-634f8077ad17,tréfilerie,Échauffour,61150,,Moulin de Launay (Le),tréfilerie,trefilage_metaux,metallurgie_travail_metaux,usine,,revolution_premiere_industrialisation | industrialisation_rail_vapeur,source_non_controlee,0.4426513875149679,48.72229256237111,aucun_rapprochement_requis_a_ce_stade,https://inventaire-patrimoine.normandie.fr/dossier/67f8daae-b4c8-462c-8a2d-e1f20bf09b42
IA00060924,phase8_restant_officiel,canonise_phase8,site_canonique_phase8,c6517bf1-e124-43f5-86e2-8686481bd7ff,"collège, chocolaterie dite chocolaterie de l'Abbaye Suisse Normande",Tinchebray,61486,Nord (boulevard du) 12,,collège | chocolaterie,fabrication_chocolat,agroalimentaire,chocolaterie,,industrialisation_rail_vapeur | guerres_entre_deux_guerres | mutations_reconversions,source_non_controlee,-0.7376923693192089,48.764430764141196,aucun_rapprochement_requis_a_ce_stade,https://inventaire-patrimoine.normandie.fr/dossier/ed090b86-b0ae-40c3-8865-e0ff69567378
IA00060925,phase8_restant_officiel,canonise_phase8,site_canonique_phase8,28f1caa8-c487-4c15-92ea-1895882b9501,usine de quincaillerie,Tinchebray,61486,Nord (boulevard du) 8,,usine de quincaillerie,fabrication_quincaillerie,metallurgie_travail_metaux,usine,,industrialisation_rail_vapeur,source_non_controlee,-0.7361508043715965,48.764776162357265,aucun_rapprochement_requis_a_ce_stade,https://inventaire-patrimoine.normandie.fr/dossier/dab5894f-f425-4339-aa5e-74112201dc4d
IA00060927,phase8_restant_officiel,canonise_phase8,site_canonique_phase8,12c40cb4-b71f-4ab4-9f79-cc149606da29,"moulin à papier, usine de quincaillerie dit moulin de Rochefort",Tinchebray,61486,,Landes (Les),moulin à papier | usine de quincaillerie,fabrication_papier | fabrication_quincaillerie,bois_papier_imprimerie | metallurgie_travail_metaux,papeterie | usine,,industrialisation_rail_vapeur,source_non_controlee,-0.7193199802807806,48.75221904865296,aucun_rapprochement_requis_a_ce_stade,https://inventaire-patrimoine.normandie.fr/dossier/bc846388-04b3-4ee9-8512-d9ea8d170580
IA00060928,phase8_restant_officiel,canonise_phase8,site_canonique_phase8,42ed31f5-39c0-4a3a-b3ed-02b42fe44cce,usine de quincaillerie,Tinchebray,61486,,Moulin Noir,usine de quincaillerie,fabrication_quincaillerie,metallurgie_travail_metaux,usine,,industrialisation_rail_vapeur | guerres_entre_deux_guerres,source_non_controlee,-0.7613233351041298,48.76008671867491,aucun_rapprochement_requis_a_ce_stade,https://inventaire-patrimoine.normandie.fr/dossier/efb0da58-bc5b-45cc-9a13-7e4697b7be1e
IA00060929,phase8_restant_officiel,canonise_phase8,site_canonique_phase8,827ff590-c64c-4ee5-9fff-35ed52f82923,"tonnellerie, usine de boissellerie",Tinchebray,61486,,Pont Notre-Dame,tonnellerie | usine de boissellerie,travail_bois | travail_bois,bois_papier_imprimerie,tonnellerie | usine,,industrialisation_rail_vapeur,source_non_controlee,-0.7337986067249093,48.757412437703714,aucun_rapprochement_requis_a_ce_stade,https://inventaire-patrimoine.normandie.fr/dossier/fd9989f4-cad5-4cac-af74-945cb69b8a71
IA00060930,phase8_restant_officiel,canonise_phase8,site_canonique_phase8,ea0139ec-b78b-4b97-b6d0-e1ca7dbe4cc5,"moulin à farine, usine de quincaillerie",Tinchebray,61486,sous la tour,,moulin à farine | usine de quincaillerie,mouture_cereales | fabrication_quincaillerie,agroalimentaire | metallurgie_travail_metaux,moulin | usine,,revolution_premiere_industrialisation | industrialisation_rail_vapeur | guerres_entre_deux_guerres | modernisation_apres_guerre,source_non_controlee,-0.7265341545503523,48.76228556951085,aucun_rapprochement_requis_a_ce_stade,https://inventaire-patrimoine.normandie.fr/dossier/6dbbf757-cc58-4f38-9949-a020e2f2453b
IA00060931,phase8_restant_officiel,canonise_phase8,site_canonique_phase8,cced56dc-c367-4e5e-872f-826957aa6a6b,scierie,Dompierre,61146,,,scierie,sciage_bois,bois_papier_imprimerie,scierie,,modernisation_apres_guerre,source_non_controlee,-0.5511232641221355,48.635011120752075,aucun_rapprochement_requis_a_ce_stade,https://inventaire-patrimoine.normandie.fr/dossier/2e457791-3208-4a23-bbc8-ddc223ce30e2
IA00060933,phase8_restant_officiel,canonise_phase8,site_canonique_phase8,19e2f6db-e682-42ae-91bc-c666780491bc,moulin à farine,Saint-Pierre-d'Entremont,61445,,Rochette (La),moulin à farine,mouture_cereales,agroalimentaire,moulin,,revolution_premiere_industrialisation,source_non_controlee,-0.6602527868269009,48.803474689858824,aucun_rapprochement_requis_a_ce_stade,https://inventaire-patrimoine.normandie.fr/dossier/7e88c5db-ce9d-446d-b6f4-51cb5bd420c0
IA00060934,phase8_restant_officiel,canonise_phase8,site_canonique_phase8,abae0732-4d04-4ea5-b6cf-7024ec8a7082,tannerie,Vimoutiers,61508,,,tannerie,tannerie_cuir,textile_habillement_cuir,tannerie,,industrialisation_rail_vapeur,source_non_controlee,0.20071242022642669,48.91627337167701,aucun_rapprochement_requis_a_ce_stade,https://inventaire-patrimoine.normandie.fr/dossier/3c7f9eb5-db5e-476a-a1ab-91d6270de979
IA00060935,phase8_restant_officiel,canonise_phase8,site_canonique_phase8,e0a19b68-5705-494c-9493-8c45cc631d7e,usine de teinturerie,La Carneille,61073,,,usine de teinturerie,ennoblissement_textile,textile_habillement_cuir,usine,,revolution_premiere_industrialisation | industrialisation_rail_vapeur,source_non_controlee,-0.4467104041473739,48.778021488427726,aucun_rapprochement_requis_a_ce_stade,https://inventaire-patrimoine.normandie.fr/dossier/be4d1083-c2d1-40cc-b09d-cacc6979f5ae
IA00060936,phase8_restant_officiel,canonise_phase8,site_canonique_phase8,b8d7de3a-03bf-4d3a-a635-caa5ec10d1e7,cidrerie,Montreuil-au-Houlme,61290,,Crestinière (La),cidrerie,production_cidre,agroalimentaire,cidrerie,,guerres_entre_deux_guerres | modernisation_apres_guerre,source_non_controlee,-0.2780721021999237,48.692408942351854,aucun_rapprochement_requis_a_ce_stade,https://inventaire-patrimoine.normandie.fr/dossier/53e8a5b3-c08f-4c2c-9ae7-b18cdf3e3c55
IA00060937,phase8_restant_officiel,canonise_phase8,site_canonique_phase8,dc3f3034-1ffb-4c18-88ce-31d49b6d855c,fromagerie industrielle,Montreuil-la-Cambe,61291,,Cambette (La),fromagerie industrielle,transformation_lait,agroalimentaire,fromagerie,,guerres_entre_deux_guerres | modernisation_apres_guerre,source_non_controlee,0.02796682798893687,48.881864160331716,aucun_rapprochement_requis_a_ce_stade,https://inventaire-patrimoine.normandie.fr/dossier/5ede3b04-daf5-4e69-ad68-9b77f385c0d2
IA00060940,phase8_restant_officiel,canonise_phase8,site_canonique_phase8,01085fc1-4a58-48f2-b911-ff999d68634d,fromagerie industrielle,Le Renouard,61346,,Parcs Creviers (Les),fromagerie industrielle,transformation_lait,agroalimentaire,fromagerie,,industrialisation_rail_vapeur,source_non_controlee,0.08546717946813655,48.922063889109275,aucun_rapprochement_requis_a_ce_stade,https://inventaire-patrimoine.normandie.fr/dossier/5e0446e2-3107-4c4c-9cf1-c34230199052
IA00060941,phase8_restant_officiel,canonise_phase8,site_canonique_phase8,9e711406-0477-4cb2-bfe9-863b1ffd4a41,abattoir,L'Aigle,61214,Fonte (rue de la) 15,,abattoir,transformation_viande,agroalimentaire,abattoir,,industrialisation_rail_vapeur | guerres_entre_deux_guerres,source_non_controlee,0.6372064762998755,48.765257009535624,aucun_rapprochement_requis_a_ce_stade,https://inventaire-patrimoine.normandie.fr/dossier/859dc28b-a0dd-48b7-8d21-c07aebc0c394
IA00060942,phase8_restant_officiel,canonise_phase8,site_canonique_phase8,02b26d75-f50b-41c6-92a9-40a48ddd78ca,moulin à farine,Feings,61160,,Moulin de la Vigne (Le),moulin à farine,mouture_cereales,agroalimentaire,moulin,,revolution_premiere_industrialisation | industrialisation_rail_vapeur,source_non_controlee,0.6876014423196568,48.543302278345934,aucun_rapprochement_requis_a_ce_stade,https://inventaire-patrimoine.normandie.fr/dossier/9b96d451-5274-404c-87fa-3478b0e5a352
IA00060943,phase8_restant_officiel,canonise_phase8,site_canonique_phase8,9beebeaf-590c-4229-bcbd-0e69bf5b332a,"tréfilerie de Sainte-Colombe, puis S.A. le Domaine du Tremblay, puis fromagerie et laiterie industrielle dite Société Laitière et Fromagère de Sainte-Gauburge, puis S.A. la Normandie Centrale, puis Société Coopérative Agricole Groupement Laitier du Perche",Échauffour,61150,,Farcière (la),tréfilerie | fromagerie industrielle | laiterie industrielle,trefilage_metaux | transformation_lait | transformation_lait,agroalimentaire | metallurgie_travail_metaux,fromagerie | laiterie | usine,,revolution_premiere_industrialisation | industrialisation_rail_vapeur | guerres_entre_deux_guerres,source_non_controlee,0.42377001488293714,48.71877264250391,aucun_rapprochement_requis_a_ce_stade,https://inventaire-patrimoine.normandie.fr/dossier/1a7eedac-04bd-4881-bb48-2080a95b1611
IA00060944,phase8_restant_officiel,canonise_phase8,site_canonique_phase8,974b8ac6-9b67-47f3-aa31-199305508502,moulin à farine,Sainte-Marguerite-de-Carrouges,61419,,Moulin de Chandon (Le),moulin à farine,mouture_cereales,agroalimentaire,moulin,,revolution_premiere_industrialisation,source_non_controlee,-0.16488350134372773,48.60277354668637,aucun_rapprochement_requis_a_ce_stade,https://inventaire-patrimoine.normandie.fr/dossier/7d7d2119-f7e5-46e6-97dd-d61aad882d6e
IA00060946,phase8_restant_officiel,canonise_phase8,site_canonique_phase8,46d6dfbf-61d6-4548-bb60-33b5bb087cc5,affinerie de fer,Saint-Patrice-du-Désert,61442,,Forge de Cossé (La),affinerie,affinage_metaux,metallurgie_travail_metaux,affinerie,,avant_1789,source_non_controlee,-0.3087563401074108,48.53749306350746,aucun_rapprochement_requis_a_ce_stade,https://inventaire-patrimoine.normandie.fr/dossier/728446d8-33e1-478b-a982-3160a704578f
IA00060947,phase8_restant_officiel,canonise_phase8,site_canonique_phase8,0e9e1f19-8f5b-4d23-be23-d58413c607fc,haut fourneau de la Vie,Saint-Patrice-du-Désert,61442,,Fourneau (Le),haut fourneau,production_fonte,metallurgie_travail_metaux,haut_fourneau,,avant_1789,source_non_controlee,-0.2738351584861904,48.54036895779481,aucun_rapprochement_requis_a_ce_stade,https://inventaire-patrimoine.normandie.fr/dossier/53a602b0-f4bb-4d15-b8e7-e7baafd71d09
IA00060948,phase8_restant_officiel,canonise_phase8,site_canonique_phase8,7ec3d0fb-2b31-4906-a232-ae2e8a365a62,fenderie de fer,Le Champ-de-la-Pierre,61085,,Fendrie (La),fenderie,fabrication_metaux,metallurgie_travail_metaux,usine,,avant_1789,source_non_controlee,-0.20874927923710654,48.604686640175466,aucun_rapprochement_requis_a_ce_stade,https://inventaire-patrimoine.normandie.fr/dossier/61cddbc2-8135-4bde-a3c3-1fb5bfe39ca8
IA00060949,phase8_restant_officiel,canonise_phase8,site_canonique_phase8,9edcbc72-3d53-4ff8-b68b-e89dfe1f8c37,affinerie de fer dite forge de la Roche,Livaie,61228,,,affinerie,affinage_metaux,metallurgie_travail_metaux,affinerie,,avant_1789,source_non_controlee,-0.04610786425835532,48.48598975471081,aucun_rapprochement_requis_a_ce_stade,https://inventaire-patrimoine.normandie.fr/dossier/7b5b8c23-8a44-4527-a889-bdee6180094a
IA00060951,phase8_restant_officiel,canonise_phase8,site_canonique_phase8,3bfb86d2-025e-4747-a516-59e04104271f,moulin à farine,Macé,61240,,Moulin de l'Abbé (Le),moulin à farine,mouture_cereales,agroalimentaire,moulin,,revolution_premiere_industrialisation | industrialisation_rail_vapeur,source_non_controlee,0.1315359055881659,48.630170421599395,aucun_rapprochement_requis_a_ce_stade,https://inventaire-patrimoine.normandie.fr/dossier/9d7ad0b2-563f-4e06-9980-c53f6e84720f
IA00060952,phase8_restant_officiel,canonise_phase8,site_canonique_phase8,71eaac97-3489-4f83-87f6-a0e0ca6b648b,"édifice sportif, abattoirs municipaux, usine de confection",Sées,61464,Cours (rue du) 1,,édifice sportif | abattoir | usine de confection,transformation_viande | confection_habillement,agroalimentaire | textile_habillement_cuir,abattoir | usine,,industrialisation_rail_vapeur | guerres_entre_deux_guerres | modernisation_apres_guerre,source_non_controlee,0.16588783177666402,48.60740178148363,aucun_rapprochement_requis_a_ce_stade,https://inventaire-patrimoine.normandie.fr/dossier/4d314546-51bf-4db1-b15b-319fb6dd8a67
IA00060953,phase8_restant_officiel,canonise_phase8,site_canonique_phase8,d85368f9-7231-4cc2-bba0-84df5bb671f8,"tuilerie, briqueterie, fonderie, usine d'appareils de levage et de manutention",Sées,61464,Alençon (route d'),,tuilerie | briqueterie | fonderie | usine d'appareils de levage et de manutention,fabrication_tuiles | fabrication_briques | fonderie | construction_mecanique,mecanique_electrique | metallurgie_travail_metaux | verre_ceramique_materiaux_construction,briqueterie | fonderie | tuilerie | usine,,industrialisation_rail_vapeur | modernisation_apres_guerre,source_non_controlee,0.16919743982393015,48.59815555434551,aucun_rapprochement_requis_a_ce_stade,https://inventaire-patrimoine.normandie.fr/dossier/740f93c2-905a-47be-a64e-f5d4fc634900
IA00060954,phase8_restant_officiel,canonise_phase8,site_canonique_phase8,28f41414-c4a7-4eaa-a133-e9df7d0d5e44,moulin à farine,Mantilly,61248,,Dompierre,moulin à farine,mouture_cereales,agroalimentaire,moulin,,revolution_premiere_industrialisation | industrialisation_rail_vapeur,source_non_controlee,-0.8397089145407072,48.49331983120022,aucun_rapprochement_requis_a_ce_stade,https://inventaire-patrimoine.normandie.fr/dossier/c81cdf0c-018e-45ed-bba1-50dcaa30b325
IA00060955,phase8_restant_officiel,canonise_phase8,site_canonique_phase8,d9cf0757-1f24-4232-9531-d707f43fb30a,"moulin à farine, fromagerie industrielle",Mantilly,61248,,Morette,moulin à farine | fromagerie industrielle,mouture_cereales | transformation_lait,agroalimentaire,fromagerie | moulin,,revolution_premiere_industrialisation | industrialisation_rail_vapeur | guerres_entre_deux_guerres | modernisation_apres_guerre,source_non_controlee,-0.8472263171344901,48.52116787299539,aucun_rapprochement_requis_a_ce_stade,https://inventaire-patrimoine.normandie.fr/dossier/ef3a7c19-0544-4f07-9e07-0cf77e010556
IA00060957,phase8_restant_officiel,canonise_phase8,site_canonique_phase8,7271bad3-fa9e-486a-ac61-168f3656f50b,"cidrerie, distillerie",Mantilly,61248,,Vectière (La),cidrerie | distillerie,production_cidre | distillation_alimentaire,agroalimentaire,cidrerie | distillerie,,guerres_entre_deux_guerres | modernisation_apres_guerre,source_non_controlee,-0.7977796025755088,48.51851729822556,aucun_rapprochement_requis_a_ce_stade,https://inventaire-patrimoine.normandie.fr/dossier/ab5a149f-e2fb-4e99-b2c1-c5d8fb7fb11f
IA00060958,phase8_restant_officiel,canonise_phase8,site_canonique_phase8,17ee5a77-1607-46f5-aea3-cbbaea8a7d58,"moulin à farine, minoterie",Héloup,61203,,Moulin de Baudet (Le),moulin à farine | minoterie,mouture_cereales | mouture_cereales,agroalimentaire,minoterie | moulin,,industrialisation_rail_vapeur | guerres_entre_deux_guerres | modernisation_apres_guerre,source_non_controlee,0.01581898040284017,48.401991472377084,aucun_rapprochement_requis_a_ce_stade,https://inventaire-patrimoine.normandie.fr/dossier/3ab74151-dd0a-46cf-a3f8-7f11ee27fdf1
IA00060960,phase8_restant_officiel,canonise_phase8,site_canonique_phase8,0250e305-e20e-4249-b7c7-5eeece3046a5,"affinerie, filature",Saint-Clair-de-Halouze,61376,,Forge (La),affinerie | filature,affinage_metaux | filature_textile,metallurgie_travail_metaux | textile_habillement_cuir,affinerie | filature,,avant_1789 | revolution_premiere_industrialisation | industrialisation_rail_vapeur,source_non_controlee,-0.6437537047199444,48.68365383940785,aucun_rapprochement_requis_a_ce_stade,https://inventaire-patrimoine.normandie.fr/dossier/0306d4b3-8692-4c40-8640-de1f76f88832
IA00060961,phase8_restant_officiel,canonise_phase8,site_canonique_phase8,9a2fa262-bc53-45ef-8970-dce2042b95db,ensemble d'industrie extractive (mine de fer) dit mine de Halouze,Saint-Clair-de-Halouze,61376,,,ensemble d'industrie extractive,extraction_miniere,extraction,complexe_industriel,,industrialisation_rail_vapeur | guerres_entre_deux_guerres | modernisation_apres_guerre,source_non_controlee,-0.6077747799235949,48.6884041207369,aucun_rapprochement_requis_a_ce_stade,https://inventaire-patrimoine.normandie.fr/dossier/e984344e-385e-4d31-a12f-3588c6e30e59
IA00060962,phase8_restant_officiel,canonise_phase8,site_canonique_phase8,3b2da87c-4fdb-4e4e-a224-1da0a2842379,affinerie de fer dite affinerie de la Sauvagère,Saint-Michel-des-Andaines,61431,,Forge (La),affinerie,affinage_metaux,metallurgie_travail_metaux,affinerie,,avant_1789,source_non_controlee,-0.4227953906756073,48.6008196800106,aucun_rapprochement_requis_a_ce_stade,https://inventaire-patrimoine.normandie.fr/dossier/c624f6f0-1bd4-4afa-8a3e-7fdea4bb56fe
IA00060964,phase8_restant_officiel,canonise_phase8,site_canonique_phase8,628b5841-d265-4efe-8fbf-e0f63652c2a7,usine de fabrication des métaux,Champsecret,61091,,Varenne,usine de fabrication des métaux,fabrication_metaux,metallurgie_travail_metaux,usine,,avant_1789,source_non_controlee,-0.5942810838844449,48.63305192142125,aucun_rapprochement_requis_a_ce_stade,https://inventaire-patrimoine.normandie.fr/dossier/c95a8a17-616e-46d7-ba9d-b03b02b14bc1
IA00060966,phase8_restant_officiel,canonise_phase8,site_canonique_phase8,13c15244-8f76-428a-8403-fcb6c46aa649,briqueterie,Champsecret,61091,,Briqueterie (La),briqueterie,fabrication_briques,verre_ceramique_materiaux_construction,briqueterie,,industrialisation_rail_vapeur,source_non_controlee,-0.5254286147529699,48.57990425977285,aucun_rapprochement_requis_a_ce_stade,https://inventaire-patrimoine.normandie.fr/dossier/0fb574a5-ab82-4f92-b840-17614db01ad2
IA00060967,phase8_restant_officiel,canonise_phase8,site_canonique_phase8,9577fc41-10a5-48de-8458-a773fd57219c,tissage (tissage de mèches),Saint-Pierre-du-Regard,61447,,Pont-Erembourg,tissage,tissage,textile_habillement_cuir,tissage,,revolution_premiere_industrialisation | industrialisation_rail_vapeur,source_non_controlee,-0.5175209109490958,48.849596721397795,rejete_sites_distincts,https://inventaire-patrimoine.normandie.fr/dossier/fa88004f-3ff9-4d93-809f-00b9ffddaf48
IA00060968,phase8_restant_officiel,canonise_phase8,site_canonique_phase8,5980f413-a1a5-435c-9db9-2f41d35d8560,"moulin à farine, minoterie",Bursard,61068,,Moulin de sou,moulin à farine | minoterie,mouture_cereales | mouture_cereales,agroalimentaire,minoterie | moulin,,industrialisation_rail_vapeur,source_non_controlee,0.21866275176172317,48.53527975175628,aucun_rapprochement_requis_a_ce_stade,https://inventaire-patrimoine.normandie.fr/dossier/113c1b7b-9ebd-483a-9e41-5cf433fb6bb7
IA00060970,phase8_restant_officiel,canonise_phase8,site_canonique_phase8,065c1945-2613-4616-b8f7-ec83d9e9936e,fromagerie industrielle,Condé-sur-Sarthe,61117,Saint Germain (rue de) 20,,fromagerie industrielle,transformation_lait,agroalimentaire,fromagerie,,industrialisation_rail_vapeur | guerres_entre_deux_guerres,source_non_controlee,0.05816789272019933,48.42609716553136,aucun_rapprochement_requis_a_ce_stade,https://inventaire-patrimoine.normandie.fr/dossier/c97d1fa8-e322-4894-97c8-3b32cf669b26
IA00060972,phase8_restant_officiel,canonise_phase8,site_canonique_phase8,2b6cca68-0634-47bf-a0f1-3b14bc3e3efe,moulin à farine,Alençon,61001,"Sarthe (rue de) 30, 32",,moulin à farine,mouture_cereales,agroalimentaire,moulin,,revolution_premiere_industrialisation | industrialisation_rail_vapeur,source_non_controlee,0.08694993877432727,48.426870691394534,aucun_rapprochement_requis_a_ce_stade,https://inventaire-patrimoine.normandie.fr/dossier/f3939d65-589d-4789-bc19-ce6e5b677ce4
IA00060973,phase8_restant_officiel,canonise_phase8,site_canonique_phase8,56194951-61d8-407b-9129-22f7b80ec643,usine de teinturerie,Alençon,61001,Isle (rue de l') 16,,usine de teinturerie,ennoblissement_textile,textile_habillement_cuir,usine,,industrialisation_rail_vapeur | guerres_entre_deux_guerres | modernisation_apres_guerre,source_non_controlee,0.09399479316808139,48.42569315346296,aucun_rapprochement_requis_a_ce_stade,https://inventaire-patrimoine.normandie.fr/dossier/54d78796-8468-4959-b5b4-ee3ab628d1aa
IA00060974,phase8_restant_officiel,canonise_phase8,site_canonique_phase8,6e05fc2d-213c-4d46-b879-9a04b6020902,imprimerie,Alençon,61001,Demees (rue) 25 à 31,,imprimerie,imprimerie,bois_papier_imprimerie,imprimerie,,industrialisation_rail_vapeur,source_non_controlee,0.09544653470660579,48.432462591051575,aucun_rapprochement_requis_a_ce_stade,https://inventaire-patrimoine.normandie.fr/dossier/9c4b41ff-ee6b-45c7-ab84-14188c9443d5
IA00060975,phase8_restant_officiel,canonise_phase8,site_canonique_phase8,cb755e85-f0c2-4883-a32b-06919fed37bd,imprimerie,Alençon,61001,Halle aux Toiles (rue de la) 11,,imprimerie,imprimerie,bois_papier_imprimerie,imprimerie,,industrialisation_rail_vapeur,source_non_controlee,0.08818118188606536,48.431501222964116,aucun_rapprochement_requis_a_ce_stade,https://inventaire-patrimoine.normandie.fr/dossier/2719459f-508c-4f76-939f-2b0b402d8bd0
IA00060976,phase8_restant_officiel,canonise_phase8,site_canonique_phase8,29c0485d-006f-4f08-bf78-24d5eba5b7a7,usine de bonneterie,Alençon,61001,Demees (rue) 38,,usine de bonneterie,bonneterie,textile_habillement_cuir,usine,,industrialisation_rail_vapeur | guerres_entre_deux_guerres,source_non_controlee,0.09542049005375318,48.43097654342245,aucun_rapprochement_requis_a_ce_stade,https://inventaire-patrimoine.normandie.fr/dossier/ecb27de1-d7d8-4152-89c9-666d84d34e40
IA00060978,phase8_restant_officiel,canonise_phase8,site_canonique_phase8,e0d18da4-3bda-424c-bc62-85d531e288bb,tissage dit tissage du Bas de Maure,La Ferté-Macé,61168,Forêt d'Andaine (boulevard de la),Maure,tissage,tissage,textile_habillement_cuir,tissage,,industrialisation_rail_vapeur,source_non_controlee,-0.36609256043580807,48.58750969911502,rejete_sites_distincts,https://inventaire-patrimoine.normandie.fr/dossier/59ce6d56-7a0e-4826-ba09-ab294de9d60c
IA00060979,phase8_restant_officiel,canonise_phase8,site_canonique_phase8,242982cf-447f-4570-b7f7-e197832c0427,tissage dit tissage de Maure,La Ferté-Macé,61168,Oisivière (rue de l'),Maure,tissage,tissage,textile_habillement_cuir,tissage,,industrialisation_rail_vapeur,source_non_controlee,-0.36693306094708267,48.58601834500957,rejete_sites_distincts,https://inventaire-patrimoine.normandie.fr/dossier/380fd45e-908b-4386-8d70-9f936498201c
IA00060980,phase8_restant_officiel,canonise_phase8,site_canonique_phase8,18725b93-45cf-44c0-a272-ed6bfffef9ad,"moulin à farine, tissage",La Ferté-Macé,61168,,Fimbrune,moulin à farine | tissage,mouture_cereales | tissage,agroalimentaire | textile_habillement_cuir,moulin | tissage,,industrialisation_rail_vapeur,source_non_controlee,-0.3713484886426191,48.59831804884251,aucun_rapprochement_requis_a_ce_stade,https://inventaire-patrimoine.normandie.fr/dossier/e0de9762-7cc8-49cb-9358-5bcfa17e7155
IA00060981,phase8_restant_officiel,canonise_phase8,site_canonique_phase8,c8e68197-0840-4339-9ccb-ca69e1cdb111,tissage,Antoigny,61004,,Vallée de Cour (La),tissage,tissage,textile_habillement_cuir,tissage,,industrialisation_rail_vapeur,source_non_controlee,-0.36008034467064526,48.53887109905953,aucun_rapprochement_requis_a_ce_stade,https://inventaire-patrimoine.normandie.fr/dossier/aa9ee811-5b12-4449-8e94-fbcaaaa8b4f4
IA00060983,phase8_restant_officiel,canonise_phase8,site_canonique_phase8,8358e295-cf32-4dc7-a61c-400d37f8d1ec,tissage,La Ferté-Macé,61168,Pierre Neveu (rue) 7,,tissage,tissage,textile_habillement_cuir,tissage,,industrialisation_rail_vapeur,source_non_controlee,-0.35510925507739655,48.59104321610261,aucun_rapprochement_requis_a_ce_stade,https://inventaire-patrimoine.normandie.fr/dossier/2e99c1b5-8bfc-4387-86ac-1596e83cd008
IA00060984,phase8_restant_officiel,canonise_phase8,site_canonique_phase8,c93150ce-a55a-43ec-bb66-5cbd16c2e38f,tissage,La Ferté-Macé,61168,"Pierre Neveu (rue) 16, 16bis",,tissage,tissage,textile_habillement_cuir,tissage,,industrialisation_rail_vapeur,source_non_controlee,-0.3531600186799498,48.592394661601496,aucun_rapprochement_requis_a_ce_stade,https://inventaire-patrimoine.normandie.fr/dossier/78e1fad2-c0be-4e5b-b7df-6bb477e67485
IA00060985,phase8_restant_officiel,canonise_phase8,site_canonique_phase8,49fb6da5-4bdc-4d3c-a574-02f67770d43d,tissage de Beaudouet,La Ferté-Macé,61168,Cinq Frères Robinet (rue des),,tissage,tissage,textile_habillement_cuir,tissage,,industrialisation_rail_vapeur | guerres_entre_deux_guerres,source_non_controlee,-0.35661951985623513,48.58559856324326,aucun_rapprochement_requis_a_ce_stade,https://inventaire-patrimoine.normandie.fr/dossier/ce341681-0375-4078-89b5-e003e49508f4
IA00060986,phase8_restant_officiel,canonise_phase8,site_canonique_phase8,017109cc-6c4f-4dfb-b83d-1b5952486358,usine de blanchiment,La Ferté-Macé,61168,Pierre Neveu (rue),,usine de blanchiment,ennoblissement_textile,textile_habillement_cuir,usine,,industrialisation_rail_vapeur,source_non_controlee,-0.3515183164614459,48.593251226433395,rejete_sites_distincts,https://inventaire-patrimoine.normandie.fr/dossier/d42c29fe-0cfa-42e9-ba94-69f4febcbc51
IA00060987,phase8_restant_officiel,canonise_phase8,site_canonique_phase8,fa66d715-7b51-4ddd-93ea-5beb0d940007,scierie,Coulonges-sur-Sarthe,61126,Scierie (rue de la),,scierie,sciage_bois,bois_papier_imprimerie,scierie,,guerres_entre_deux_guerres | modernisation_apres_guerre,source_non_controlee,0.3546995847614367,48.51617139095375,aucun_rapprochement_requis_a_ce_stade,https://inventaire-patrimoine.normandie.fr/dossier/1f07c5e6-4b27-4e33-af62-7d755e0abf9d
IA00060989,phase8_restant_officiel,canonise_phase8,site_canonique_phase8,8fbc79ed-9018-4e16-a315-065208000499,laiterie industrielle et abattoirs du Pont Morin,La Chapelle-d'Andaine,61096,,,laiterie industrielle | abattoir,transformation_lait | transformation_viande,agroalimentaire,abattoir | laiterie,,guerres_entre_deux_guerres | modernisation_apres_guerre,source_non_controlee,-0.4805735772865292,48.535114719692956,aucun_rapprochement_requis_a_ce_stade,https://inventaire-patrimoine.normandie.fr/dossier/12e4344b-d4fe-437a-a8b3-d1c5f8cc5cd0
IA00060990,phase8_restant_officiel,canonise_phase8,site_canonique_phase8,8101a6f2-adf3-4101-a9c6-913ca4349f43,laiterie industrielle,La Chapelle-d'Andaine,61096,,Gare (La),laiterie industrielle,transformation_lait,agroalimentaire,laiterie,,industrialisation_rail_vapeur,source_non_controlee,-0.4828111922657886,48.52920526858741,aucun_rapprochement_requis_a_ce_stade,https://inventaire-patrimoine.normandie.fr/dossier/36ae0b31-d205-40a7-bed8-99192753499b
IA00060991,phase8_restant_officiel,canonise_phase8,site_canonique_phase8,53d0fa1c-f18a-4c56-824e-b0d071cf7996,"moulin à farine, minoterie",Saint-Germain-du-Corbéis,61397,,,moulin à farine | minoterie,mouture_cereales | mouture_cereales,agroalimentaire,minoterie | moulin,,industrialisation_rail_vapeur | modernisation_apres_guerre,source_non_controlee,0.05865904024325972,48.42505603493437,aucun_rapprochement_requis_a_ce_stade,https://inventaire-patrimoine.normandie.fr/dossier/ad16d5d6-1455-495d-be64-efc9506a971f
IA00060992,phase8_restant_officiel,canonise_phase8,site_canonique_phase8,fffbc435-c557-44fb-ab67-1dac10d2c73b,laiterie industrielle,Tanville,61480,,,laiterie industrielle,transformation_lait,agroalimentaire,laiterie,,industrialisation_rail_vapeur | guerres_entre_deux_guerres,source_non_controlee,0.006454302830457382,48.56828334432721,aucun_rapprochement_requis_a_ce_stade,https://inventaire-patrimoine.normandie.fr/dossier/88fbe533-0c24-4bdd-8b87-59be65cd9732
IA00060993,phase8_restant_officiel,canonise_phase8,site_canonique_phase8,ab99178c-4c96-40b8-a39c-91bb032fa928,fromagerie industrielle,Champsecret,61091,,,fromagerie industrielle,transformation_lait,agroalimentaire,fromagerie,,industrialisation_rail_vapeur | guerres_entre_deux_guerres | modernisation_apres_guerre,source_non_controlee,-0.5210229183172824,48.633852240304265,aucun_rapprochement_requis_a_ce_stade,https://inventaire-patrimoine.normandie.fr/dossier/13843bb0-ed07-4e18-9787-35ece5924bb2
IA00060995,phase8_restant_officiel,canonise_phase8,site_canonique_phase8,d2c21b8d-90e9-4d1a-a7f6-ded574668a0b,moulin à farine,Coulonges-sur-Sarthe,61126,,Moulin de l'Ormois (Le),moulin à farine,mouture_cereales,agroalimentaire,moulin,,industrialisation_rail_vapeur,source_non_controlee,0.41052370587095904,48.52535771622874,aucun_rapprochement_requis_a_ce_stade,https://inventaire-patrimoine.normandie.fr/dossier/f06b42c8-e496-44f5-8495-3262fa753fb5
IA00060996,phase8_restant_officiel,canonise_phase8,site_canonique_phase8,1ffa46ea-1b76-45e5-ad47-79d90a4cb66c,"moulin à farine, minoterie",Saint-Denis-sur-Sarthon,61382,,Moulin du Pont (Le),moulin à farine | minoterie,mouture_cereales | mouture_cereales,agroalimentaire,minoterie | moulin,,industrialisation_rail_vapeur,source_non_controlee,-0.054169517871242835,48.45697351623695,aucun_rapprochement_requis_a_ce_stade,https://inventaire-patrimoine.normandie.fr/dossier/80a70c8b-65b9-4427-8298-dcb027b9879b
IA00060998,phase8_restant_officiel,canonise_phase8,site_canonique_phase8,f3ec9f6e-9019-41f0-b676-f773b1df8ecc,usine de blanchiment,La Ferté-Macé,61168,Pierre Neveu (rue),,usine de blanchiment,ennoblissement_textile,textile_habillement_cuir,usine,,industrialisation_rail_vapeur,source_non_controlee,-0.3513550551054596,48.59409313716629,rejete_sites_distincts,https://inventaire-patrimoine.normandie.fr/dossier/db919e83-c99a-4a83-9e4d-e29fbec073c0
IA00060999,phase8_restant_officiel,canonise_phase8,site_canonique_phase8,af259e15-2269-4cda-9cd7-399337ca8699,tissage de mèches,La Ferté-Macé,61168,Lavanderie (rue de la) 7 à 13,,tissage,tissage,textile_habillement_cuir,tissage,,industrialisation_rail_vapeur,source_non_controlee,-0.3557096182839403,48.59215170505885,aucun_rapprochement_requis_a_ce_stade,https://inventaire-patrimoine.normandie.fr/dossier/f84bbf5d-7272-4e9e-9fad-ab9e9f645023
IA00061000,phase8_restant_officiel,canonise_phase8,site_canonique_phase8,40517d62-97c2-45c0-ab20-7ba8e8208b7b,usine de chaussures,La Ferté-Macé,61168,Gérard de Contades (boulevard de) 21,,usine de chaussures,fabrication_chaussures,textile_habillement_cuir,usine,,industrialisation_rail_vapeur | guerres_entre_deux_guerres | modernisation_apres_guerre,source_non_controlee,-0.363937686023522,48.5943142273993,aucun_rapprochement_requis_a_ce_stade,https://inventaire-patrimoine.normandie.fr/dossier/f85f3485-6326-4372-885b-e0d294ec427a
IA00061004,phase8_restant_officiel,canonise_phase8,site_canonique_phase8,f11d86b8-26ef-4063-abca-62dfc53346b1,four à chaux,Les Rotours,61354,,Rotouraux (Les),four à chaux,fabrication_chaux_ciment,verre_ceramique_materiaux_construction,four_chaux,,avant_1789 | revolution_premiere_industrialisation,source_non_controlee,-0.2753894674846308,48.780188243486506,aucun_rapprochement_requis_a_ce_stade,https://inventaire-patrimoine.normandie.fr/dossier/23ab383d-e20c-4b4d-b6d3-7962c8fd9038
IA00061005,phase8_restant_officiel,canonise_phase8,site_canonique_phase8,6365d6cf-c798-40d4-b227-be197294236d,usine de céramique,Alençon,61001,Quackenbruck (avenue de) 112,,usine de céramique,fabrication_ceramique,verre_ceramique_materiaux_construction,usine,,guerres_entre_deux_guerres | modernisation_apres_guerre,source_non_controlee,0.10181440925316419,48.43743466934021,aucun_rapprochement_requis_a_ce_stade,https://inventaire-patrimoine.normandie.fr/dossier/97b4191e-c33e-481f-bf87-e773cd2b9f3d
IA00061006,phase8_restant_officiel,canonise_phase8,site_canonique_phase8,6d353f97-53fb-4b9f-8fa0-7af90b194cac,usine d'extraction dite Mine de Halouze,Saint-Clair-de-Halouze,61376,,Bocagerie (La),usine d'extraction,extraction_miniere,extraction,usine_extraction,,industrialisation_rail_vapeur | guerres_entre_deux_guerres | modernisation_apres_guerre,source_non_controlee,-0.5917176265599445,48.686277999319834,aucun_rapprochement_requis_a_ce_stade,https://inventaire-patrimoine.normandie.fr/dossier/3d33f56e-0804-4bb8-91e8-d2d997de498c
IA00061007,phase8_restant_officiel,canonise_phase8,site_canonique_phase8,14bac7b9-67e1-4791-a612-e54729b4a2c8,usine d'extraction dite Mine de Halouze,Saint-Clair-de-Halouze,61376,,Puits 1 (Le),usine d'extraction,extraction_miniere,extraction,usine_extraction,,industrialisation_rail_vapeur | guerres_entre_deux_guerres | modernisation_apres_guerre,source_non_controlee,-0.6095382943785913,48.6867660287051,aucun_rapprochement_requis_a_ce_stade,https://inventaire-patrimoine.normandie.fr/dossier/550a98cc-1b6a-44d2-86af-4f2eedb20d38
IA00061009,phase8_restant_officiel,canonise_phase8,site_canonique_composant_non_productif,8e9fa78e-96f9-4b8c-849c-0108747b9841,cité ouvrière,Saint-Clair-de-Halouze,61376,,Cités (Les),cité ouvrière,,,,,industrialisation_rail_vapeur | guerres_entre_deux_guerres,source_non_controlee,-0.623017450947038,48.68837391016504,relation_site_a_etablir,https://inventaire-patrimoine.normandie.fr/dossier/8c1faae4-d089-4889-a1cb-f600f23c2578
IA00061011,phase8_restant_officiel,canonise_phase8,site_canonique_composant_non_productif,0e09a2f4-299f-4f16-9698-7cf04a159af6,cité ouvrière,Le Châtellier,61102,,Cités Lebardier (Les),cité ouvrière,,,,,industrialisation_rail_vapeur | guerres_entre_deux_guerres,source_non_controlee,-0.5998027745897359,48.67987536530827,relation_site_a_etablir,https://inventaire-patrimoine.normandie.fr/dossier/c6c14420-21dd-40da-980d-6b02452883d5
IA00061012,phase8_restant_officiel,canonise_phase8,site_canonique_phase8,bb7b583c-f044-45fc-946d-f558e6ac4c16,tuilerie,Mâle,61246,,Gibet (Le),tuilerie,fabrication_tuiles,verre_ceramique_materiaux_construction,tuilerie,,industrialisation_rail_vapeur,source_non_controlee,0.7713256440320315,48.2686509588068,aucun_rapprochement_requis_a_ce_stade,https://inventaire-patrimoine.normandie.fr/dossier/213ecea3-3d49-4529-add8-8f28bc3ae096
IA00061013,phase8_restant_officiel,canonise_phase8,site_canonique_phase8,e09b8595-3693-4a8b-862a-29bb51b66ba4,"moulin à farine, usine de passementerie, tréfilerie",Aube,61008,,Moulin-Neuf (Le),moulin à farine | usine de passementerie | tréfilerie,mouture_cereales | passementerie | trefilage_metaux,agroalimentaire | metallurgie_travail_metaux | textile_habillement_cuir,moulin | usine,,revolution_premiere_industrialisation,source_non_controlee,0.5274112858799045,48.73320393603203,aucun_rapprochement_requis_a_ce_stade,https://inventaire-patrimoine.normandie.fr/dossier/43c3eab5-6bba-4329-a3d0-38340573450a
IA00061014,phase8_restant_officiel,canonise_phase8,site_canonique_phase8,b7c72c17-6899-4872-a082-099165853ccb,moulin à blé,Buré,61066,,Moulin de Buré (Le),moulin à blé,mouture_cereales,agroalimentaire,moulin,,industrialisation_rail_vapeur,source_non_controlee,0.39902429624003866,48.51461180902814,aucun_rapprochement_requis_a_ce_stade,https://inventaire-patrimoine.normandie.fr/dossier/4578b822-7195-4082-969b-ed4bbed80047
IA00061016,phase8_restant_officiel,canonise_phase8,site_canonique_phase8,9ac008df-a9e2-48c9-9870-33f7192bd62a,moulin à farine,Perche en Nocé,,,Ferrière (La) ; Nocé,moulin à farine,mouture_cereales,agroalimentaire,moulin,,avant_1789 | industrialisation_rail_vapeur,source_non_controlee,0.6795352564891781,48.373421371551586,aucun_rapprochement_requis_a_ce_stade,https://inventaire-patrimoine.normandie.fr/dossier/b5c7d602-d531-487f-b2f9-19bd9c3c4678
IA00061017,phase8_restant_officiel,canonise_phase8,site_canonique_phase8,c42b9b6b-73d1-4e54-baa3-1d274074b40b,haut fourneau,Saint-Pierre-des-Loges,61446,,Logeard,haut fourneau,production_fonte,metallurgie_travail_metaux,haut_fourneau,,avant_1789 | revolution_premiere_industrialisation | industrialisation_rail_vapeur,source_non_controlee,0.47107520884908993,48.729917572316616,aucun_rapprochement_requis_a_ce_stade,https://inventaire-patrimoine.normandie.fr/dossier/345d91f0-a734-4f62-914f-8be1089f6b52
IA00061018,phase8_restant_officiel,canonise_phase8,site_canonique_phase8,4e6a7ff4-f320-4c5c-9f8d-3ccb9e689383,"moulin à papier, tannerie dite Tanneries de Saint Hilaire",Saint-Hilaire-sur-Risle,61406,,,moulin à papier | tannerie,fabrication_papier | tannerie_cuir,bois_papier_imprimerie | textile_habillement_cuir,papeterie | tannerie,,avant_1789 | revolution_premiere_industrialisation | industrialisation_rail_vapeur | guerres_entre_deux_guerres,source_non_controlee,0.49113624004081174,48.73252775980497,aucun_rapprochement_requis_a_ce_stade,https://inventaire-patrimoine.normandie.fr/dossier/0b246630-95bd-4651-9664-b916468d17ce
IA00061019,phase8_restant_officiel,canonise_phase8,site_canonique_phase8,ce0a98a1-4910-4b8e-b1ee-89b08b6180f4,moulin à farine,Saint-Hilaire-sur-Risle,61406,,Moulin de Saint-Hilaire (Le),moulin à farine,mouture_cereales,agroalimentaire,moulin,,avant_1789 | revolution_premiere_industrialisation | industrialisation_rail_vapeur,source_non_controlee,0.4999379187621098,48.733657354051495,aucun_rapprochement_requis_a_ce_stade,https://inventaire-patrimoine.normandie.fr/dossier/daac4840-acf9-4c58-83b2-26a9496d7a1a
IA00061020,phase8_restant_officiel,canonise_phase8,site_canonique_phase8,3f71f451-d55b-4327-91a4-6ae82114cc86,moulin à farine,Bazoches-sur-Hoëne,61029,,Moulin de Mondion,moulin à farine,mouture_cereales,agroalimentaire,moulin,,industrialisation_rail_vapeur,source_non_controlee,0.4612337411147238,48.55237272133745,aucun_rapprochement_requis_a_ce_stade,https://inventaire-patrimoine.normandie.fr/dossier/fd691cfe-e962-4291-b18b-4626c13aec31
IA00061022,phase8_restant_officiel,canonise_phase8,site_canonique_phase8,5a4c0d0c-6ab0-4b77-afb5-e0e1091a4292,moulin à farine,Sainte-Scolasse-sur-Sarthe,61454,,Moulin du Mesnil (Le),moulin à farine,mouture_cereales,agroalimentaire,moulin,,avant_1789 | revolution_premiere_industrialisation,source_non_controlee,0.42005312719666027,48.57870303408991,aucun_rapprochement_requis_a_ce_stade,https://inventaire-patrimoine.normandie.fr/dossier/a338d4a1-0f8c-468d-8518-7c02f3e96502
IA00061023,phase8_restant_officiel,canonise_phase8,site_canonique_phase8,d0eafed6-a138-4b49-94f9-e337a2eaba31,usine de fabrication des métaux,Le Champ-de-la-Pierre,61085,,Forge (La),usine de fabrication des métaux,fabrication_metaux,metallurgie_travail_metaux,usine,,avant_1789 | industrialisation_rail_vapeur,source_non_controlee,-0.2161534112727755,48.6129582002657,aucun_rapprochement_requis_a_ce_stade,https://inventaire-patrimoine.normandie.fr/dossier/415450d3-1ffd-44e3-a9f5-e534aef18bae
IA00061024,phase8_restant_officiel,canonise_phase8,site_canonique_phase8,eecbfaa3-35fa-488f-841f-08c92b88d293,"haut fourneau, fonderie",Sainte-Marguerite-de-Carrouges,61419,,Fourneau (Le),haut fourneau | fonderie,production_fonte | fonderie,metallurgie_travail_metaux,fonderie | haut_fourneau,,avant_1789 | revolution_premiere_industrialisation | industrialisation_rail_vapeur,source_non_controlee,-0.16991199507705526,48.588307749762606,aucun_rapprochement_requis_a_ce_stade,https://inventaire-patrimoine.normandie.fr/dossier/a02dcabd-ba7c-44e8-bf61-6a825a5c4b2b
IA00061025,phase8_restant_officiel,canonise_phase8,site_canonique_phase8,4d1cc2e0-20de-4869-9296-0101922e86af,affinerie dite forge de Carrouges,Saint-Martin-l'Aiguillon,61427,,Forge (La),affinerie,affinage_metaux,metallurgie_travail_metaux,affinerie,,avant_1789 | revolution_premiere_industrialisation | industrialisation_rail_vapeur,source_non_controlee,-0.17988401247012287,48.57844481973463,aucun_rapprochement_requis_a_ce_stade,https://inventaire-patrimoine.normandie.fr/dossier/eb7a8df9-2258-477e-9c1f-e3dfed7313df
IA00061026,phase8_restant_officiel,canonise_phase8,site_canonique_phase8,6126ffa2-5e97-416c-99d7-1186381b3b8b,"moulin à farine, usine de chaudronnerie dit moulin d'Aube, puis usine de chaudronnerie du moulin d'Aube",Aube,61008,Paris (route de) 73,,moulin à farine | usine de chaudronnerie,mouture_cereales | fabrication_metaux,agroalimentaire | metallurgie_travail_metaux,moulin | usine,,industrialisation_rail_vapeur,source_non_controlee,0.5462089443527636,48.74048480448767,aucun_rapprochement_requis_a_ce_stade,https://inventaire-patrimoine.normandie.fr/dossier/c7d7cd67-02fb-46fd-8c05-4e32a6cd3143
IA00061028,phase8_restant_officiel,canonise_phase8,site_canonique_phase8,2941a842-f518-470d-8f2f-070e35ea1a4d,moulin à farine,Beaufai,61032,,Moulin de Beaufai,moulin à farine,mouture_cereales,agroalimentaire,moulin,,revolution_premiere_industrialisation | industrialisation_rail_vapeur | modernisation_apres_guerre,source_non_controlee,0.5140630015718455,48.735275248094275,aucun_rapprochement_requis_a_ce_stade,https://inventaire-patrimoine.normandie.fr/dossier/0439fa26-5f51-48aa-a6b7-47d3bb459f21
IA00061030,phase8_restant_officiel,canonise_phase8,site_canonique_phase8,8531585d-6c8d-416f-be04-2d2088882e3e,"moulin à papier, tréfilerie",Rai,61342,,Ferme du Moulin à Papier,moulin à papier | tréfilerie,fabrication_papier | trefilage_metaux,bois_papier_imprimerie | metallurgie_travail_metaux,papeterie | usine,,avant_1789 | industrialisation_rail_vapeur,source_non_controlee,0.5961307319639736,48.752784541821384,aucun_rapprochement_requis_a_ce_stade,https://inventaire-patrimoine.normandie.fr/dossier/1bcc0808-2397-4e51-8d4b-cbbb7b198c4a
IA00061033,phase8_restant_officiel,canonise_phase8,site_canonique_phase8,f5519fa1-f743-4d0c-824e-8f2c123f3b3a,tréfilerie,Saint-Sulpice-sur-Risle,61456,,Fonte (La),tréfilerie,trefilage_metaux,metallurgie_travail_metaux,usine,,avant_1789 | revolution_premiere_industrialisation | industrialisation_rail_vapeur,source_non_controlee,0.6396386937186056,48.767455621208995,aucun_rapprochement_requis_a_ce_stade,https://inventaire-patrimoine.normandie.fr/dossier/8bd63f82-dbc6-4eda-9f88-373fd5362b08
IA00061034,phase8_restant_officiel,canonise_phase8,site_canonique_phase8,84d3db14-c613-4c11-87a8-40c233544173,filature Vente,Saint-Pierre-du-Regard,61447,,Pont-Erembourg,filature,filature_textile,textile_habillement_cuir,filature,,revolution_premiere_industrialisation | industrialisation_rail_vapeur,source_non_controlee,-0.5146486142074254,48.84867294058659,rejete_sites_distincts,https://inventaire-patrimoine.normandie.fr/dossier/ad1952b3-870f-448a-b0a9-14cd81aab402
IA00061036,phase8_restant_officiel,canonise_phase8,site_canonique_phase8,62ad3a0d-7d05-4de0-ae04-78b9c735b8f6,filature,Saint-Pierre-du-Regard,61447,,Verrerie (La),filature,filature_textile,textile_habillement_cuir,filature,,industrialisation_rail_vapeur,source_non_controlee,-0.5198524319661104,48.83706898246044,aucun_rapprochement_requis_a_ce_stade,https://inventaire-patrimoine.normandie.fr/dossier/f7a22518-67a5-4604-a1c1-e7d0e09169bf
IA00061038,phase8_restant_officiel,canonise_phase8,site_canonique_phase8,653ca442-6579-4452-80dc-37715127a4c5,filature,Saint-Pierre-du-Regard,61447,,Champ Ferment (Le),filature,filature_textile,textile_habillement_cuir,filature,,industrialisation_rail_vapeur,source_non_controlee,-0.5119458944739677,48.845205493736024,rejete_sites_distincts,https://inventaire-patrimoine.normandie.fr/dossier/432fcd3d-fd42-4915-a432-30afb0d32d2e
IA00061039,phase8_restant_officiel,canonise_phase8,site_canonique_phase8,c1a0c861-acac-4ee8-b723-9e0bda1815b1,usine d'ouvrages en amiante,Sainte-Honorine-la-Chardonne,61407,,Plafond (Le),usine d'ouvrages en amiante,fabrication_produits_amiante,verre_ceramique_materiaux_construction,usine,,industrialisation_rail_vapeur | guerres_entre_deux_guerres | modernisation_apres_guerre,source_non_controlee,-0.5193373396195903,48.84216143773619,aucun_rapprochement_requis_a_ce_stade,https://inventaire-patrimoine.normandie.fr/dossier/06764c30-6e7a-4bdd-b34b-cfe5726b4b08
IA00061040,phase8_restant_officiel,canonise_phase8,site_canonique_phase8,2531b4fb-10c7-410c-abe6-43a99bad7134,tissage,Athis-de-l'Orne,61007,,Vaux-de-Vère (Les),tissage,tissage,textile_habillement_cuir,tissage,,industrialisation_rail_vapeur | guerres_entre_deux_guerres,source_non_controlee,-0.5243965903945238,48.83106555453205,aucun_rapprochement_requis_a_ce_stade,https://inventaire-patrimoine.normandie.fr/dossier/ca3d8831-fdbd-4714-a8f9-58e855b5d079
IA00061041,phase8_restant_officiel,canonise_phase8,site_canonique_phase8,abf570b9-087f-4c30-ad8f-9368b4be7490,tissage du Parc,Flers,61169,Simons (rue),,tissage,tissage,textile_habillement_cuir,tissage,,industrialisation_rail_vapeur,source_non_controlee,-0.5735222479544884,48.74929141695601,aucun_rapprochement_requis_a_ce_stade,https://inventaire-patrimoine.normandie.fr/dossier/7a9aaa25-6737-4201-9dff-21ba24a9aed8
IA00061042,phase8_restant_officiel,canonise_phase8,site_canonique_phase8,ce6718cc-da2f-4def-ae1c-a3038ac64d29,tissage dit tissage de la Halle,Flers,61169,Belfort (rue de),,tissage,tissage,textile_habillement_cuir,tissage,,industrialisation_rail_vapeur,source_non_controlee,-0.5654868286558152,48.74486810118136,aucun_rapprochement_requis_a_ce_stade,https://inventaire-patrimoine.normandie.fr/dossier/2ad6726e-76ab-4abb-bf14-522e50f74408
IA00061044,phase8_restant_officiel,canonise_phase8,site_canonique_phase8,fec5d50e-6420-4e4c-97b1-b254ad372178,"cidrerie distillerie dite cidrerie François, actuellement S.A. les Distilleries Françaises",La Rouge,61356,,,cidrerie | distillerie,production_cidre | distillation_alimentaire,agroalimentaire,cidrerie | distillerie,,guerres_entre_deux_guerres | modernisation_apres_guerre,source_non_controlee,0.6950104032551438,48.26845706173531,aucun_rapprochement_requis_a_ce_stade,https://inventaire-patrimoine.normandie.fr/dossier/a2e5cca2-577e-430a-a073-4cfae242d678
IA00061045,phase8_restant_officiel,canonise_phase8,site_canonique_phase8,318da249-9daf-4cce-8fae-e8200028f08e,"cidrerie-distillerie dite cidrerie Dourdoigne, puis les cidreries Réunies",Le Theil,61484,Teilleuls (places des) 28,,cidrerie | distillerie,production_cidre | distillation_alimentaire,agroalimentaire,cidrerie | distillerie,,industrialisation_rail_vapeur | guerres_entre_deux_guerres | modernisation_apres_guerre,source_non_controlee,0.688847835905919,48.264484188352164,aucun_rapprochement_requis_a_ce_stade,https://inventaire-patrimoine.normandie.fr/dossier/001595d5-7e81-4a81-ba0f-8dae22918e84
IA00061046,phase8_restant_officiel,canonise_phase8,site_canonique_phase8,38b359a0-9674-4fc5-8d19-3ce30baba395,moulin à farine,Courcerault,61128,,Moulin de la Vove (Le),moulin à farine,mouture_cereales,agroalimentaire,moulin,,industrialisation_rail_vapeur,source_non_controlee,0.661925898331464,48.45105528857278,aucun_rapprochement_requis_a_ce_stade,https://inventaire-patrimoine.normandie.fr/dossier/e3a8cd67-f87a-4692-aa71-8f0423b7d757
IA00061047,phase8_restant_officiel,canonise_phase8,site_canonique_phase8,0e76d35e-5d28-4bc5-b8fe-08c9d4d9c821,moulin à farine,Maison-Maugis,61245,,Moulin de Maison-Maugis (Le),moulin à farine,mouture_cereales,agroalimentaire,moulin,,guerres_entre_deux_guerres | modernisation_apres_guerre,source_non_controlee,0.7035660313503407,48.452372413421045,aucun_rapprochement_requis_a_ce_stade,https://inventaire-patrimoine.normandie.fr/dossier/bf72a86c-2f8e-4392-8c73-f758e7bed162
IA00061049,phase8_restant_officiel,canonise_phase8,site_canonique_phase8,b7b4d37e-d799-47c2-b0d2-01996bc549c5,fonderie,L'Aigle,61214,Desaix (rue) 6,,fonderie,fonderie,metallurgie_travail_metaux,fonderie,,industrialisation_rail_vapeur,source_non_controlee,0.6308198224052208,48.76202615405436,aucun_rapprochement_requis_a_ce_stade,https://inventaire-patrimoine.normandie.fr/dossier/49a1d684-9cc4-4e45-8cb0-b31dfafc7998
IA00061050,phase8_restant_officiel,canonise_phase8,site_canonique_phase8,eee51fbb-a9c1-4e87-ad92-7d843640980e,usine de quincaillerie,L'Aigle,61214,Tanneurs (rue des) 2bis,,usine de quincaillerie,fabrication_quincaillerie,metallurgie_travail_metaux,usine,,industrialisation_rail_vapeur,source_non_controlee,0.6272991788702991,48.766419256791096,aucun_rapprochement_requis_a_ce_stade,https://inventaire-patrimoine.normandie.fr/dossier/39c6c270-e09b-47a0-bd20-623f31aa9091
IA00061051,phase8_restant_officiel,canonise_phase8,site_canonique_phase8,d615bad7-4d73-4578-a35c-ca020742e307,"moulin à papier, tréfilerie",Aube,61008,,Moulin d'Aubette (Le),moulin à papier | tréfilerie,fabrication_papier | trefilage_metaux,bois_papier_imprimerie | metallurgie_travail_metaux,papeterie | usine,,avant_1789 | revolution_premiere_industrialisation | industrialisation_rail_vapeur,source_non_controlee,0.525694697549601,48.72435868766188,aucun_rapprochement_requis_a_ce_stade,https://inventaire-patrimoine.normandie.fr/dossier/08f5efae-132f-4369-918c-63a339cf84c1
IA00061053,phase8_restant_officiel,canonise_phase8,site_canonique_phase8,9300e852-d6d6-4398-bfb5-363747bb600b,"tréfilerie Boisthorel, actuellement usine de transformation des métaux dite Tréfimétaux",Rai,61342,,Usine de Boisthorel,tréfilerie | usine de transformation des métaux,trefilage_metaux | fabrication_metaux,metallurgie_travail_metaux,usine,,avant_1789 | industrialisation_rail_vapeur | guerres_entre_deux_guerres | modernisation_apres_guerre,source_non_controlee,0.5622451125842697,48.746817900678266,aucun_rapprochement_requis_a_ce_stade,https://inventaire-patrimoine.normandie.fr/dossier/a5301085-16d2-414c-9d69-f88ca16e01f8
IA00061055,phase8_restant_officiel,canonise_phase8,site_canonique_phase8,ca2f91ac-a044-424e-9b8f-44a5cc23bc9f,tréfilerie,Saint-Martin-d'Écublei,61423,,Gondrillers (Les),tréfilerie,trefilage_metaux,metallurgie_travail_metaux,usine,,revolution_premiere_industrialisation,source_non_controlee,0.6887114382809219,48.79258324087267,aucun_rapprochement_requis_a_ce_stade,https://inventaire-patrimoine.normandie.fr/dossier/38f266f7-6ce3-4753-a42b-ca89e12456e7
IA00061057,phase8_restant_officiel,canonise_phase8,site_canonique_phase8,9a7a01d8-6f88-44e1-af13-a5bbb55ece49,moulin à farine,Saint-Michel-Tubœuf,61432,,,moulin à farine,mouture_cereales,agroalimentaire,moulin,,industrialisation_rail_vapeur,source_non_controlee,0.7096239133808253,48.74213994015254,aucun_rapprochement_requis_a_ce_stade,https://inventaire-patrimoine.normandie.fr/dossier/01a9306d-d8d6-4f87-9ff6-e3d9c6390a8c
IA00061058,phase8_restant_officiel,canonise_phase8,site_canonique_phase8,c9681d3a-d29c-44c0-9ed2-7f41d6eb82ea,moulin à farine,Chandai,61092,,Moulin de Chandai (Le),moulin à farine,mouture_cereales,agroalimentaire,moulin,,industrialisation_rail_vapeur,source_non_controlee,0.7311999557787924,48.75217965321692,aucun_rapprochement_requis_a_ce_stade,https://inventaire-patrimoine.normandie.fr/dossier/a1b1a05e-fcce-4e70-a351-f8361501e93f
IA00061059,phase8_restant_officiel,canonise_phase8,site_canonique_phase8,3cd6efff-908d-40af-b51b-2fac47cd8763,tréfilerie,Saint-Martin-d'Écublei,61423,,Moulin de la Chaise (Le),tréfilerie,trefilage_metaux,metallurgie_travail_metaux,usine,,revolution_premiere_industrialisation | industrialisation_rail_vapeur | guerres_entre_deux_guerres,source_non_controlee,0.6784847208423793,48.78767920511006,aucun_rapprochement_requis_a_ce_stade,https://inventaire-patrimoine.normandie.fr/dossier/6853675e-202c-4a51-a2b6-2a0bda4a7e37
IA00061061,phase8_restant_officiel,canonise_phase8,site_canonique_phase8,5f6aab50-fc48-4005-b476-a890ac646f2a,moulin à farine,Boissy-Maugis,61050,,Moulin de Méleray (Le),moulin à farine,mouture_cereales,agroalimentaire,moulin,,industrialisation_rail_vapeur,source_non_controlee,0.7110543722831707,48.43980898127524,aucun_rapprochement_requis_a_ce_stade,https://inventaire-patrimoine.normandie.fr/dossier/c86dff7c-53fa-42b1-a982-709d534bbd31
IA00061062,phase8_restant_officiel,canonise_phase8,site_canonique_phase8,2b8269f3-4d0c-4aa9-933e-684da968e5f2,moulin à farine,Bretoncelles,61061,,Courvoisier,moulin à farine,mouture_cereales,agroalimentaire,moulin,,industrialisation_rail_vapeur,source_non_controlee,0.9254088764859216,48.44298570163797,aucun_rapprochement_requis_a_ce_stade,https://inventaire-patrimoine.normandie.fr/dossier/8eee80d5-43fa-407a-9ce7-a1ba9ff7a967
IA00061064,phase8_restant_officiel,canonise_phase8,site_canonique_phase8,ae86408b-6693-4512-9bf8-f18beee42a45,moulin à farine,Bretoncelles,61061,,Moulin-Neuf (Le),moulin à farine,mouture_cereales,agroalimentaire,moulin,,industrialisation_rail_vapeur,source_non_controlee,0.9333742246779113,48.44818235445578,aucun_rapprochement_requis_a_ce_stade,https://inventaire-patrimoine.normandie.fr/dossier/441f8072-ca1f-443b-b721-7f63ef81c8b6
IA00061065,phase8_restant_officiel,canonise_phase8,site_canonique_phase8,4ac9f16d-2d96-4a39-bc60-6650370f99c9,"moulin à farine, minoterie",Bretoncelles,61061,,Haute Planche (La),moulin à farine | minoterie,mouture_cereales | mouture_cereales,agroalimentaire,minoterie | moulin,,revolution_premiere_industrialisation | industrialisation_rail_vapeur | guerres_entre_deux_guerres,source_non_controlee,0.8971301457461647,48.43644920595579,aucun_rapprochement_requis_a_ce_stade,https://inventaire-patrimoine.normandie.fr/dossier/cf1828b5-be16-40ca-85de-a6ea86c811a9
IA00061066,phase8_restant_officiel,canonise_phase8,site_canonique_phase8,93b9c10d-d6c6-4065-9d62-361803cb6b6c,briqueterie,Saint-Fulgent-des-Ormes,61388,,Tertre (Le),briqueterie,fabrication_briques,verre_ceramique_materiaux_construction,briqueterie,,avant_1789 | revolution_premiere_industrialisation,source_non_controlee,0.47034167869801397,48.32323130162303,aucun_rapprochement_requis_a_ce_stade,https://inventaire-patrimoine.normandie.fr/dossier/bb8a38b9-a83d-4ec7-92a7-2a44a8f88c7f
IA00061067,phase8_restant_officiel,canonise_phase8,site_canonique_phase8,72805116-4b4a-4dab-8204-3175bce29eb0,tuilerie,Saint-Jouin-de-Blavou,61411,,Tuilerie de Chanceaux (La),tuilerie,fabrication_tuiles,verre_ceramique_materiaux_construction,tuilerie,,guerres_entre_deux_guerres | modernisation_apres_guerre,source_non_controlee,0.5073059711818075,48.44933902842728,aucun_rapprochement_requis_a_ce_stade,https://inventaire-patrimoine.normandie.fr/dossier/11a51e26-2ee5-4307-acbc-36aca7f66577
IA00061068,phase8_restant_officiel,canonise_phase8,site_canonique_phase8,a8073274-ed87-48eb-8450-b809bb064c51,haut fourneau,La Madeleine-Bouvet,61241,,Moulin Renault (Le),haut fourneau,production_fonte,metallurgie_travail_metaux,haut_fourneau,,avant_1789 | revolution_premiere_industrialisation,source_non_controlee,0.8918782679981431,48.454418008618966,aucun_rapprochement_requis_a_ce_stade,https://inventaire-patrimoine.normandie.fr/dossier/cdaeb9cd-1e2a-4e4e-aee0-3de9cceff0e3
IA00061070,phase8_restant_officiel,canonise_phase8,site_canonique_phase8,ab6d9651-3066-4d76-bb82-570048f4198a,"ferme, briqueterie",Origny-le-Roux,61319,,Basse Cour (La),ferme | briqueterie,fabrication_briques,verre_ceramique_materiaux_construction,briqueterie,,avant_1789 | industrialisation_rail_vapeur,source_non_controlee,0.4182383626953623,48.337850541024636,aucun_rapprochement_requis_a_ce_stade,https://inventaire-patrimoine.normandie.fr/dossier/445524ea-363d-4f95-b711-b25df0d35ad7
IA00061071,phase8_restant_officiel,canonise_phase8,site_canonique_phase8,dbd0976b-5eba-42f1-a0bb-dbfc35b1c81d,usine de quincaillerie dite usine de quincaillerie Mermier Lemarchand Réunis,Tinchebray,61486,Vire (route de),,usine de quincaillerie,fabrication_quincaillerie,metallurgie_travail_metaux,usine,,industrialisation_rail_vapeur | mutations_reconversions,source_non_controlee,-0.7288990870661847,48.767361979838164,aucun_rapprochement_requis_a_ce_stade,https://inventaire-patrimoine.normandie.fr/dossier/f1782e41-84e1-4811-8c7e-bb4f5f5fe9db
IA00061072,phase8_restant_officiel,canonise_phase8,site_canonique_phase8,8b59b207-1baa-4250-af5b-7e6e9f1df69f,usine de boulangerie dite biscuiterie de l'Abbaye,Lonlay-l'Abbaye,61232,,,usine de boulangerie,fabrication_boulangerie,agroalimentaire,usine,,modernisation_apres_guerre | mutations_reconversions,source_non_controlee,-0.7136453287932577,48.642451854962104,aucun_rapprochement_requis_a_ce_stade,https://inventaire-patrimoine.normandie.fr/dossier/b3bd13f8-5ad4-472f-9753-b1620129c8fc
IA00061074,phase8_restant_officiel,canonise_phase8,site_canonique_phase8,0e9c30c5-e4a6-4a89-91cd-61f01a1f592e,"tuilerie, Briqueterie",L'Aigle,61214,,Feugeret (Le),tuilerie | briqueterie,fabrication_tuiles | fabrication_briques,verre_ceramique_materiaux_construction,briqueterie | tuilerie,,revolution_premiere_industrialisation | industrialisation_rail_vapeur,source_non_controlee,0.5958268458910381,48.773704305234546,aucun_rapprochement_requis_a_ce_stade,https://inventaire-patrimoine.normandie.fr/dossier/d4b32cee-3bb8-45da-a23f-051eb6b4d33f
IA00061075,phase8_restant_officiel,canonise_phase8,site_canonique_phase8,9c37286e-3d59-4c9a-87e7-0d7f0bd743e0,usine de chaussures,L'Aigle,61214,Bec Ham (rue de) 5,,usine de chaussures,fabrication_chaussures,textile_habillement_cuir,usine,,industrialisation_rail_vapeur,source_non_controlee,0.6267581422883676,48.76424898523118,aucun_rapprochement_requis_a_ce_stade,https://inventaire-patrimoine.normandie.fr/dossier/6cff45d4-e7e5-4362-888c-08486684a5ce
IA00061077,phase8_restant_officiel,canonise_phase8,site_canonique_phase8,ae3aa777-9d3d-4358-8c29-e5abe97af309,usine de quincaillerie,L'Aigle,61214,,Mérouvel,usine de quincaillerie,fabrication_quincaillerie,metallurgie_travail_metaux,usine,,revolution_premiere_industrialisation | industrialisation_rail_vapeur,source_non_controlee,0.6138211080428172,48.76498994054915,aucun_rapprochement_requis_a_ce_stade,https://inventaire-patrimoine.normandie.fr/dossier/5d5cf67a-a6c8-49cd-b636-8de61c5a1c7c
IA00061078,phase8_restant_officiel,canonise_phase8,site_canonique_phase8,f6ec7aea-7521-4e53-b45c-f79f6fb0e189,"filature, usine de quincaillerie",L'Aigle,61214,Pont du Moulin (rue du) 15,,filature | usine de quincaillerie,filature_textile | fabrication_quincaillerie,metallurgie_travail_metaux | textile_habillement_cuir,filature | usine,,revolution_premiere_industrialisation | industrialisation_rail_vapeur,source_non_controlee,0.6273430254989869,48.76575427658722,rejete_sites_distincts,https://inventaire-patrimoine.normandie.fr/dossier/318e026e-c638-45df-91c2-ca88f1affab0
IA00061079,phase8_restant_officiel,canonise_phase8,site_canonique_phase8,ed78633a-7610-4982-9501-10cf1e650ade,"usine de quincaillerie dite Manufacture Lherminier, puis S.A. des Tréfileries Françaises, puis S.A. des Etablissements Dassonville et Fatus, puis S.A.R.L. des Etablissements Fatus et Cie",L'Aigle,61214,Pont du Moulin (rue du) 16,,usine de quincaillerie,fabrication_quincaillerie,metallurgie_travail_metaux,usine,,revolution_premiere_industrialisation | industrialisation_rail_vapeur | guerres_entre_deux_guerres | modernisation_apres_guerre,source_non_controlee,0.6277131716425265,48.76599557852003,rejete_sites_distincts,https://inventaire-patrimoine.normandie.fr/dossier/e8a863ae-7d94-4ee0-84d0-5c4b8c719e76
IA00061080,phase8_restant_officiel,canonise_phase8,site_canonique_phase8,1dfc9bf4-6925-49e3-8906-8f254b1a136b,"usine de produits alimentaires, laiterie industrielle dite usine de produits alimentaires Deschamps",Échauffour,61150,,Gué Fouché (Le),usine de produits agro-alimentaires | laiterie industrielle,transformation_agroalimentaire | transformation_lait,agroalimentaire,laiterie | usine,,guerres_entre_deux_guerres | modernisation_apres_guerre,source_non_controlee,0.39650372674955314,48.71272715378385,aucun_rapprochement_requis_a_ce_stade,https://inventaire-patrimoine.normandie.fr/dossier/310c49b9-7d4e-4738-a2f5-efbda0a838ac
IA00061082,phase8_restant_officiel,canonise_phase8,site_canonique_phase8,597b936c-f67f-4a7b-a553-5bbbc1840e23,"moulin à farine, moulin à huile",Sainte-Gauburge-Sainte-Colombe,61389,,Pliard,moulin à farine | moulin à huile,mouture_cereales | production_huiles_vegetales,agroalimentaire,moulin,,revolution_premiere_industrialisation,source_non_controlee,0.48128465765182726,48.73061045406867,aucun_rapprochement_requis_a_ce_stade,https://inventaire-patrimoine.normandie.fr/dossier/fdf456a6-e2ed-4c7b-adfe-f735c0e623cb
IA00061083,phase8_restant_officiel,canonise_phase8,site_canonique_phase8,eb0b9029-b833-4e0c-8256-73a7b9c17087,"tannerie, usine de blanchiment",L'Aigle,61214,Jetées (rue des) 15,,tannerie | usine de blanchiment,tannerie_cuir | ennoblissement_textile,textile_habillement_cuir,tannerie | usine,,industrialisation_rail_vapeur,source_non_controlee,0.6282747575667249,48.76681655273761,aucun_rapprochement_requis_a_ce_stade,https://inventaire-patrimoine.normandie.fr/dossier/30ac1fba-4a0d-488a-bafd-22111ddf4349
IA00061084,phase8_restant_officiel,canonise_phase8,site_canonique_phase8,01ebeb26-7c8d-405f-a7a1-25ed714ed730,usine à gaz,L'Aigle,61214,Saint Barthélémy (rue) 46,,usine à gaz,production_gaz,energie,usine_gaz,,industrialisation_rail_vapeur,source_non_controlee,0.6318770744154124,48.76722097056474,aucun_rapprochement_requis_a_ce_stade,https://inventaire-patrimoine.normandie.fr/dossier/00fc960b-2b54-4ca7-a551-14eaa0036322
IA00061085,phase8_restant_officiel,canonise_phase8,site_canonique_phase8,ea72cd6d-da87-4bb1-8177-55dd3531b11c,usine d'ébénisterie,L'Aigle,61214,,Mousse (La),usine d'ébénisterie,travail_bois,bois_papier_imprimerie,usine,,industrialisation_rail_vapeur,source_non_controlee,0.6160932504044726,48.769777280655425,aucun_rapprochement_requis_a_ce_stade,https://inventaire-patrimoine.normandie.fr/dossier/09062914-4bf6-49a2-af2a-f7eb69ebcda1
IA00061086,phase8_restant_officiel,canonise_phase8,site_canonique_phase8,188196b6-ebc1-408a-bb87-6328b3d7ef10,usine à papier,Le Theil,61484,Ceton (route de),,usine à papier,fabrication_papier,bois_papier_imprimerie,papeterie,,industrialisation_rail_vapeur | guerres_entre_deux_guerres | modernisation_apres_guerre,source_non_controlee,0.6889566756494094,48.26200193775046,aucun_rapprochement_requis_a_ce_stade,https://inventaire-patrimoine.normandie.fr/dossier/37006c13-21a6-4ca9-8b80-a76fd0497710
IA00061088,phase8_restant_officiel,canonise_phase8,site_canonique_phase8,32d50c02-8628-4d77-b806-69ec2a221002,"moulin à farine, tréfilerie dite de Brochard",Longny-au-Perche,61230,,Larry (Les),tréfilerie | moulin,trefilage_metaux | mouture_cereales | sciage_bois,agroalimentaire | bois_papier_imprimerie | metallurgie_travail_metaux,moulin | scierie | usine,,avant_1789 | industrialisation_rail_vapeur,source_non_controlee,0.6924159733179654,48.540767985998826,aucun_rapprochement_requis_a_ce_stade,https://inventaire-patrimoine.normandie.fr/dossier/01d90608-aa52-4b05-8422-cd3c2f97f60f
IA00061089,phase8_restant_officiel,canonise_phase8,site_canonique_phase8,74afaa7d-8d08-4318-a740-55c8b180c4d7,usine de flaconnage,L'Hôme-Chamondot,61206,,Cellerie (La),usine de flaconnage,fabrication_verre,verre_ceramique_materiaux_construction,usine,,revolution_premiere_industrialisation | industrialisation_rail_vapeur,source_non_controlee,0.7422068823818951,48.60559941612733,aucun_rapprochement_requis_a_ce_stade,https://inventaire-patrimoine.normandie.fr/dossier/68c03c0f-982a-4ae3-bfe9-857298f34591
IA00061090,phase8_restant_officiel,canonise_phase8,site_canonique_phase8,7734ae75-7b15-4480-8acf-fef77d7e17df,"cidrerie, distillerie, usine de fibre de bois",Le Pin-la-Garenne,61329,,Gare (La),cidrerie | distillerie | usine de fibre de bois,production_cidre | distillation_alimentaire | travail_bois,agroalimentaire | bois_papier_imprimerie,cidrerie | distillerie | usine,,guerres_entre_deux_guerres | modernisation_apres_guerre,source_non_controlee,0.5410112184188118,48.44350782531773,aucun_rapprochement_requis_a_ce_stade,https://inventaire-patrimoine.normandie.fr/dossier/0391153c-cd1e-4907-92a0-9cba93833378
IA00061092,phase8_restant_officiel,canonise_phase8,site_canonique_phase8,2cb6316a-379f-4046-927c-f26476f5a107,usine de flaconnage,Saint-Evroult-Notre-Dame-du-Bois,61386,,,usine de flaconnage,fabrication_verre,verre_ceramique_materiaux_construction,usine,,revolution_premiere_industrialisation | industrialisation_rail_vapeur,source_non_controlee,0.4669244197698801,48.79192886893738,aucun_rapprochement_requis_a_ce_stade,https://inventaire-patrimoine.normandie.fr/dossier/96cd783f-63b4-42a4-959f-112236b29d14
IA00061093,phase8_restant_officiel,canonise_phase8,site_canonique_phase8,017dbce1-a16d-41d6-8b60-c327e2bebb9c,haut fourneau de Gaillon,Irai,61208,,Etangs (Les),haut fourneau,production_fonte,metallurgie_travail_metaux,haut_fourneau,,avant_1789 | revolution_premiere_industrialisation | industrialisation_rail_vapeur,source_non_controlee,0.6633083777956861,48.646488729109954,aucun_rapprochement_requis_a_ce_stade,https://inventaire-patrimoine.normandie.fr/dossier/e42512a0-f7e5-478c-9062-2e67aece815d
IA00061096,phase8_restant_officiel,canonise_phase8,site_canonique_phase8,fdf96df3-c8bc-4d56-9e29-5da505a6ecaa,fenderie,Randonnai,61343,,Conturbie,fenderie,fabrication_metaux,metallurgie_travail_metaux,usine,,avant_1789 | revolution_premiere_industrialisation,source_non_controlee,0.6420653455632671,48.64235361273093,aucun_rapprochement_requis_a_ce_stade,https://inventaire-patrimoine.normandie.fr/dossier/514c50b3-37f6-4b6b-a099-863c0d458669
IA00061097,phase8_restant_officiel,canonise_phase8,site_canonique_phase8,72525cce-f9eb-43bb-8d49-10d251040355,"moulin à farine, filature, usine de quincaillerie dite usine de quincaillerie Mermier Lemarchand Réunis",Frênes,61177,,Monnerie (La),moulin à farine | filature | usine de quincaillerie,mouture_cereales | filature_textile | fabrication_quincaillerie,agroalimentaire | metallurgie_travail_metaux | textile_habillement_cuir,filature | moulin | usine,,revolution_premiere_industrialisation | industrialisation_rail_vapeur | modernisation_apres_guerre,source_non_controlee,-0.6866746825634636,48.78777932593985,aucun_rapprochement_requis_a_ce_stade,https://inventaire-patrimoine.normandie.fr/dossier/1fa9c3b3-0789-42a3-a74a-09e8fd603a86
IA00061098,phase8_restant_officiel,canonise_phase8,site_canonique_phase8,ce60cba9-8247-4468-8dc1-6aafeb7622ea,moulin à farine,Malétable,61247,,Moulin de Sevoux (Le),moulin à farine,mouture_cereales,agroalimentaire,moulin,,revolution_premiere_industrialisation | industrialisation_rail_vapeur,source_non_controlee,0.6934971337440611,48.56362939828877,aucun_rapprochement_requis_a_ce_stade,https://inventaire-patrimoine.normandie.fr/dossier/08d5bc14-2293-422b-b819-1c4cf7285021
IA00061099,phase8_restant_officiel,canonise_phase8,site_canonique_phase8,d4cb3c8f-0e5d-45fb-9285-27155674f755,moulin à farine dit moulin de Longny,Longny-au-Perche,61230,Chartres (rue de) 4,,moulin à farine,mouture_cereales,agroalimentaire,moulin,,avant_1789 | revolution_premiere_industrialisation | industrialisation_rail_vapeur,source_non_controlee,0.7553882797859531,48.53045456756691,aucun_rapprochement_requis_a_ce_stade,https://inventaire-patrimoine.normandie.fr/dossier/61192eb3-696b-4b02-9238-e11f1d03d59c
IA00061100,phase8_restant_officiel,canonise_phase8,site_canonique_phase8,6f3dbe59-47af-4426-be87-a927594e4e3c,moulin à blé,Malétable,61247,,Moulin des Sablons (Le),moulin à blé,mouture_cereales,agroalimentaire,moulin,,revolution_premiere_industrialisation | industrialisation_rail_vapeur | guerres_entre_deux_guerres | modernisation_apres_guerre,source_non_controlee,0.6905217355197396,48.553924360791896,aucun_rapprochement_requis_a_ce_stade,https://inventaire-patrimoine.normandie.fr/dossier/1f7acc4d-e4f4-4894-ac3e-4abc263fcfaf
IA00061102,phase8_restant_officiel,canonise_phase8,site_canonique_phase8,dbace740-356a-4207-9bd8-b95ad86ec058,"haut fourneau, moulin à tan, fenderie, moulin à tan",Longny-au-Perche,61230,,Moulin à Tan (Le),moulin à tan | haut fourneau | fenderie,preparation_tan | production_fonte | fabrication_metaux,metallurgie_travail_metaux | textile_habillement_cuir,haut_fourneau | moulin | usine,,avant_1789 | industrialisation_rail_vapeur,source_non_controlee,0.7626090513315495,48.52730596127478,aucun_rapprochement_requis_a_ce_stade,https://inventaire-patrimoine.normandie.fr/dossier/188b7cce-7ecd-4d81-93c6-4a69aaa67b25
IA00061103,phase8_restant_officiel,canonise_phase8,site_canonique_phase8,4879c1bd-bc4f-47d5-a91d-382a99bde1d2,"fenderie, actuellement maison",Longny-au-Perche,61230,,Fenderie (La),fenderie,fabrication_metaux,metallurgie_travail_metaux,usine,,avant_1789,source_non_controlee,0.7508714914163238,48.524564586568886,aucun_rapprochement_requis_a_ce_stade,https://inventaire-patrimoine.normandie.fr/dossier/162aba19-a5d3-48be-bea7-56518baba495
IA00061104,phase8_restant_officiel,canonise_phase8,site_canonique_phase8,9bc4a8a2-5e5e-4fe9-9be4-736f4e1f8773,usine de flaconnage,Tanville,61480,,Verrerie du Gast (La),usine de flaconnage,fabrication_verre,verre_ceramique_materiaux_construction,usine,,avant_1789 | industrialisation_rail_vapeur,source_non_controlee,0.034392564695537406,48.55922538357565,aucun_rapprochement_requis_a_ce_stade,https://inventaire-patrimoine.normandie.fr/dossier/d52d97a6-bf8e-436b-ab58-9fc4ee6d26a8
IA00061105,phase8_restant_officiel,canonise_phase8,site_canonique_phase8,9382078d-2dc8-4a31-9935-26363a723370,"haut fourneau, moulin à blé",Normandel,61311,,Motte Rouge (La),haut fourneau | moulin à blé,production_fonte | mouture_cereales,agroalimentaire | metallurgie_travail_metaux,haut_fourneau | moulin,,avant_1789 | revolution_premiere_industrialisation | industrialisation_rail_vapeur,source_non_controlee,0.7075409220334788,48.64085109804082,aucun_rapprochement_requis_a_ce_stade,https://inventaire-patrimoine.normandie.fr/dossier/645c0d9a-4047-4e02-b244-364eff07562e
IA00061106,phase8_restant_officiel,canonise_phase8,site_canonique_phase8,b48a1877-edbc-4e07-8c90-b24a63cb96e0,fonderie dite Société des Fonderies et Ateliers de Randonnai,Randonnai,61343,Sainte Anne (route) 18,,fonderie,fonderie,metallurgie_travail_metaux,fonderie,,industrialisation_rail_vapeur | guerres_entre_deux_guerres | modernisation_apres_guerre,source_non_controlee,0.6749366986694487,48.64762512401811,aucun_rapprochement_requis_a_ce_stade,https://inventaire-patrimoine.normandie.fr/dossier/14d103d5-dc09-406e-bb94-78a70012fc4e
IA00061108,phase8_restant_officiel,canonise_phase8,site_canonique_phase8,0bbe4bbc-3645-42cf-abe5-0b4065cb17cd,tréfilerie dite la Fabrique,Chandai,61092,,Château des Masselins,tréfilerie,trefilage_metaux,metallurgie_travail_metaux,usine,,revolution_premiere_industrialisation,source_non_controlee,0.7406927721587973,48.75669657613273,aucun_rapprochement_requis_a_ce_stade,https://inventaire-patrimoine.normandie.fr/dossier/9b532798-3da1-4d20-b4ef-acf78c44dc69
IA00061109,phase8_restant_officiel,canonise_phase8,site_canonique_phase8,2362786c-18e2-4cc3-bb63-81ce150cc61f,moulin à papier,Boissy-Maugis,61050,,Bluteau,moulin à papier,fabrication_papier,bois_papier_imprimerie,papeterie,,revolution_premiere_industrialisation,source_non_controlee,0.6993384667978293,48.463324568698226,aucun_rapprochement_requis_a_ce_stade,https://inventaire-patrimoine.normandie.fr/dossier/f0041e5d-9dc5-4e93-88e5-abef1dd0fb34
IA00061110,phase8_restant_officiel,canonise_phase8,site_canonique_phase8,b4ce6a84-df48-4dd8-8e78-c4ba53362eca,moulin à farine,Condé-sur-Huisne,61116,Moulin Pley (rue du),,moulin à farine,mouture_cereales,agroalimentaire,moulin,,industrialisation_rail_vapeur,source_non_controlee,0.8434453268630354,48.38188202376638,aucun_rapprochement_requis_a_ce_stade,https://inventaire-patrimoine.normandie.fr/dossier/51d60ebb-096a-4d42-a50f-75a129b5bf8b
IA00061111,phase8_restant_officiel,canonise_phase8,site_canonique_phase8,15294e4b-37ee-479a-a47c-18463f4a6cb3,moulin à farine,Dorceau,61147,,Moulin de Dorceau (Le),moulin à farine,mouture_cereales,agroalimentaire,moulin,,avant_1789 | revolution_premiere_industrialisation,source_non_controlee,0.8012849480769255,48.420482714159775,aucun_rapprochement_requis_a_ce_stade,https://inventaire-patrimoine.normandie.fr/dossier/a270caa3-6f07-4ba1-8219-e345c47aae98
IA00061114,phase8_restant_officiel,canonise_phase8,site_canonique_phase8,a922d44a-178e-4eee-a9f4-738e33f98216,"tréfilerie, usine de quincaillerie",Saint-Sulpice-sur-Risle,61456,,Bouviers,tréfilerie | usine de quincaillerie,trefilage_metaux | fabrication_quincaillerie,metallurgie_travail_metaux,usine,,revolution_premiere_industrialisation | industrialisation_rail_vapeur | guerres_entre_deux_guerres,source_non_controlee,0.6657982552290692,48.78362596815629,aucun_rapprochement_requis_a_ce_stade,https://inventaire-patrimoine.normandie.fr/dossier/ceba62ec-2803-45a0-bc4b-3e2b0ed55d43
IA00061115,phase8_restant_officiel,canonise_phase8,site_canonique_phase8,8c9e1052-98ba-40dc-8669-58721805a1dd,moulin à papier,Saint-Maurice-sur-Huisne,61430,,Yversay,moulin à papier,fabrication_papier,bois_papier_imprimerie,papeterie,,revolution_premiere_industrialisation | industrialisation_rail_vapeur,source_non_controlee,0.7039490559189281,48.43804265751403,aucun_rapprochement_requis_a_ce_stade,https://inventaire-patrimoine.normandie.fr/dossier/9fba22e8-2d3b-4ba4-915c-8836bc5ff9a7
IA00061116,phase8_restant_officiel,canonise_phase8,site_canonique_phase8,45fa0783-a316-47c5-9a1c-44a241b7db03,"distillerie, cidrerie",Anceins,61003,,Guitot,distillerie | cidrerie,distillation_alimentaire | production_cidre,agroalimentaire,cidrerie | distillerie,,industrialisation_rail_vapeur | guerres_entre_deux_guerres,source_non_controlee,0.4888018369267629,48.86026265814777,aucun_rapprochement_requis_a_ce_stade,https://inventaire-patrimoine.normandie.fr/dossier/9873f4af-3d58-43d2-9fdc-c9f6cee314f9
IA00061118,phase8_restant_officiel,canonise_phase8,site_canonique_phase8,50a879ee-0b6e-4f71-a33f-d55be8bead71,"moulin à farine dit moulin d'Orion, actuellement minoterie Dubois Rioux",Argentan,61006,Charlotte Corday (rue) 13,,moulin à farine,mouture_cereales,agroalimentaire,moulin,,modernisation_apres_guerre,source_non_controlee,-0.02134356759580766,48.740973810318266,aucun_rapprochement_requis_a_ce_stade,https://inventaire-patrimoine.normandie.fr/dossier/c85d0cda-0fbf-4f36-9244-abd54538de04
IA00061120,phase8_restant_officiel,canonise_phase8,site_canonique_phase8,5c082e7f-3d68-4101-9c88-e4aeec8a3b83,filature,Athis-de-l'Orne,61007,,Planche (La),filature,filature_textile,textile_habillement_cuir,filature,,revolution_premiere_industrialisation | industrialisation_rail_vapeur,source_non_controlee,-0.5340995335052601,48.82153351246531,aucun_rapprochement_requis_a_ce_stade,https://inventaire-patrimoine.normandie.fr/dossier/74a59e69-e811-42ad-8e4c-9e396ccd6a7e
IA00061122,phase8_restant_officiel,canonise_phase8,site_canonique_phase8,75857151-216e-41d2-9a2e-cb6bb0c2504f,filature,Athis-de-l'Orne,61007,,Buat (Le),filature,filature_textile,textile_habillement_cuir,filature,,revolution_premiere_industrialisation | industrialisation_rail_vapeur,source_non_controlee,-0.5402628174310864,48.810511970612225,aucun_rapprochement_requis_a_ce_stade,https://inventaire-patrimoine.normandie.fr/dossier/70f47dbf-54da-4754-981f-3b0e6c781ffd
IA00061123,phase8_restant_officiel,canonise_phase8,site_canonique_phase8,ff094347-a8df-435c-9489-7394d5a2b7ac,centrale électrique,Aube,61008,,,centrale électrique,production_electricite,energie,centrale_electrique,,industrialisation_rail_vapeur | guerres_entre_deux_guerres | modernisation_apres_guerre | mutations_reconversions,source_non_controlee,0.5541974236572859,48.742178514555164,aucun_rapprochement_requis_a_ce_stade,https://inventaire-patrimoine.normandie.fr/dossier/2120a034-92f2-46cb-b640-aeeb5a0e66e0
IA00061124,phase8_restant_officiel,canonise_phase8,site_canonique_phase8,f2130409-afdc-4a84-945e-29c2c480bf90,moulin à farine,Aunou-le-Faucon,61014,,Moulin (Le),moulin à farine,mouture_cereales,agroalimentaire,moulin,,revolution_premiere_industrialisation | industrialisation_rail_vapeur,source_non_controlee,0.04617697915116817,48.72205311968538,aucun_rapprochement_requis_a_ce_stade,https://inventaire-patrimoine.normandie.fr/dossier/de7d210f-4c99-459a-b60a-0854fe0017e0
IA00061125,phase8_restant_officiel,canonise_phase8,site_canonique_phase8,1aa3962f-5ea3-4b0b-84c5-20108aea6536,moulin à foulon dit Moulin à toile,L'Aigle,61214,,,moulin à foulon,foulage_textile,textile_habillement_cuir,moulin,,avant_1789 | revolution_premiere_industrialisation,source_non_controlee,0.6306459110390241,48.76765544531436,aucun_rapprochement_requis_a_ce_stade,https://inventaire-patrimoine.normandie.fr/dossier/746e2966-9900-4d07-84b9-8f2eb6d28dae
IA00061126,phase8_restant_officiel,canonise_phase8,site_canonique_phase8,d643dfab-9d03-471c-ad08-d8353c220984,usine de quincaillerie,Anceins,61003,,Sifflet (Le),usine de quincaillerie,fabrication_quincaillerie,metallurgie_travail_metaux,usine,,revolution_premiere_industrialisation | industrialisation_rail_vapeur,source_non_controlee,0.5068062266121127,48.869294944600384,aucun_rapprochement_requis_a_ce_stade,https://inventaire-patrimoine.normandie.fr/dossier/6434f7ad-c920-49ae-93a1-b6894f1adaf7
IA00061128,phase8_restant_officiel,canonise_phase8,site_canonique_phase8,3998e662-b65d-4b42-a358-2fefe882f739,usine d'appareils de levage et de manutention dite usine M.I.C.,Argentan,61006,,,usine d'appareils de levage et de manutention,construction_mecanique,mecanique_electrique,usine,,modernisation_apres_guerre,source_non_controlee,-0.01559552417918901,48.726042957791165,aucun_rapprochement_requis_a_ce_stade,https://inventaire-patrimoine.normandie.fr/dossier/0a2906f5-3e51-4560-a7c3-1eaa67a50671
IA00061129,phase8_restant_officiel,canonise_phase8,site_canonique_phase8,e5ebab1d-8294-433a-a817-fc3a89deab3e,"fenderie, tréfilerie",Aube,61008,,Fenderie (La),fenderie | tréfilerie,fabrication_metaux | trefilage_metaux,metallurgie_travail_metaux,usine,,industrialisation_rail_vapeur,source_non_controlee,0.527259861087714,48.738986882834574,aucun_rapprochement_requis_a_ce_stade,https://inventaire-patrimoine.normandie.fr/dossier/9bb902e6-a884-4942-af81-8beac2cfad03
IA00061130,phase8_restant_officiel,canonise_phase8,site_canonique_phase8,ecb22379-17a1-4392-9101-2c34cfc7fb3e,usine de chaux,Bazoches-au-Houlme,61028,,Champs Bougon (Les),usine de chaux,fabrication_chaux_ciment,verre_ceramique_materiaux_construction,usine,,revolution_premiere_industrialisation | industrialisation_rail_vapeur,source_non_controlee,-0.24252240153100024,48.81259869072602,aucun_rapprochement_requis_a_ce_stade,https://inventaire-patrimoine.normandie.fr/dossier/7cfecbf8-9454-4e10-baae-dd862e9ebfd3
IA00061131,phase8_restant_officiel,canonise_phase8,site_canonique_phase8,56cbbc04-d30b-4923-96a0-265f7dd0073b,moulin à farine,Bazoches-sur-Hoëne,61029,,Moulin de Crémel (Le),moulin à farine,mouture_cereales,agroalimentaire,moulin,,revolution_premiere_industrialisation,source_non_controlee,0.47189183990076655,48.55737889097087,aucun_rapprochement_requis_a_ce_stade,https://inventaire-patrimoine.normandie.fr/dossier/590907c8-296c-46c3-a66e-d3591affff46
IA00061132,phase8_restant_officiel,canonise_phase8,site_canonique_phase8,342bf146-eeeb-46ae-b13b-e297352b1460,filature,Athis-de-l'Orne,61007,,Planquivon,filature,filature_textile,textile_habillement_cuir,filature,,revolution_premiere_industrialisation | industrialisation_rail_vapeur,source_non_controlee,-0.5399726119266076,48.81627323208482,aucun_rapprochement_requis_a_ce_stade,https://inventaire-patrimoine.normandie.fr/dossier/cde6a40a-13ed-45ff-a6e7-c040a38738bf
IA00061136,phase8_restant_officiel,canonise_phase8,site_canonique_phase8,444016a0-34b9-4b6f-aa2e-773d48751257,"moulin à farine, minoterie",La Madeleine-Bouvet,61241,,Moulin de la Bonnechère,moulin à farine | minoterie,mouture_cereales | mouture_cereales,agroalimentaire,minoterie | moulin,,industrialisation_rail_vapeur | modernisation_apres_guerre,source_non_controlee,0.8823324234751956,48.46903411153528,aucun_rapprochement_requis_a_ce_stade,https://inventaire-patrimoine.normandie.fr/dossier/cd6eba3c-0e0f-4238-a6e4-dbb919f73979
IA00061137,phase8_restant_officiel,canonise_phase8,site_canonique_phase8,2d75dc96-acca-4a75-a672-5d8e722c429a,tuilerie de la Boulaie Blanche,Moutiers-au-Perche,61300,,Déhaserie (La),tuilerie,fabrication_tuiles,verre_ceramique_materiaux_construction,tuilerie,,industrialisation_rail_vapeur,source_non_controlee,0.8391246421199199,48.4502023385139,aucun_rapprochement_requis_a_ce_stade,https://inventaire-patrimoine.normandie.fr/dossier/227665af-a88f-41a6-b714-55a3aa8f2d29
IA00061138,phase8_restant_officiel,canonise_phase8,site_canonique_phase8,31435f32-c5e1-4e87-9162-c08e37be9853,moulin à farine,Rai,61342,,Moulin de Rai (Le),moulin à farine,mouture_cereales,agroalimentaire,moulin,,revolution_premiere_industrialisation,source_non_controlee,0.5776829190962741,48.7476965361192,aucun_rapprochement_requis_a_ce_stade,https://inventaire-patrimoine.normandie.fr/dossier/62b99cac-2c40-42ff-b0b9-fa4840ea2a07
IA00061139,phase8_restant_officiel,canonise_phase8,site_canonique_phase8,c15f9716-15b4-40fc-96c9-d226bab4a4da,"usine de fabrication des métaux, moulin à papier",Saint-Victor-de-Réno,61458,,Forge (La),usine de fabrication des métaux | moulin à papier,fabrication_metaux | fabrication_papier,bois_papier_imprimerie | metallurgie_travail_metaux,papeterie | usine,,avant_1789 | industrialisation_rail_vapeur,source_non_controlee,0.7009515888194904,48.51610367111526,aucun_rapprochement_requis_a_ce_stade,https://inventaire-patrimoine.normandie.fr/dossier/428a9bbb-bd36-43c4-b258-8747403c24dd
IA00061140,phase8_restant_officiel,canonise_phase8,site_canonique_phase8,82329a79-da1e-40ca-92ea-a6994c6e5315,moulin à farine,La Mesnière,61277,,Moulin de Longpont (Le),moulin à farine,mouture_cereales,agroalimentaire,moulin,,industrialisation_rail_vapeur,source_non_controlee,0.43376244723596485,48.54583375116964,aucun_rapprochement_requis_a_ce_stade,https://inventaire-patrimoine.normandie.fr/dossier/d2ab2e83-4178-427a-a414-61b279bf280a
IA00061142,phase8_restant_officiel,canonise_phase8,site_canonique_phase8,a77a89ae-75fd-4a96-8b82-8c401f48603f,"moulin à farine, puis usine génératrice d'électricité",Mauves-sur-Huisne,61255,,Moulin de Mauves (le),moulin à farine,mouture_cereales,agroalimentaire,moulin,,industrialisation_rail_vapeur | guerres_entre_deux_guerres,source_non_controlee,0.6220677733154655,48.441190876511634,aucun_rapprochement_requis_a_ce_stade,https://inventaire-patrimoine.normandie.fr/dossier/cdbc105c-77cd-4bd9-81ba-b19cd6ce58ef
IA00061143,phase8_restant_officiel,canonise_phase8,site_canonique_phase8,c5f7957f-fc85-400a-8893-4312779450f9,"usine de Matériel Electroacoustique dite usine de Matériel Electroacoustique A.C.E.M., puis A.R.E.A.C.E.M.",Tourouvre,61491,,Verrerie de BelleVue (La),usine de matériel électroacoustique,fabrication_materiel_electrique,mecanique_electrique,usine,,guerres_entre_deux_guerres | modernisation_apres_guerre,source_non_controlee,0.6606603071402218,48.60215286355802,aucun_rapprochement_requis_a_ce_stade,https://inventaire-patrimoine.normandie.fr/dossier/419b5693-77d0-430a-a575-eaa983f332ca
IA00061144,phase8_restant_officiel,canonise_phase8,site_canonique_phase8,1c4f103a-7001-43d0-a693-db8e1bce1f97,usine de petite métallurgie dite usine Eurofac,Rai,61342,,Corru,usine de petite métallurgie,fabrication_metaux,metallurgie_travail_metaux,usine,,industrialisation_rail_vapeur | guerres_entre_deux_guerres | modernisation_apres_guerre,source_non_controlee,0.5516896377982423,48.74459266841982,aucun_rapprochement_requis_a_ce_stade,https://inventaire-patrimoine.normandie.fr/dossier/988ca903-7120-4ac3-af95-b9efd3b0572c
IA00061145,phase8_restant_officiel,canonise_phase8,site_canonique_phase8,79e0c86c-49e0-45b3-8966-eb9377905a8f,usine de matériel d'équipement industriel dite usine de Rai Tillières,Rai,61342,,,usine de matériel d'équipement industriel,construction_mecanique,mecanique_electrique,usine,,industrialisation_rail_vapeur | guerres_entre_deux_guerres | modernisation_apres_guerre,source_non_controlee,0.5632485697756711,48.74793364607918,aucun_rapprochement_requis_a_ce_stade,https://inventaire-patrimoine.normandie.fr/dossier/d634cdd8-9193-480e-9c5b-fa0728b42439
IA00061148,phase8_restant_officiel,canonise_phase8,site_canonique_phase8,755069c7-76d2-4736-8f8d-fab4e8206122,usine de bougies,Saint-Hilaire-le-Châtel,61404,,Chêne (Le),usine de bougies,fabrication_bougies,chimie_caoutchouc_plastiques,usine,,industrialisation_rail_vapeur | guerres_entre_deux_guerres | modernisation_apres_guerre,source_non_controlee,0.5208232870339701,48.53385705940744,aucun_rapprochement_requis_a_ce_stade,https://inventaire-patrimoine.normandie.fr/dossier/2e8b7302-9ed3-4cf1-9454-b8c21a8ef41d
IA00061149,phase8_restant_officiel,canonise_phase8,site_canonique_phase8,5bd0effd-934c-488b-ae7b-32b46c86edf5,"imprimerie, actuellement ateliers dits ateliers Buguet",La Chapelle-Montligeon,61097,,Bourg (le),imprimerie,imprimerie,bois_papier_imprimerie,imprimerie,,industrialisation_rail_vapeur | guerres_entre_deux_guerres | modernisation_apres_guerre,source_non_controlee,0.6566292552219742,48.48212720818157,aucun_rapprochement_requis_a_ce_stade,https://inventaire-patrimoine.normandie.fr/dossier/faff3673-fa29-418e-ba33-6bb918525ef0
IA00061150,phase8_restant_officiel,canonise_phase8,site_canonique_phase8,72b754b5-fb09-4d0a-92de-4f070d52e63c,moulin à farine,Crulai,61140,,Bouvet,moulin à farine,mouture_cereales,agroalimentaire,moulin,,revolution_premiere_industrialisation | industrialisation_rail_vapeur,source_non_controlee,0.651459066762368,48.70775212669525,aucun_rapprochement_requis_a_ce_stade,https://inventaire-patrimoine.normandie.fr/dossier/30c4bf91-0bbf-4ae7-bc37-0b30ee05d616
IA00061151,phase8_restant_officiel,canonise_phase8,site_canonique_phase8,dce7af0a-b9e3-4d97-b0d6-06ba12c5eec3,"moulin à farine, puis ferme",Mauves-sur-Huisne,61255,,Moulin d'Echoppey (le),moulin à farine,mouture_cereales,agroalimentaire,moulin,,avant_1789 | revolution_premiere_industrialisation | industrialisation_rail_vapeur,source_non_controlee,0.5873602549141638,48.44877061175828,aucun_rapprochement_requis_a_ce_stade,https://inventaire-patrimoine.normandie.fr/dossier/0e922ced-3d12-4529-bced-f9255f58383a
IA00061152,phase8_restant_officiel,canonise_phase8,site_canonique_phase8,e7a9ba18-0e8b-4e25-b19b-0ac0e71002a7,moulin à farine,Perche en Nocé,,,Blanchard (Le) ; Nocé,moulin à farine,mouture_cereales,agroalimentaire,moulin,,industrialisation_rail_vapeur | revolution_premiere_industrialisation,source_non_controlee,0.6828338765743553,48.36876957078865,aucun_rapprochement_requis_a_ce_stade,https://inventaire-patrimoine.normandie.fr/dossier/ea09c374-7b6e-4e36-b5e3-c82c25b2a867
IA00061156,phase8_restant_officiel,canonise_phase8,site_canonique_phase8,04739b06-944c-4a36-bc37-f92049453258,moulin à blé,Vitrai-sous-Laigle,61510,,Moulin de Rolin (Le),moulin à blé,mouture_cereales,agroalimentaire,moulin,,revolution_premiere_industrialisation,source_non_controlee,0.6800665871731687,48.721494366386935,aucun_rapprochement_requis_a_ce_stade,https://inventaire-patrimoine.normandie.fr/dossier/20378565-df8d-4dc8-a216-dbe4574ca9b3
IA00061157,phase8_restant_officiel,canonise_phase8,site_canonique_phase8,90a12217-bd2b-4320-bbc5-742a24b97c95,tannerie dite tannerie de la Chippe,Mortagne-au-Perche,61293,,Chippe (La),tannerie,tannerie_cuir,textile_habillement_cuir,tannerie,,industrialisation_rail_vapeur,source_non_controlee,0.5494144114057101,48.5263769558834,aucun_rapprochement_requis_a_ce_stade,https://inventaire-patrimoine.normandie.fr/dossier/8643ea37-b366-45b1-89eb-6ccdecdc9cf0
IA00061158,phase8_restant_officiel,canonise_phase8,site_canonique_phase8,d3b03277-ed43-4b02-83e5-34d59727d1b1,"affinerie, tréfilerie, usine de produits chimiques",Randonnai,61343,Forge (rue de la),,affinerie | tréfilerie | usine de produits chimiques,affinage_metaux | trefilage_metaux | fabrication_produits_chimiques,chimie_caoutchouc_plastiques | metallurgie_travail_metaux,affinerie | usine,,avant_1789 | industrialisation_rail_vapeur,source_non_controlee,0.6769023988118971,48.653206679120935,aucun_rapprochement_requis_a_ce_stade,https://inventaire-patrimoine.normandie.fr/dossier/06407b40-043b-45d5-a00a-8d0ee9938662
IA00061159,phase8_restant_officiel,canonise_phase8,site_canonique_phase8,7606b628-676b-4b92-b1f6-d9889ada3994,usine à gaz,Saint-Langis-lès-Mortagne,61414,,Gare (La),usine à gaz,production_gaz,energie,usine_gaz,,industrialisation_rail_vapeur,source_non_controlee,0.548728535414287,48.51148561513233,rejete_sites_distincts,https://inventaire-patrimoine.normandie.fr/dossier/ccb41139-674c-4e39-b6b2-3c048c619319
IA00061160,phase8_restant_officiel,canonise_phase8,site_canonique_phase8,48ce59ce-bc18-44b6-b31e-c966cf05a6f9,tréfilerie actuellement pisciculture,Tourouvre,61491,,Forge (La),tréfilerie,trefilage_metaux,metallurgie_travail_metaux,usine,,revolution_premiere_industrialisation | industrialisation_rail_vapeur,source_non_controlee,0.6809872176583203,48.574248287096765,aucun_rapprochement_requis_a_ce_stade,https://inventaire-patrimoine.normandie.fr/dossier/1f8d4f23-4169-4a91-b16c-ae2d24f6ccb2
IA00061162,phase8_restant_officiel,canonise_phase8,site_canonique_phase8,ea590b52-0533-49b4-acd0-247c4946143c,"moulin à farine, minoterie",Le Châtellier,61102,,Moulin Rougé,moulin à farine | minoterie,mouture_cereales | mouture_cereales,agroalimentaire,minoterie | moulin,,industrialisation_rail_vapeur,source_non_controlee,-0.5970835813557988,48.66486678822503,aucun_rapprochement_requis_a_ce_stade,https://inventaire-patrimoine.normandie.fr/dossier/6114675f-173d-430a-9b97-1570bc0b9eaf
IA00061163,phase8_restant_officiel,canonise_phase8,site_canonique_phase8,4091c11d-ec3e-4ade-b8da-912018f92fa2,tuilerie,La Coulonche,61124,,Val de Vée (Le),tuilerie,fabrication_tuiles,verre_ceramique_materiaux_construction,tuilerie,,avant_1789 | revolution_premiere_industrialisation,source_non_controlee,-0.4658581707510024,48.63734367295359,aucun_rapprochement_requis_a_ce_stade,https://inventaire-patrimoine.normandie.fr/dossier/c4644856-fe7e-4b15-bb98-ef5fe1b27555
IA00061164,phase8_restant_officiel,canonise_phase8,site_canonique_phase8,f27dfdaf-98dd-4ea6-aa98-e7ada49e21b1,"usine de chaux dite Société des Produits Chimiques d'Ecouché, puis Société des Chaux et Engrais d'Ecouché",Écouché,61153,,,usine de chaux,fabrication_chaux_ciment,verre_ceramique_materiaux_construction,usine,,revolution_premiere_industrialisation | industrialisation_rail_vapeur | guerres_entre_deux_guerres | modernisation_apres_guerre | mutations_reconversions,source_non_controlee,-0.12325271145498833,48.70807851513454,aucun_rapprochement_requis_a_ce_stade,https://inventaire-patrimoine.normandie.fr/dossier/2a4d542a-1357-46f7-ae07-c36b9c0199d1
IA00061165,phase8_restant_officiel,canonise_phase8,site_canonique_phase8,73df6396-8954-4f34-b31e-ee813226fd1f,usine de chaux,Écouché,61153,,Bellevue,usine de chaux,fabrication_chaux_ciment,verre_ceramique_materiaux_construction,usine,,industrialisation_rail_vapeur,source_non_controlee,-0.11915148508091114,48.707726790273796,aucun_rapprochement_requis_a_ce_stade,https://inventaire-patrimoine.normandie.fr/dossier/15e416ab-2849-4912-a7cd-68f31987dcef
IA00061167,phase8_restant_officiel,canonise_phase8,site_canonique_phase8,db79c984-d56c-4e8f-bee4-c013f8ea403d,moulin à farine,Médavy,61256,,Moulin (Le),moulin à farine,mouture_cereales,agroalimentaire,moulin,,revolution_premiere_industrialisation,source_non_controlee,0.09523022679873941,48.68022620942518,aucun_rapprochement_requis_a_ce_stade,https://inventaire-patrimoine.normandie.fr/dossier/92bb7459-a62c-4108-934c-15456fbc3a02
IA00061169,phase8_restant_officiel,canonise_phase8,site_canonique_phase8,b82b57b4-4c81-4224-a6a5-4b1e03c4d2c0,scierie Marcel et Cie,Orgères,61317,,,scierie,sciage_bois,bois_papier_imprimerie,scierie,,guerres_entre_deux_guerres | modernisation_apres_guerre,source_non_controlee,0.3427968808833038,48.76388237791098,aucun_rapprochement_requis_a_ce_stade,https://inventaire-patrimoine.normandie.fr/dossier/68cb8763-2218-4131-846a-292bbcdf73f3
IA00061170,phase8_restant_officiel,canonise_phase8,site_canonique_phase8,bed2f7c1-d701-434e-a5b8-874eb177e833,moulin à farine,Orville,61320,,Moulin du Fourneau,moulin à farine,mouture_cereales,agroalimentaire,moulin,,avant_1789 | revolution_premiere_industrialisation | industrialisation_rail_vapeur,source_non_controlee,0.2759052148368808,48.886423663695346,aucun_rapprochement_requis_a_ce_stade,https://inventaire-patrimoine.normandie.fr/dossier/a38b6d1d-ff7b-493d-ba19-80480d3eec81
IA00061171,phase8_restant_officiel,canonise_phase8,site_canonique_phase8,42d37999-2512-40c9-91eb-a4992a82fd3c,"haut fourneau, fonderie",Pontchardon,61333,,Saint-Georges,haut fourneau | fonderie,production_fonte | fonderie,metallurgie_travail_metaux,fonderie | haut_fourneau,,revolution_premiere_industrialisation | industrialisation_rail_vapeur | guerres_entre_deux_guerres | modernisation_apres_guerre,source_non_controlee,0.26852029300354513,48.92990548448509,aucun_rapprochement_requis_a_ce_stade,https://inventaire-patrimoine.normandie.fr/dossier/1747b4e8-27f6-4bc5-82dd-5ec1157afffb
IA00061172,phase8_restant_officiel,canonise_phase8,site_canonique_phase8,4f70d230-f68a-408b-a00f-b417bbf09b10,"usine de fabrication des métaux, moulin",Putanges-Pont-Écrepin,61339,Forge (rue de la),,usine de fabrication des métaux | moulin,fabrication_metaux | mouture_cereales | foulage_textile | preparation_tan | production_hydroelectricite,agroalimentaire | energie | metallurgie_travail_metaux | textile_habillement_cuir,centrale_hydroelectrique | moulin | usine,,avant_1789 | revolution_premiere_industrialisation | industrialisation_rail_vapeur | guerres_entre_deux_guerres,source_non_controlee,-0.24976907272976795,48.76488356730599,aucun_rapprochement_requis_a_ce_stade,https://inventaire-patrimoine.normandie.fr/dossier/350abca5-e658-4a75-a79c-4153a3f4cbe5
IA00061173,phase8_restant_officiel,canonise_phase8,site_canonique_phase8,45a59f49-b18f-475c-92e2-297f4d6870fe,usine d'extraction,Nécy,61303,,,usine d'extraction,extraction_miniere,extraction,usine_extraction,,industrialisation_rail_vapeur | guerres_entre_deux_guerres,source_non_controlee,-0.10624557532075281,48.83260855629175,aucun_rapprochement_requis_a_ce_stade,https://inventaire-patrimoine.normandie.fr/dossier/b139a65a-22c9-4a7d-8ec1-90be68a38647
IA00061175,phase8_restant_officiel,canonise_phase8,site_canonique_phase8,227851bc-db50-4de2-8eab-84b626a6f45f,tannerie,Le Merlerault,61275,Sées (rue de) 39,,tannerie,tannerie_cuir,textile_habillement_cuir,tannerie,,industrialisation_rail_vapeur,source_non_controlee,0.281934957251901,48.69855262423954,aucun_rapprochement_requis_a_ce_stade,https://inventaire-patrimoine.normandie.fr/dossier/9d8fc8db-1efa-43da-b0c8-3111b1b85952
IA00061176,phase8_restant_officiel,canonise_phase8,site_canonique_phase8,dffbc956-a95b-47b7-a166-cea89e0798fa,"fromagerie industrielle, haras",Courménil,61131,,Houlettes (Les),fromagerie industrielle | haras,transformation_lait,agroalimentaire,fromagerie,,industrialisation_rail_vapeur,source_non_controlee,0.21398281086406618,48.756428175174506,aucun_rapprochement_requis_a_ce_stade,https://inventaire-patrimoine.normandie.fr/dossier/5c0c719e-4f21-4b12-86a4-be055639fbd5
IA00061177,phase8_restant_officiel,canonise_phase8,site_canonique_phase8,defc6204-dbba-4319-a271-436a304949c0,fromagerie industrielle,Chambois,61083,,,fromagerie industrielle,transformation_lait,agroalimentaire,fromagerie,,industrialisation_rail_vapeur | guerres_entre_deux_guerres | modernisation_apres_guerre,source_non_controlee,0.11305065594915051,48.804707915160044,aucun_rapprochement_requis_a_ce_stade,https://inventaire-patrimoine.normandie.fr/dossier/ba59eddf-ff3a-4f01-8043-7471ffd85054
IA00061178,phase8_restant_officiel,canonise_phase8,site_canonique_phase8,71dc6960-8d34-42ec-917f-ba0cdad78e83,moulin à farine,Le Château-d'Almenêches,61101,,Planches (Les),moulin à farine,mouture_cereales,agroalimentaire,moulin,,revolution_premiere_industrialisation | industrialisation_rail_vapeur | guerres_entre_deux_guerres | modernisation_apres_guerre,source_non_controlee,0.11702814383253562,48.686452810876666,aucun_rapprochement_requis_a_ce_stade,https://inventaire-patrimoine.normandie.fr/dossier/73e981b5-cb79-4e06-9308-304f5e06a260
IA00061180,phase8_restant_officiel,canonise_phase8,site_canonique_phase8,141309d1-6959-4698-ac2f-3078694f3d71,usine de confection,Flers,61169,Charles Mousset (rue) 47,,usine de confection,confection_habillement,textile_habillement_cuir,usine,,industrialisation_rail_vapeur | guerres_entre_deux_guerres,source_non_controlee,-0.5639705239293249,48.752566152777405,aucun_rapprochement_requis_a_ce_stade,https://inventaire-patrimoine.normandie.fr/dossier/61fb0335-994b-405b-b856-3656ce4464c5
IA00061181,phase8_restant_officiel,canonise_phase8,site_canonique_phase8,d6f2b6b0-c018-4336-a8c0-3f29c4be718f,usine d'articles en caoutchouc,Flers,61169,"Abbé Jean-Baptiste Lecornu (rue) 86, 88",,usine d'articles en caoutchouc,fabrication_caoutchouc,chimie_caoutchouc_plastiques,usine,,industrialisation_rail_vapeur | guerres_entre_deux_guerres | modernisation_apres_guerre,source_non_controlee,-0.5616725346171918,48.749618687669646,aucun_rapprochement_requis_a_ce_stade,https://inventaire-patrimoine.normandie.fr/dossier/b29aae84-af18-4631-9cf4-93b723417003
IA00061182,phase8_restant_officiel,canonise_phase8,site_canonique_phase8,3d806bca-7cd4-4d43-b1f2-a529f7a1f16a,usine de serrurerie,Flers,61169,Henri Veniard (rue) 34,,usine de serrurerie,fabrication_quincaillerie,metallurgie_travail_metaux,usine,,industrialisation_rail_vapeur,source_non_controlee,-0.5661887220704553,48.75175261720295,aucun_rapprochement_requis_a_ce_stade,https://inventaire-patrimoine.normandie.fr/dossier/4259792c-93a9-4c04-84d8-f247dde73c2f
IA00061183,phase8_restant_officiel,canonise_phase8,site_canonique_phase8,4d37018d-8807-40df-ae88-681c2bf85b2e,fonderie Fauvel,Flers,61169,Fonderie (rue de la),,fonderie,fonderie,metallurgie_travail_metaux,fonderie,,industrialisation_rail_vapeur | guerres_entre_deux_guerres,source_non_controlee,-0.5751332429534999,48.74220256735827,aucun_rapprochement_requis_a_ce_stade,https://inventaire-patrimoine.normandie.fr/dossier/a309be3b-bd36-4e58-9477-3d40c013effb
IA00061184,phase8_restant_officiel,canonise_phase8,site_canonique_phase8,728f3955-47bf-40d4-89bf-1b26eeda0ffa,fonderie des Rochettes,Flers,61169,Champ de Foire (rue du) 69,,fonderie,fonderie,metallurgie_travail_metaux,fonderie,,industrialisation_rail_vapeur | guerres_entre_deux_guerres | modernisation_apres_guerre,source_non_controlee,-0.5563519671470784,48.748660981066486,aucun_rapprochement_requis_a_ce_stade,https://inventaire-patrimoine.normandie.fr/dossier/a6ab735f-2409-4c1b-87d6-6e2e2125973e
IA00061186,phase8_restant_officiel,canonise_phase8,site_canonique_phase8,97610880-9044-426a-9abb-a8676516f8f5,usine de transformation des métaux,Messei,61278,,Gare (La),usine de transformation des métaux,fabrication_metaux,metallurgie_travail_metaux,usine,,guerres_entre_deux_guerres | modernisation_apres_guerre,source_non_controlee,-0.519463814611038,48.72211513300463,aucun_rapprochement_requis_a_ce_stade,https://inventaire-patrimoine.normandie.fr/dossier/6ed31cec-86d1-4f1f-907a-11a00a5fb38c
IA00061187,phase8_restant_officiel,canonise_phase8,site_canonique_phase8,944bf2ff-56f0-484b-be75-51ea1a1f3867,"affinerie, moulin à farine",Larchamp,61223,,Moulin de Larchamp (Le),affinerie | moulin à farine,affinage_metaux | mouture_cereales,agroalimentaire | metallurgie_travail_metaux,affinerie | moulin,,revolution_premiere_industrialisation | industrialisation_rail_vapeur,source_non_controlee,-0.6623938406641005,48.68380275457573,rejete_sites_distincts,https://inventaire-patrimoine.normandie.fr/dossier/699c57f0-e01e-41d9-b930-84b8d7fa8b8f
IA00061188,phase8_restant_officiel,canonise_phase8,site_canonique_phase8,c160a3e4-5fde-4683-b1a4-5487b1c43eec,fenderie de fer,Larchamp,61223,,Moulin de Larchamp (Le),fenderie,fabrication_metaux,metallurgie_travail_metaux,usine,,avant_1789,source_non_controlee,-0.6613654462688578,48.683681284313316,rejete_sites_distincts,https://inventaire-patrimoine.normandie.fr/dossier/09e650e5-9c9f-4eb4-b94b-33919a83410b
IA00061189,phase8_restant_officiel,canonise_phase8,site_canonique_phase8,723b1112-9133-44d1-92ef-4865abf36ee0,moulin à farine,Flers,61169,,,moulin à farine,mouture_cereales,agroalimentaire,moulin,,revolution_premiere_industrialisation | industrialisation_rail_vapeur,source_non_controlee,-0.5757580874255858,48.75132220299188,aucun_rapprochement_requis_a_ce_stade,https://inventaire-patrimoine.normandie.fr/dossier/39a27714-3083-43ee-92c0-69995cdaa3a8
IA00061190,phase8_restant_officiel,canonise_phase8,site_canonique_phase8,e86d2f1c-0c5f-4b83-a187-ad29a3ad76b7,filature,Saint-Pierre-du-Regard,61447,,Baronnet (Le),filature,filature_textile,textile_habillement_cuir,filature,,revolution_premiere_industrialisation | industrialisation_rail_vapeur,source_non_controlee,-0.5307188672123279,48.82294780669033,aucun_rapprochement_requis_a_ce_stade,https://inventaire-patrimoine.normandie.fr/dossier/70887682-2e05-4379-8508-48715db32ccd
IA00061192,phase8_restant_officiel,canonise_phase8,site_canonique_phase8,7dd84e16-c830-4b16-9232-61810984cc7d,moulin à farine,Saint-Loyer-des-Champs,61417,,Moulin de Tercey (Le),moulin à farine,mouture_cereales,agroalimentaire,moulin,,revolution_premiere_industrialisation,source_non_controlee,0.05472340969895038,48.70703544416258,aucun_rapprochement_requis_a_ce_stade,https://inventaire-patrimoine.normandie.fr/dossier/b29f7a1a-e314-4639-a3ed-1b832661a43c
IA00061193,phase8_restant_officiel,canonise_phase8,site_canonique_phase8,9c5a2130-97a8-4a4a-81f9-4151821e1254,briqueterie,Saint-Nicolas-des-Laitiers,61434,,Champs Merisiers (Les),briqueterie,fabrication_briques,verre_ceramique_materiaux_construction,briqueterie,,industrialisation_rail_vapeur,source_non_controlee,0.42937730762079207,48.833913913776385,aucun_rapprochement_requis_a_ce_stade,https://inventaire-patrimoine.normandie.fr/dossier/beba1c2b-c9f0-4446-96b0-bc38776f6c30
IA00061194,phase8_restant_officiel,canonise_phase8,site_canonique_phase8,f21ce411-fee0-4c29-9bb0-464481dfdd62,tuilerie Sans Pareil,Sévigny,61472,,Maison Neuve (La),tuilerie,fabrication_tuiles,verre_ceramique_materiaux_construction,tuilerie,,revolution_premiere_industrialisation | industrialisation_rail_vapeur,source_non_controlee,-0.028431054376186093,48.76813809307239,aucun_rapprochement_requis_a_ce_stade,https://inventaire-patrimoine.normandie.fr/dossier/9951dd86-5305-45e0-bdb4-2327005bd36e
IA00061195,phase8_restant_officiel,canonise_phase8,site_canonique_phase8,63b49a6d-39aa-47da-aa3e-14617e033388,moulin à farine,Sevrai,61473,,Udon,moulin à farine,mouture_cereales,agroalimentaire,moulin,,industrialisation_rail_vapeur | modernisation_apres_guerre,source_non_controlee,-0.1307594476499577,48.713282526607664,aucun_rapprochement_requis_a_ce_stade,https://inventaire-patrimoine.normandie.fr/dossier/7ebcc0dc-dce8-474f-81ad-36bb44b1c41d
IA00061196,phase8_restant_officiel,canonise_phase8,site_canonique_phase8,50fa26f9-8e3b-4ab5-8ccc-fa9dd3d98b01,moulin à farine,Ticheville,61485,,Moulin de Ticheville (Le),moulin à farine,mouture_cereales,agroalimentaire,moulin,,industrialisation_rail_vapeur,source_non_controlee,0.2670479287478642,48.90672880868005,aucun_rapprochement_requis_a_ce_stade,https://inventaire-patrimoine.normandie.fr/dossier/163d7741-afdb-4087-9199-5d0f98975646
IA00061198,phase8_restant_officiel,canonise_phase8,site_canonique_phase8,f6b80be9-a39f-415d-b5fb-b93d62bfcec5,usine de confection,Saint-Georges-des-Groseillers,61391,"Pré Neuf (rue du) 6, 8",,usine de confection,confection_habillement,textile_habillement_cuir,usine,,guerres_entre_deux_guerres | modernisation_apres_guerre,source_non_controlee,-0.5698446662486473,48.75464138043166,aucun_rapprochement_requis_a_ce_stade,https://inventaire-patrimoine.normandie.fr/dossier/5e90b6f8-af9a-4a95-bff4-17259c8e51e7
IA00061199,phase8_restant_officiel,canonise_phase8,site_canonique_phase8,e3fb6d6e-7ca3-4924-9a1f-217075079fbf,fromagerie industrielle,Saint-Georges-des-Groseillers,61391,,Fosse (La),fromagerie industrielle,transformation_lait,agroalimentaire,fromagerie,,guerres_entre_deux_guerres | modernisation_apres_guerre,source_non_controlee,-0.5769559637944016,48.7825002575587,aucun_rapprochement_requis_a_ce_stade,https://inventaire-patrimoine.normandie.fr/dossier/d2e40e28-1bce-4663-b0b1-a1d187703ccc
IA00061200,phase8_restant_officiel,canonise_phase8,site_canonique_composant_non_productif,dc323429-58be-4d71-8b66-3b631c6afaaf,cité ouvrière,La Ferrière-aux-Étangs,61163,,Cité de la Haie,cité ouvrière,,,,,industrialisation_rail_vapeur | guerres_entre_deux_guerres,source_non_controlee,-0.5354129937396441,48.64757993448672,relation_site_a_etablir,https://inventaire-patrimoine.normandie.fr/dossier/66d20efd-da21-4629-a916-af31169501dc
IA00061201,phase8_restant_officiel,canonise_phase8,site_canonique_composant_non_productif,b9c1b4c2-b4cd-40f7-b28c-92ebf21eb43d,cité ouvrière,La Ferrière-aux-Étangs,61163,,Gué Plat (Le),cité ouvrière,,,,,industrialisation_rail_vapeur | guerres_entre_deux_guerres | modernisation_apres_guerre,source_non_controlee,-0.5219185854280619,48.646548187005614,relation_site_a_etablir,https://inventaire-patrimoine.normandie.fr/dossier/88db30e7-e1d6-455f-bdb1-1e8df396a1e4
IA00061202,phase8_restant_officiel,canonise_phase8,site_canonique_phase8,ed00e8a0-4ee6-4371-b1e6-1898002eee94,usine d'extraction,La Ferrière-aux-Étangs,61163,,Puits Prâlon (Le),usine d'extraction,extraction_miniere,extraction,usine_extraction,,industrialisation_rail_vapeur | guerres_entre_deux_guerres | modernisation_apres_guerre,source_non_controlee,-0.5071901069858562,48.64918878174989,aucun_rapprochement_requis_a_ce_stade,https://inventaire-patrimoine.normandie.fr/dossier/66d0a00e-32b7-4c86-8bf8-53ff925f1760
IA00062725,phase8_restant_officiel,canonise_phase8,site_canonique_phase8,b79fd080-755a-46af-9dac-d622e28e404d,usine liée au travail du bois,Le Château-d'Almenêches,61101,,Surdon gare,usine liée au travail du bois,travail_bois,bois_papier_imprimerie,usine,,industrialisation_rail_vapeur | guerres_entre_deux_guerres | modernisation_apres_guerre,source_non_controlee,0.1347230595109714,48.66594417588373,aucun_rapprochement_requis_a_ce_stade,https://inventaire-patrimoine.normandie.fr/dossier/49e5b7dc-d567-484c-ae8e-30a071d64f6f
